step_time,vehicle_count,queue_length_N,queue_length_S,queue_length_E,queue_length_W,queue_N,queue_S,queue_E,queue_W,avg_speed,flow_rate,time_of_day,day_of_week,current_phase,density
0.0,4,0,0,0,0,0,0,0,0,13.67574675,0.0011111111111111111,0.0,0,0,0.04
0.5,4,0,0,0,0,0,0,0,0,13.267857179293825,0.0011111111111111111,0.5,0,0,0.04
1.0,4,0,0,0,0,0,0,0,0,13.30128363065964,0.0011111111111111111,1.0,0,0,0.04
1.5,5,0,0,0,0,0,0,0,0,13.07276891877284,0.001388888888888889,1.5,0,0,0.05
2.0,8,0,0,0,0,0,0,0,0,12.244495210917467,0.0022222222222222222,2.0,0,0,0.08
2.5,8,0,0,0,0,0,0,0,0,12.09110212435926,0.0022222222222222222,2.5,0,0,0.08
3.0,8,0,0,0,0,0,0,0,0,12.22260924957818,0.0022222222222222222,3.0,0,0,0.08
3.5,8,0,0,0,0,0,0,0,0,12.244059013961033,0.0022222222222222222,3.5,0,0,0.08
4.0,8,0,0,0,0,0,0,0,0,12.23991462983404,0.0022222222222222222,4.0,0,0,0.08
4.5,8,0,0,0,0,0,0,0,0,12.246907288687453,0.0022222222222222222,4.5,0,0,0.08
5.0,8,0,0,0,0,0,0,0,0,12.208617424538625,0.0022222222222222222,5.0,0,0,0.08
5.5,8,0,0,0,0,0,0,0,0,12.080219370131182,0.0022222222222222222,5.5,0,0,0.08
6.0,8,0,0,0,0,0,0,0,0,12.212938303161446,0.0022222222222222222,6.0,0,0,0.08
6.5,8,0,0,0,0,0,0,0,0,12.153301741270207,0.0022222222222222222,6.5,0,0,0.08
7.0,8,0,0,0,0,0,0,0,0,12.11171580740056,0.0022222222222222222,7.0,0,0,0.08
7.5,8,0,0,0,0,0,0,0,0,12.19854044255344,0.0022222222222222222,7.5,0,0,0.08
8.0,8,0,0,0,0,0,0,0,0,12.118205761507944,0.0022222222222222222,8.0,0,0,0.08
8.5,8,0,0,0,0,0,0,0,0,12.119206606762692,0.0022222222222222222,8.5,0,0,0.08
9.0,8,0,0,0,0,0,0,0,0,12.125195226246525,0.0022222222222222222,9.0,0,0,0.08
9.5,8,0,0,0,0,0,0,0,0,12.17299075076162,0.0022222222222222222,9.5,0,0,0.08
10.0,8,0,0,0,0,0,0,0,0,12.097899132223484,0.0022222222222222222,10.0,0,0,0.08
10.5,8,0,0,0,0,0,0,0,0,12.074379637336916,0.0022222222222222222,10.5,0,0,0.08
11.0,8,0,0,0,0,0,0,0,0,12.063309279078478,0.0022222222222222222,11.0,0,0,0.08
11.5,8,0,0,0,0,0,0,0,0,12.206158902564585,0.0022222222222222222,11.5,0,0,0.08
12.0,8,0,0,0,0,0,0,0,0,12.120388435314908,0.0022222222222222222,12.0,0,0,0.08
12.5,8,0,0,0,0,0,0,0,0,12.181221399501466,0.0022222222222222222,12.5,0,0,0.08
13.0,8,0,0,0,0,0,0,0,0,12.128259372216508,0.0022222222222222222,13.0,0,0,0.08
13.5,8,0,0,0,0,0,0,0,0,12.188662533002299,0.0022222222222222222,13.5,0,0,0.08
14.0,8,0,0,0,0,0,0,0,0,12.207402597126293,0.0022222222222222222,14.0,0,0,0.08
14.5,8,0,0,0,0,0,0,0,0,12.227728827971532,0.0022222222222222222,14.5,0,0,0.08
15.0,8,0,0,0,0,0,0,0,0,12.195103051835122,0.0022222222222222222,15.0,0,0,0.08
15.5,8,0,0,0,0,0,0,0,0,12.187599166898963,0.0022222222222222222,15.5,0,0,0.08
16.0,8,0,0,0,0,0,0,0,0,12.235958346449571,0.0022222222222222222,16.0,0,0,0.08
16.5,8,0,0,0,0,0,0,0,0,12.15756745154804,0.0022222222222222222,16.5,0,0,0.08
17.0,8,0,0,0,0,0,0,0,0,12.199737205541261,0.0022222222222222222,17.0,0,0,0.08
17.5,8,0,0,0,0,0,0,0,0,12.152851622407706,0.0022222222222222222,17.5,0,0,0.08
18.0,8,0,0,0,0,0,0,0,0,12.128676742430343,0.0022222222222222222,18.0,0,0,0.08
18.5,8,0,0,0,0,0,0,0,0,12.200486811425161,0.0022222222222222222,18.5,0,0,0.08
19.0,8,0,0,0,0,0,0,0,0,12.18308293036398,0.0022222222222222222,19.0,0,0,0.08
19.5,8,0,0,0,0,0,0,0,0,12.113695577798445,0.0022222222222222222,19.5,0,0,0.08
20.0,8,0,0,0,0,0,0,0,0,12.113763123320041,0.0022222222222222222,20.0,0,0,0.08
20.5,8,0,0,0,0,0,0,0,0,12.071254980939647,0.0022222222222222222,20.5,0,0,0.08
21.0,8,0,0,0,0,0,0,0,0,12.112196635667443,0.0022222222222222222,21.0,0,0,0.08
21.5,8,0,0,0,0,0,0,0,0,12.154461546092445,0.0022222222222222222,21.5,0,0,0.08
22.0,8,0,0,0,0,0,0,0,0,12.182976249646256,0.0022222222222222222,22.0,0,0,0.08
22.5,8,0,0,0,0,0,0,0,0,12.138053738103281,0.0022222222222222222,22.5,0,0,0.08
23.0,8,0,0,0,0,0,0,0,0,12.122629655161383,0.0022222222222222222,23.0,0,0,0.08
23.5,8,0,0,0,0,0,0,0,0,12.14118179348452,0.0022222222222222222,23.5,0,0,0.08
24.0,8,0,0,0,0,0,0,0,0,12.102570928301521,0.0022222222222222222,24.0,0,0,0.08
24.5,8,0,0,0,0,0,0,0,0,12.204255892569291,0.0022222222222222222,24.5,0,0,0.08
25.0,8,0,0,0,0,0,0,0,0,12.171590479581301,0.0022222222222222222,25.0,0,0,0.08
25.5,8,0,0,0,0,0,0,0,0,12.081523473402285,0.0022222222222222222,25.5,0,0,0.08
26.0,8,0,0,0,0,0,0,0,0,12.06744007271491,0.0022222222222222222,26.0,0,0,0.08
26.5,8,0,0,0,0,0,0,0,0,12.10147432858221,0.0022222222222222222,26.5,0,0,0.08
27.0,8,0,0,0,0,0,0,0,0,12.208794855444378,0.0022222222222222222,27.0,0,0,0.08
27.5,8,0,0,0,0,0,0,0,0,12.196517160299209,0.0022222222222222222,27.5,0,0,0.08
28.0,8,0,0,0,0,0,0,0,0,12.078720593186246,0.0022222222222222222,28.0,0,0,0.08
28.5,8,0,0,0,0,0,0,0,0,12.231315805301803,0.0022222222222222222,28.5,0,0,0.08
29.0,8,0,0,0,0,0,0,0,0,12.205333531604357,0.0022222222222222222,29.0,0,0,0.08
29.5,8,0,0,0,0,0,0,0,0,12.217167869109927,0.0022222222222222222,29.5,0,0,0.08
30.0,8,0,0,0,0,0,0,0,0,12.128473548655256,0.0022222222222222222,30.0,0,0,0.08
30.5,12,0,0,0,0,0,0,0,0,12.370677004753295,0.0033333333333333335,30.5,0,0,0.12
31.0,12,0,0,0,0,0,0,0,0,12.40612379765731,0.0033333333333333335,31.0,0,0,0.12
31.5,12,0,0,0,0,0,0,0,0,12.341465586616652,0.0033333333333333335,31.5,0,0,0.12
32.0,12,0,0,0,0,0,0,0,0,12.273345795276414,0.0033333333333333335,32.0,0,0,0.12
32.5,12,0,0,0,0,0,0,0,0,12.337392623856152,0.0033333333333333335,32.5,0,0,0.12
33.0,12,0,0,0,0,0,0,0,0,12.268942542411692,0.0033333333333333335,33.0,0,0,0.12
33.5,12,0,0,0,0,0,0,0,0,12.2847927513937,0.0033333333333333335,33.5,0,0,0.12
34.0,12,0,0,0,0,0,0,0,0,12.257726508522282,0.0033333333333333335,34.0,0,0,0.12
34.5,12,0,0,0,0,0,0,0,0,12.199399254241508,0.0033333333333333335,34.5,0,0,0.12
35.0,12,0,0,0,0,0,0,0,0,12.089875276635453,0.0033333333333333335,35.0,0,0,0.12
35.5,12,0,0,0,0,0,0,0,0,11.817206298003413,0.0033333333333333335,35.5,0,0,0.12
36.0,12,0,0,0,0,0,0,0,0,11.627649061448151,0.0033333333333333335,36.0,0,0,0.12
36.5,12,0,0,0,0,0,0,0,0,11.426178273151526,0.0033333333333333335,36.5,0,0,0.12
37.0,12,0,0,0,0,0,0,0,0,11.246647448700708,0.0033333333333333335,37.0,0,0,0.12
37.5,12,0,0,0,0,0,0,0,0,10.91219419275514,0.0033333333333333335,37.5,0,0,0.12
38.0,12,0,0,0,1,0,0,0,1,10.76824020638392,0.0033333333333333335,38.0,0,0,0.12
38.5,12,0,0,0,1,0,0,0,1,10.608274932613162,0.0033333333333333335,38.5,0,0,0.12
39.0,12,0,0,0,1,0,0,0,1,10.426645831291184,0.0033333333333333335,39.0,0,0,0.12
39.5,12,0,0,0,1,0,0,0,1,10.270373547042036,0.0033333333333333335,39.5,0,0,0.12
40.0,12,0,0,0,1,0,0,0,1,10.126726674027731,0.0033333333333333335,40.0,0,0,0.12
40.5,12,0,0,1,1,0,0,1,1,10.10140758795319,0.0033333333333333335,40.5,0,0,0.12
41.0,12,0,0,1,1,0,0,1,1,10.064918073550631,0.0033333333333333335,41.0,0,0,0.12
41.5,12,0,0,1,1,0,0,1,1,10.17627620646788,0.0033333333333333335,41.5,0,0,0.12
42.0,12,0,0,1,1,0,0,1,1,10.069367893481637,0.0033333333333333335,42.0,0,1,0.12
42.5,12,0,0,1,1,0,0,1,1,10.136726393482773,0.0033333333333333335,42.5,0,1,0.12
43.0,12,0,0,1,1,0,0,1,1,9.937226856340585,0.0033333333333333335,43.0,0,1,0.12
43.5,12,0,0,1,1,0,0,1,1,9.923580112011779,0.0033333333333333335,43.5,0,1,0.12
44.0,12,0,0,1,1,0,0,1,1,9.932234570099181,0.0033333333333333335,44.0,0,1,0.12
44.5,12,0,0,1,1,0,0,1,1,9.708244829669509,0.0033333333333333335,44.5,0,1,0.12
45.0,12,0,0,0,0,0,0,0,0,9.65627654416699,0.0033333333333333335,45.0,0,2,0.12
45.5,12,0,0,0,0,0,0,0,0,9.514109464564894,0.0033333333333333335,45.5,0,2,0.12
46.0,12,0,0,0,0,0,0,0,0,9.517562838063526,0.0033333333333333335,46.0,0,2,0.12
46.5,12,0,0,0,0,0,0,0,0,9.339672668355705,0.0033333333333333335,46.5,0,2,0.12
47.0,12,0,0,0,0,0,0,0,0,9.290817549975946,0.0033333333333333335,47.0,0,2,0.12
47.5,12,1,1,0,0,1,1,0,0,9.396500450511413,0.0033333333333333335,47.5,0,2,0.12
48.0,12,1,1,0,0,1,1,0,0,9.522744605706665,0.0033333333333333335,48.0,0,2,0.12
48.5,12,1,1,0,0,1,1,0,0,9.779662890998143,0.0033333333333333335,48.5,0,2,0.12
49.0,12,1,1,0,0,1,1,0,0,9.9001337431167,0.0033333333333333335,49.0,0,2,0.12
49.5,12,1,1,0,0,1,1,0,0,9.994916639426105,0.0033333333333333335,49.5,0,2,0.12
50.0,12,1,1,0,0,1,1,0,0,10.215226783969674,0.0033333333333333335,50.0,0,2,0.12
50.5,12,1,1,0,0,1,1,0,0,10.407739294322793,0.0033333333333333335,50.5,0,2,0.12
51.0,12,1,1,0,0,1,1,0,0,10.462536176317702,0.0033333333333333335,51.0,0,2,0.12
51.5,12,1,1,0,0,1,1,0,0,10.484064518867248,0.0033333333333333335,51.5,0,2,0.12
52.0,12,1,1,0,0,1,1,0,0,10.483010284088778,0.0033333333333333335,52.0,0,2,0.12
52.5,12,1,1,0,0,1,1,0,0,10.431688124597532,0.0033333333333333335,52.5,0,2,0.12
53.0,12,1,1,0,0,1,1,0,0,10.464791314758198,0.0033333333333333335,53.0,0,2,0.12
53.5,12,1,1,0,0,1,1,0,0,10.514546805723331,0.0033333333333333335,53.5,0,2,0.12
54.0,12,1,1,0,0,1,1,0,0,10.504137431032056,0.0033333333333333335,54.0,0,2,0.12
54.5,12,1,1,0,0,1,1,0,0,10.454780121282782,0.0033333333333333335,54.5,0,2,0.12
55.0,12,1,1,0,0,1,1,0,0,10.440913894924174,0.0033333333333333335,55.0,0,2,0.12
55.5,12,1,1,0,0,1,1,0,0,10.542731352017837,0.0033333333333333335,55.5,0,2,0.12
56.0,12,1,1,0,0,1,1,0,0,10.460480911652667,0.0033333333333333335,56.0,0,2,0.12
56.5,12,1,1,0,0,1,1,0,0,10.481527078134544,0.0033333333333333335,56.5,0,2,0.12
57.0,12,1,1,0,0,1,1,0,0,10.487301590907071,0.0033333333333333335,57.0,0,2,0.12
57.5,12,1,1,0,0,1,1,0,0,10.467641488575525,0.0033333333333333335,57.5,0,2,0.12
58.0,12,1,1,0,0,1,1,0,0,10.499485012404147,0.0033333333333333335,58.0,0,2,0.12
58.5,12,1,1,0,0,1,1,0,0,10.406824521962275,0.0033333333333333335,58.5,0,2,0.12
59.0,12,1,1,0,0,1,1,0,0,10.534890677023517,0.0033333333333333335,59.0,0,2,0.12
59.5,12,1,1,0,0,1,1,0,0,10.524415912697743,0.0033333333333333335,59.5,0,2,0.12
60.0,12,1,1,0,0,1,1,0,0,10.503923236706093,0.0033333333333333335,60.0,0,2,0.12
60.5,12,1,1,0,0,1,1,0,0,10.427413800962496,0.0033333333333333335,60.5,0,2,0.12
61.0,16,1,1,0,0,1,1,0,0,11.103267783557854,0.0044444444444444444,61.0,0,2,0.16
61.5,16,1,1,0,0,1,1,0,0,11.023688004724422,0.0044444444444444444,61.5,0,2,0.16
62.0,16,1,1,0,0,1,1,0,0,11.110102101930273,0.0044444444444444444,62.0,0,2,0.16
62.5,16,1,1,0,0,1,1,0,0,11.054507335985285,0.0044444444444444444,62.5,0,2,0.16
63.0,16,1,1,0,0,1,1,0,0,11.032203875012524,0.0044444444444444444,63.0,0,2,0.16
63.5,16,1,1,0,0,1,1,0,0,11.030601620506527,0.0044444444444444444,63.5,0,2,0.16
64.0,16,1,1,0,0,1,1,0,0,11.178633856863339,0.0044444444444444444,64.0,0,2,0.16
64.5,16,1,1,0,0,1,1,0,0,11.081287682864527,0.0044444444444444444,64.5,0,2,0.16
65.0,16,1,1,0,0,1,1,0,0,11.065622274504593,0.0044444444444444444,65.0,0,2,0.16
65.5,16,1,1,0,0,1,1,0,0,10.914551100598063,0.0044444444444444444,65.5,0,2,0.16
66.0,16,1,1,0,0,1,1,0,0,10.788260250648918,0.0044444444444444444,66.0,0,2,0.16
66.5,16,1,1,0,0,1,1,0,0,10.58509563296585,0.0044444444444444444,66.5,0,2,0.16
67.0,16,1,1,0,0,1,1,0,0,10.514677376732024,0.0044444444444444444,67.0,0,2,0.16
67.5,16,1,1,0,0,1,1,0,0,10.442923684037309,0.0044444444444444444,67.5,0,2,0.16
68.0,16,1,1,0,0,1,1,0,0,10.250308984163631,0.0044444444444444444,68.0,0,2,0.16
68.5,16,2,1,0,0,2,1,0,0,10.255921039714032,0.0044444444444444444,68.5,0,2,0.16
69.0,16,2,1,0,0,2,1,0,0,10.253699406563552,0.0044444444444444444,69.0,0,2,0.16
69.5,16,2,1,0,0,2,1,0,0,10.180625548665617,0.0044444444444444444,69.5,0,2,0.16
70.0,16,2,1,0,0,2,1,0,0,10.155316172717857,0.0044444444444444444,70.0,0,2,0.16
70.5,16,2,1,0,0,2,1,0,0,9.924986826561144,0.0044444444444444444,70.5,0,2,0.16
71.0,16,2,1,0,0,2,1,0,0,9.89448495920187,0.0044444444444444444,71.0,0,2,0.16
71.5,16,2,1,0,0,2,1,0,0,9.764078790376878,0.0044444444444444444,71.5,0,2,0.16
72.0,16,2,1,0,0,2,1,0,0,9.555995199743313,0.0044444444444444444,72.0,0,2,0.16
72.5,16,2,1,0,0,2,1,0,0,9.554669422619074,0.0044444444444444444,72.5,0,2,0.16
73.0,16,2,2,0,0,2,2,0,0,9.463411334731846,0.0044444444444444444,73.0,0,2,0.16
73.5,14,2,2,0,0,2,2,0,0,8.843035345752085,0.0038888888888888888,73.5,0,2,0.14
74.0,14,2,2,0,0,2,2,0,0,8.941283613177221,0.0038888888888888888,74.0,0,2,0.14
74.5,14,2,2,0,0,2,2,0,0,8.890570494238991,0.0038888888888888888,74.5,0,2,0.14
75.0,14,2,2,0,0,2,2,0,0,8.887825550203749,0.0038888888888888888,75.0,0,2,0.14
75.5,14,2,2,0,0,2,2,0,0,8.869036072622258,0.0038888888888888888,75.5,0,2,0.14
76.0,14,2,2,0,0,2,2,0,0,8.875591055224755,0.0038888888888888888,76.0,0,2,0.14
76.5,14,2,2,0,0,2,2,0,0,8.89155262364401,0.0038888888888888888,76.5,0,2,0.14
77.0,14,2,2,0,0,2,2,0,0,8.898811217428158,0.0038888888888888888,77.0,0,2,0.14
77.5,14,2,2,0,0,2,2,0,0,8.903313091808004,0.0038888888888888888,77.5,0,2,0.14
78.0,14,2,2,0,0,2,2,0,0,8.917238835482298,0.0038888888888888888,78.0,0,2,0.14
78.5,14,2,2,0,0,2,2,0,0,8.9062627220401,0.0038888888888888888,78.5,0,2,0.14
79.0,14,2,2,0,0,2,2,0,0,8.907839590464823,0.0038888888888888888,79.0,0,2,0.14
79.5,14,2,2,0,0,2,2,0,0,8.859256808610205,0.0038888888888888888,79.5,0,2,0.14
80.0,14,2,2,0,0,2,2,0,0,8.846558177022901,0.0038888888888888888,80.0,0,2,0.14
80.5,14,2,2,0,0,2,2,0,0,8.927302572343967,0.0038888888888888888,80.5,0,2,0.14
81.0,14,2,2,0,0,2,2,0,0,8.820818277849986,0.0038888888888888888,81.0,0,2,0.14
81.5,14,2,2,0,0,2,2,0,0,8.913665291746751,0.0038888888888888888,81.5,0,2,0.14
82.0,14,2,2,0,0,2,2,0,0,8.86196393471155,0.0038888888888888888,82.0,0,2,0.14
82.5,14,2,2,0,0,2,2,0,0,8.862704812825895,0.0038888888888888888,82.5,0,2,0.14
83.0,14,2,2,0,0,2,2,0,0,8.88915003058827,0.0038888888888888888,83.0,0,2,0.14
83.5,14,2,2,0,0,2,2,0,0,8.865024070518164,0.0038888888888888888,83.5,0,2,0.14
84.0,14,2,2,0,0,2,2,0,0,8.86666013545467,0.0038888888888888888,84.0,0,2,0.14
84.5,14,2,2,0,0,2,2,0,0,8.910238231847368,0.0038888888888888888,84.5,0,2,0.14
85.0,14,2,2,0,0,2,2,0,0,8.870733289745676,0.0038888888888888888,85.0,0,2,0.14
85.5,13,2,2,0,0,2,2,0,0,8.513113582494352,0.003611111111111111,85.5,0,2,0.13
86.0,13,2,2,0,0,2,2,0,0,8.496496234597,0.003611111111111111,86.0,0,2,0.13
86.5,13,2,2,0,0,2,2,0,0,8.554364675893382,0.003611111111111111,86.5,0,2,0.13
87.0,13,2,2,0,0,2,2,0,0,8.546999459174717,0.003611111111111111,87.0,0,3,0.13
87.5,12,2,2,0,0,2,2,0,0,8.156964573322584,0.0033333333333333335,87.5,0,3,0.12
88.0,12,2,2,0,0,2,2,0,0,8.140918942328682,0.0033333333333333335,88.0,0,3,0.12
88.5,12,2,2,0,0,2,2,0,0,8.238466724094918,0.0033333333333333335,88.5,0,3,0.12
89.0,12,2,2,0,0,2,2,0,0,8.174982538477112,0.0033333333333333335,89.0,0,3,0.12
89.5,12,2,2,0,0,2,2,0,0,8.163915484925639,0.0033333333333333335,89.5,0,3,0.12
90.0,12,0,0,0,0,0,0,0,0,8.431870195325137,0.0033333333333333335,90.0,0,0,0.12
90.5,12,0,0,0,0,0,0,0,0,8.6479200994344,0.0033333333333333335,90.5,0,0,0.12
91.0,16,0,0,0,0,0,0,0,0,10.121788586718152,0.0044444444444444444,91.0,0,0,0.16
91.5,16,0,0,0,0,0,0,0,0,10.20523929904104,0.0044444444444444444,91.5,0,0,0.16
92.0,16,0,0,0,0,0,0,0,0,10.297454131155444,0.0044444444444444444,92.0,0,0,0.16
92.5,14,0,0,0,0,0,0,0,0,10.385738122995305,0.0038888888888888888,92.5,0,0,0.14
93.0,14,0,0,0,0,0,0,0,0,10.618523816321872,0.0038888888888888888,93.0,0,0,0.14
93.5,14,0,0,0,0,0,0,0,0,10.890691363882068,0.0038888888888888888,93.5,0,0,0.14
94.0,14,0,0,0,0,0,0,0,0,11.02823321508632,0.0038888888888888888,94.0,0,0,0.14
94.5,14,0,0,0,0,0,0,0,0,11.220586662825058,0.0038888888888888888,94.5,0,0,0.14
95.0,14,0,0,0,0,0,0,0,0,11.444369102908079,0.0038888888888888888,95.0,0,0,0.14
95.5,14,0,0,0,0,0,0,0,0,11.648171103077036,0.0038888888888888888,95.5,0,0,0.14
96.0,14,0,0,0,0,0,0,0,0,11.854328345498132,0.0038888888888888888,96.0,0,0,0.14
96.5,14,0,0,0,0,0,0,0,0,12.025162300993058,0.0038888888888888888,96.5,0,0,0.14
97.0,14,0,0,0,0,0,0,0,0,12.061456382560708,0.0038888888888888888,97.0,0,0,0.14
97.5,14,0,0,0,0,0,0,0,0,12.169768597380227,0.0038888888888888888,97.5,0,0,0.14
98.0,14,0,0,0,0,0,0,0,0,12.097670813974577,0.0038888888888888888,98.0,0,0,0.14
98.5,14,0,0,0,0,0,0,0,0,11.97564175262919,0.0038888888888888888,98.5,0,0,0.14
99.0,14,0,0,0,0,0,0,0,0,11.945467832294327,0.0038888888888888888,99.0,0,0,0.14
99.5,14,0,0,0,0,0,0,0,0,11.905163957508515,0.0038888888888888888,99.5,0,0,0.14
100.0,14,0,0,0,0,0,0,0,0,11.80649895399257,0.0038888888888888888,100.0,0,0,0.14
100.5,14,0,0,0,0,0,0,0,0,11.806598814277596,0.0038888888888888888,100.5,0,0,0.14
101.0,14,0,0,0,1,0,0,0,1,11.598039257854541,0.0038888888888888888,101.0,0,0,0.14
101.5,14,0,0,0,1,0,0,0,1,11.740838547646252,0.0038888888888888888,101.5,0,0,0.14
102.0,14,0,0,0,1,0,0,0,1,11.621214952209414,0.0038888888888888888,102.0,0,0,0.14
102.5,14,0,0,0,1,0,0,0,1,11.392384621836229,0.0038888888888888888,102.5,0,0,0.14
103.0,14,0,0,0,1,0,0,0,1,11.353318520139085,0.0038888888888888888,103.0,0,0,0.14
103.5,14,0,0,0,1,0,0,0,1,11.173061566745973,0.0038888888888888888,103.5,0,0,0.14
104.0,13,0,0,0,1,0,0,0,1,10.778111955306219,0.003611111111111111,104.0,0,0,0.13
104.5,13,0,0,1,1,0,0,1,1,10.699420930765191,0.003611111111111111,104.5,0,0,0.13
105.0,13,0,0,1,1,0,0,1,1,10.695082024024664,0.003611111111111111,105.0,0,0,0.13
105.5,13,0,0,1,1,0,0,1,1,10.76075262523873,0.003611111111111111,105.5,0,0,0.13
106.0,13,0,0,1,1,0,0,1,1,10.692566904949569,0.003611111111111111,106.0,0,0,0.13
106.5,13,0,0,1,1,0,0,1,1,10.707848584341289,0.003611111111111111,106.5,0,0,0.13
107.0,13,0,0,1,1,0,0,1,1,10.716492938630076,0.003611111111111111,107.0,0,0,0.13
107.5,13,0,0,1,1,0,0,1,1,10.770102112489617,0.003611111111111111,107.5,0,0,0.13
108.0,13,0,0,1,1,0,0,1,1,10.671759624586771,0.003611111111111111,108.0,0,0,0.13
108.5,13,0,0,1,1,0,0,1,1,10.688748964285914,0.003611111111111111,108.5,0,0,0.13
109.0,13,0,0,1,1,0,0,1,1,10.675922081158397,0.003611111111111111,109.0,0,0,0.13
109.5,13,0,0,1,1,0,0,1,1,10.733100571118984,0.003611111111111111,109.5,0,0,0.13
110.0,13,0,0,1,1,0,0,1,1,10.678635236896797,0.003611111111111111,110.0,0,0,0.13
110.5,13,0,0,1,1,0,0,1,1,10.688770419608236,0.003611111111111111,110.5,0,0,0.13
111.0,13,0,0,1,1,0,0,1,1,10.685991979588369,0.003611111111111111,111.0,0,0,0.13
111.5,13,0,0,1,1,0,0,1,1,10.64032217558714,0.003611111111111111,111.5,0,0,0.13
112.0,13,0,0,1,1,0,0,1,1,10.700869275760342,0.003611111111111111,112.0,0,0,0.13
112.5,13,0,0,1,1,0,0,1,1,10.71639188341267,0.003611111111111111,112.5,0,0,0.13
113.0,13,0,0,1,1,0,0,1,1,10.628846744191911,0.003611111111111111,113.0,0,0,0.13
113.5,13,0,0,1,1,0,0,1,1,10.687287217372427,0.003611111111111111,113.5,0,0,0.13
114.0,13,0,0,1,1,0,0,1,1,10.714875893208028,0.003611111111111111,114.0,0,0,0.13
114.5,13,0,0,1,1,0,0,1,1,10.73386645556274,0.003611111111111111,114.5,0,0,0.13
115.0,13,0,0,1,1,0,0,1,1,10.686521343584253,0.003611111111111111,115.0,0,0,0.13
115.5,13,0,0,1,1,0,0,1,1,10.645486817948706,0.003611111111111111,115.5,0,0,0.13
116.0,13,0,0,1,1,0,0,1,1,10.653843603930694,0.003611111111111111,116.0,0,0,0.13
116.5,13,0,0,1,1,0,0,1,1,10.670431917443807,0.003611111111111111,116.5,0,0,0.13
117.0,13,0,0,1,1,0,0,1,1,10.722231532615474,0.003611111111111111,117.0,0,0,0.13
117.5,13,0,0,1,1,0,0,1,1,10.691726369474413,0.003611111111111111,117.5,0,0,0.13
118.0,13,0,0,1,1,0,0,1,1,10.668346187687344,0.003611111111111111,118.0,0,0,0.13
118.5,13,0,0,1,1,0,0,1,1,10.68820320109737,0.003611111111111111,118.5,0,0,0.13
119.0,13,0,0,1,1,0,0,1,1,10.686174152611583,0.003611111111111111,119.0,0,0,0.13
119.5,12,0,0,1,1,0,0,1,1,10.67435860789008,0.0033333333333333335,119.5,0,0,0.12
120.0,12,0,0,1,1,0,0,1,1,10.615775595795863,0.0033333333333333335,120.0,0,0,0.12
120.5,12,0,0,1,1,0,0,1,1,10.686679239100927,0.0033333333333333335,120.5,0,0,0.12
121.0,12,0,0,1,1,0,0,1,1,10.693294832012766,0.0033333333333333335,121.0,0,0,0.12
121.5,16,0,0,1,1,0,0,1,1,10.532091110129606,0.0044444444444444444,121.5,0,0,0.16
122.0,16,0,0,1,1,0,0,1,1,10.55290510875615,0.0044444444444444444,122.0,0,0,0.16
122.5,16,0,0,1,1,0,0,1,1,10.70347647481589,0.0044444444444444444,122.5,0,0,0.16
123.0,16,0,0,1,1,0,0,1,1,10.815911191826801,0.0044444444444444444,123.0,0,0,0.16
123.5,16,0,0,1,1,0,0,1,1,10.98272782817416,0.0044444444444444444,123.5,0,0,0.16
124.0,16,0,0,1,1,0,0,1,1,11.079772310820902,0.0044444444444444444,124.0,0,0,0.16
124.5,16,0,0,1,1,0,0,1,1,11.16483753117742,0.0044444444444444444,124.5,0,0,0.16
125.0,16,0,0,1,1,0,0,1,1,11.04478197775412,0.0044444444444444444,125.0,0,0,0.16
125.5,16,0,0,1,1,0,0,1,1,11.066893997341063,0.0044444444444444444,125.5,0,0,0.16
126.0,16,0,0,1,1,0,0,1,1,10.793064454565716,0.0044444444444444444,126.0,0,0,0.16
126.5,16,0,0,1,1,0,0,1,1,10.550393175739952,0.0044444444444444444,126.5,0,0,0.16
127.0,16,0,0,1,1,0,0,1,1,10.18007095462936,0.0044444444444444444,127.0,0,0,0.16
127.5,16,0,0,1,1,0,0,1,1,9.958238348021863,0.0044444444444444444,127.5,0,0,0.16
128.0,16,0,0,1,1,0,0,1,1,9.6501319519678,0.0044444444444444444,128.0,0,0,0.16
128.5,16,0,0,1,1,0,0,1,1,9.480792441932104,0.0044444444444444444,128.5,0,0,0.16
129.0,16,0,0,2,2,0,0,2,2,9.492646703290054,0.0044444444444444444,129.0,0,0,0.16
129.5,16,0,0,2,2,0,0,2,2,9.49300035625139,0.0044444444444444444,129.5,0,0,0.16
130.0,16,0,0,2,2,0,0,2,2,9.460864447164496,0.0044444444444444444,130.0,0,0,0.16
130.5,15,0,0,2,2,0,0,2,2,9.201238029771428,0.004166666666666667,130.5,0,0,0.15
131.0,15,0,0,2,2,0,0,2,2,9.155971120859753,0.004166666666666667,131.0,0,0,0.15
131.5,15,0,0,2,2,0,0,2,2,9.22378193774643,0.004166666666666667,131.5,0,0,0.15
132.0,15,0,0,2,2,0,0,2,2,9.165362742441902,0.004166666666666667,132.0,0,1,0.15
132.5,15,0,0,2,2,0,0,2,2,9.171544472828916,0.004166666666666667,132.5,0,1,0.15
133.0,15,0,0,2,2,0,0,2,2,9.153822456823296,0.004166666666666667,133.0,0,1,0.15
133.5,15,0,0,2,2,0,0,2,2,9.162456993696535,0.004166666666666667,133.5,0,1,0.15
134.0,15,0,0,2,2,0,0,2,2,9.202869066433772,0.004166666666666667,134.0,0,1,0.15
134.5,13,0,0,2,2,0,0,2,2,8.50118695200325,0.003611111111111111,134.5,0,1,0.13
135.0,13,0,0,0,0,0,0,0,0,8.85872992332517,0.003611111111111111,135.0,0,2,0.13
135.5,12,0,0,0,0,0,0,0,0,8.872134468451781,0.0033333333333333335,135.5,0,2,0.12
136.0,12,0,0,0,0,0,0,0,0,9.165792368706065,0.0033333333333333335,136.0,0,2,0.12
136.5,12,0,0,0,0,0,0,0,0,9.499927236698122,0.0033333333333333335,136.5,0,2,0.12
137.0,12,0,0,0,0,0,0,0,0,9.876059726411807,0.0033333333333333335,137.0,0,2,0.12
137.5,12,0,0,0,0,0,0,0,0,10.088103083776796,0.0033333333333333335,137.5,0,2,0.12
138.0,12,0,0,0,0,0,0,0,0,10.441681270161197,0.0033333333333333335,138.0,0,2,0.12
138.5,12,0,0,0,0,0,0,0,0,10.842001740734888,0.0033333333333333335,138.5,0,2,0.12
139.0,12,0,0,0,0,0,0,0,0,11.12356688047443,0.0033333333333333335,139.0,0,2,0.12
139.5,12,0,0,0,0,0,0,0,0,11.449206365064349,0.0033333333333333335,139.5,0,2,0.12
140.0,12,0,0,0,0,0,0,0,0,11.712229092273185,0.0033333333333333335,140.0,0,2,0.12
140.5,12,0,0,0,0,0,0,0,0,12.023682739439673,0.0033333333333333335,140.5,0,2,0.12
141.0,12,0,0,0,0,0,0,0,0,12.39672877587392,0.0033333333333333335,141.0,0,2,0.12
141.5,11,0,0,0,0,0,0,0,0,12.688402876946856,0.0030555555555555557,141.5,0,2,0.11
142.0,11,0,0,0,0,0,0,0,0,12.726287722230023,0.0030555555555555557,142.0,0,2,0.11
142.5,10,0,0,0,0,0,0,0,0,12.851940667325328,0.002777777777777778,142.5,0,2,0.1
143.0,10,0,0,0,0,0,0,0,0,12.817335437273073,0.002777777777777778,143.0,0,2,0.1
143.5,10,0,0,0,0,0,0,0,0,12.862186390544455,0.002777777777777778,143.5,0,2,0.1
144.0,10,0,0,0,0,0,0,0,0,12.817892339660252,0.002777777777777778,144.0,0,2,0.1
144.5,10,0,0,0,0,0,0,0,0,12.855380018507063,0.002777777777777778,144.5,0,2,0.1
145.0,10,0,0,0,0,0,0,0,0,12.890578013543205,0.002777777777777778,145.0,0,2,0.1
145.5,10,0,0,0,0,0,0,0,0,12.8324584050569,0.002777777777777778,145.5,0,2,0.1
146.0,10,0,0,0,0,0,0,0,0,12.848110253068082,0.002777777777777778,146.0,0,2,0.1
146.5,10,0,0,0,0,0,0,0,0,12.829062715229743,0.002777777777777778,146.5,0,2,0.1
147.0,10,0,0,0,0,0,0,0,0,12.83430912746459,0.002777777777777778,147.0,0,2,0.1
147.5,10,0,0,0,0,0,0,0,0,12.734012761996059,0.002777777777777778,147.5,0,2,0.1
148.0,10,0,0,0,0,0,0,0,0,12.871530580280748,0.002777777777777778,148.0,0,2,0.1
148.5,10,0,0,0,0,0,0,0,0,12.74367229177377,0.002777777777777778,148.5,0,2,0.1
149.0,10,0,0,0,0,0,0,0,0,12.760092191641384,0.002777777777777778,149.0,0,2,0.1
149.5,10,0,0,0,0,0,0,0,0,12.691825809788359,0.002777777777777778,149.5,0,2,0.1
150.0,10,0,0,0,0,0,0,0,0,12.735559626416002,0.002777777777777778,150.0,0,2,0.1
150.5,10,0,0,0,0,0,0,0,0,12.86054984849056,0.002777777777777778,150.5,0,2,0.1
151.0,10,0,0,0,0,0,0,0,0,12.808674297481707,0.002777777777777778,151.0,0,2,0.1
151.5,14,0,0,0,0,0,0,0,0,13.047911322514596,0.0038888888888888888,151.5,0,2,0.14
152.0,14,0,0,0,0,0,0,0,0,12.92378696991224,0.0038888888888888888,152.0,0,2,0.14
152.5,14,0,0,0,0,0,0,0,0,12.891765176934191,0.0038888888888888888,152.5,0,2,0.14
153.0,14,0,0,0,0,0,0,0,0,13.00720427029161,0.0038888888888888888,153.0,0,2,0.14
153.5,14,0,0,0,0,0,0,0,0,12.904044858649241,0.0038888888888888888,153.5,0,2,0.14
154.0,14,0,0,0,0,0,0,0,0,12.847050996229784,0.0038888888888888888,154.0,0,2,0.14
154.5,14,0,0,0,0,0,0,0,0,12.85823933512548,0.0038888888888888888,154.5,0,2,0.14
155.0,14,0,0,0,0,0,0,0,0,12.941851870453121,0.0038888888888888888,155.0,0,2,0.14
155.5,14,0,0,0,0,0,0,0,0,12.834891552771875,0.0038888888888888888,155.5,0,2,0.14
156.0,14,0,0,0,0,0,0,0,0,12.864377089530958,0.0038888888888888888,156.0,0,2,0.14
156.5,14,0,0,0,0,0,0,0,0,12.678141087772202,0.0038888888888888888,156.5,0,2,0.14
157.0,14,0,0,0,0,0,0,0,0,12.628679030330497,0.0038888888888888888,157.0,0,2,0.14
157.5,14,0,0,0,0,0,0,0,0,12.390401992300868,0.0038888888888888888,157.5,0,2,0.14
158.0,14,0,0,0,0,0,0,0,0,12.260909878335992,0.0038888888888888888,158.0,0,2,0.14
158.5,14,0,0,0,0,0,0,0,0,12.03156769790815,0.0038888888888888888,158.5,0,2,0.14
159.0,14,0,0,0,0,0,0,0,0,11.65852021332533,0.0038888888888888888,159.0,0,2,0.14
159.5,14,0,1,0,0,0,1,0,0,11.553777614140342,0.0038888888888888888,159.5,0,2,0.14
160.0,14,0,1,0,0,0,1,0,0,11.345143604799274,0.0038888888888888888,160.0,0,2,0.14
160.5,14,0,1,0,0,0,1,0,0,11.321703165704381,0.0038888888888888888,160.5,0,2,0.14
161.0,14,0,1,0,0,0,1,0,0,11.019830043214016,0.0038888888888888888,161.0,0,2,0.14
161.5,14,0,1,0,0,0,1,0,0,11.041935595598284,0.0038888888888888888,161.5,0,2,0.14
162.0,14,1,1,0,0,1,1,0,0,11.078475920274062,0.0038888888888888888,162.0,0,2,0.14
162.5,14,1,1,0,0,1,1,0,0,11.051940205812391,0.0038888888888888888,162.5,0,2,0.14
163.0,14,1,1,0,0,1,1,0,0,11.042391574371297,0.0038888888888888888,163.0,0,2,0.14
163.5,14,1,1,0,0,1,1,0,0,11.033390373230048,0.0038888888888888888,163.5,0,2,0.14
164.0,14,1,1,0,0,1,1,0,0,11.004996614712624,0.0038888888888888888,164.0,0,2,0.14
164.5,14,1,1,0,0,1,1,0,0,11.06589069446848,0.0038888888888888888,164.5,0,2,0.14
165.0,13,1,1,0,0,1,1,0,0,10.919854306008286,0.003611111111111111,165.0,0,2,0.13
165.5,13,1,1,0,0,1,1,0,0,10.851044477904297,0.003611111111111111,165.5,0,2,0.13
166.0,13,1,1,0,0,1,1,0,0,10.841611457776828,0.003611111111111111,166.0,0,2,0.13
166.5,13,1,1,0,0,1,1,0,0,10.871331980333283,0.003611111111111111,166.5,0,2,0.13
167.0,13,1,1,0,0,1,1,0,0,10.779883284922771,0.003611111111111111,167.0,0,2,0.13
167.5,13,1,1,0,0,1,1,0,0,10.86767404705527,0.003611111111111111,167.5,0,2,0.13
168.0,13,1,1,0,0,1,1,0,0,10.833123873905361,0.003611111111111111,168.0,0,2,0.13
168.5,13,1,1,0,0,1,1,0,0,10.813501162335825,0.003611111111111111,168.5,0,2,0.13
169.0,13,1,1,0,0,1,1,0,0,10.911160993701863,0.003611111111111111,169.0,0,2,0.13
169.5,13,1,1,0,0,1,1,0,0,10.799942817152562,0.003611111111111111,169.5,0,2,0.13
170.0,13,1,1,0,0,1,1,0,0,10.90502092481832,0.003611111111111111,170.0,0,2,0.13
170.5,12,1,1,0,0,1,1,0,0,10.620624451449999,0.0033333333333333335,170.5,0,2,0.12
171.0,12,1,1,0,0,1,1,0,0,10.716360819142004,0.0033333333333333335,171.0,0,2,0.12
171.5,12,1,1,0,0,1,1,0,0,10.757583537902647,0.0033333333333333335,171.5,0,2,0.12
172.0,12,1,1,0,0,1,1,0,0,10.727323863457578,0.0033333333333333335,172.0,0,2,0.12
172.5,12,1,1,0,0,1,1,0,0,10.687165075749277,0.0033333333333333335,172.5,0,2,0.12
173.0,12,1,1,0,0,1,1,0,0,10.678490357639541,0.0033333333333333335,173.0,0,2,0.12
173.5,12,1,1,0,0,1,1,0,0,10.642421431113966,0.0033333333333333335,173.5,0,2,0.12
174.0,12,1,1,0,0,1,1,0,0,10.73490963601911,0.0033333333333333335,174.0,0,2,0.12
174.5,12,1,1,0,0,1,1,0,0,10.662254064316864,0.0033333333333333335,174.5,0,2,0.12
175.0,11,1,1,0,0,1,1,0,0,10.4691114669733,0.0030555555555555557,175.0,0,2,0.11
175.5,10,1,1,0,0,1,1,0,0,10.075177734072275,0.002777777777777778,175.5,0,2,0.1
176.0,10,1,1,0,0,1,1,0,0,10.10401953728702,0.002777777777777778,176.0,0,2,0.1
176.5,10,1,1,0,0,1,1,0,0,10.168239272208375,0.002777777777777778,176.5,0,2,0.1
177.0,10,1,1,0,0,1,1,0,0,10.175056410673495,0.002777777777777778,177.0,0,3,0.1
177.5,10,1,1,0,0,1,1,0,0,10.12853576698755,0.002777777777777778,177.5,0,3,0.1
178.0,10,1,1,0,0,1,1,0,0,10.109929745079206,0.002777777777777778,178.0,0,3,0.1
178.5,9,1,1,0,0,1,1,0,0,9.89482196083943,0.0025,178.5,0,3,0.09
179.0,9,1,1,0,0,1,1,0,0,9.855313066925582,0.0025,179.0,0,3,0.09
179.5,9,1,1,0,0,1,1,0,0,9.827456010042006,0.0025,179.5,0,3,0.09
180.0,9,0,0,0,0,0,0,0,0,10.112876472318998,0.0025,180.0,0,0,0.09
180.5,9,0,0,0,0,0,0,0,0,10.227199267448226,0.0025,180.5,0,0,0.09
181.0,9,0,0,0,0,0,0,0,0,10.506121358607523,0.0025,181.0,0,0,0.09
181.5,9,0,0,0,0,0,0,0,0,10.664988940463651,0.0025,181.5,0,0,0.09
182.0,12,0,0,0,0,0,0,0,0,11.325286440605845,0.0033333333333333335,182.0,0,0,0.12
182.5,12,0,0,0,0,0,0,0,0,11.367347027651698,0.0033333333333333335,182.5,0,0,0.12
183.0,12,0,0,0,0,0,0,0,0,11.657285159608238,0.0033333333333333335,183.0,0,0,0.12
183.5,12,0,0,0,0,0,0,0,0,11.747654117294823,0.0033333333333333335,183.5,0,0,0.12
184.0,12,0,0,0,0,0,0,0,0,11.860349804189411,0.0033333333333333335,184.0,0,0,0.12
184.5,12,0,0,0,0,0,0,0,0,12.002700913487201,0.0033333333333333335,184.5,0,0,0.12
185.0,12,0,0,0,0,0,0,0,0,12.222855530952069,0.0033333333333333335,185.0,0,0,0.12
185.5,12,0,0,0,0,0,0,0,0,12.334602799370616,0.0033333333333333335,185.5,0,0,0.12
186.0,12,0,0,0,0,0,0,0,0,12.387318165331306,0.0033333333333333335,186.0,0,0,0.12
186.5,12,0,0,0,0,0,0,0,0,12.054038307446866,0.0033333333333333335,186.5,0,0,0.12
187.0,12,0,0,0,0,0,0,0,0,11.794871541268876,0.0033333333333333335,187.0,0,0,0.12
187.5,12,0,0,0,0,0,0,0,0,11.374630359223639,0.0033333333333333335,187.5,0,0,0.12
188.0,12,0,0,0,0,0,0,0,0,11.094831021971208,0.0033333333333333335,188.0,0,0,0.12
188.5,12,0,0,0,0,0,0,0,0,10.597662913413197,0.0033333333333333335,188.5,0,0,0.12
189.0,12,0,0,0,0,0,0,0,0,10.372337495465546,0.0033333333333333335,189.0,0,0,0.12
189.5,12,0,0,1,1,0,0,1,1,10.374740392107888,0.0033333333333333335,189.5,0,0,0.12
190.0,12,0,0,1,1,0,0,1,1,10.365520949254092,0.0033333333333333335,190.0,0,0,0.12
190.5,12,0,0,1,1,0,0,1,1,10.405886102376666,0.0033333333333333335,190.5,0,0,0.12
191.0,12,0,0,1,1,0,0,1,1,10.300936635234885,0.0033333333333333335,191.0,0,0,0.12
191.5,12,0,0,1,1,0,0,1,1,10.351045186834723,0.0033333333333333335,191.5,0,0,0.12
192.0,12,0,0,1,1,0,0,1,1,10.31441483534198,0.0033333333333333335,192.0,0,0,0.12
192.5,12,0,0,1,1,0,0,1,1,10.360434711638222,0.0033333333333333335,192.5,0,0,0.12
193.0,12,0,0,1,1,0,0,1,1,10.348138564264369,0.0033333333333333335,193.0,0,0,0.12
193.5,12,0,0,1,1,0,0,1,1,10.390628502961329,0.0033333333333333335,193.5,0,0,0.12
194.0,12,0,0,1,1,0,0,1,1,10.336010415777414,0.0033333333333333335,194.0,0,0,0.12
194.5,12,0,0,1,1,0,0,1,1,10.382801530349191,0.0033333333333333335,194.5,0,0,0.12
195.0,12,0,0,1,1,0,0,1,1,10.381666152465472,0.0033333333333333335,195.0,0,0,0.12
195.5,12,0,0,1,1,0,0,1,1,10.325392730114055,0.0033333333333333335,195.5,0,0,0.12
196.0,12,0,0,1,1,0,0,1,1,10.348476779130138,0.0033333333333333335,196.0,0,0,0.12
196.5,12,0,0,1,1,0,0,1,1,10.317155631216442,0.0033333333333333335,196.5,0,0,0.12
197.0,12,0,0,1,1,0,0,1,1,10.346730475265499,0.0033333333333333335,197.0,0,0,0.12
197.5,12,0,0,1,1,0,0,1,1,10.458486936625603,0.0033333333333333335,197.5,0,0,0.12
198.0,12,0,0,1,1,0,0,1,1,10.407234238149291,0.0033333333333333335,198.0,0,0,0.12
198.5,12,0,0,1,1,0,0,1,1,10.329549093209833,0.0033333333333333335,198.5,0,0,0.12
199.0,12,0,0,1,1,0,0,1,1,10.331261503011577,0.0033333333333333335,199.0,0,0,0.12
199.5,12,0,0,1,1,0,0,1,1,10.323214663248942,0.0033333333333333335,199.5,0,0,0.12
200.0,12,0,0,1,1,0,0,1,1,10.477852043956757,0.0033333333333333335,200.0,0,0,0.12
200.5,11,0,0,1,1,0,0,1,1,10.130757010624631,0.0030555555555555557,200.5,0,0,0.11
201.0,11,0,0,1,1,0,0,1,1,10.15956806214443,0.0030555555555555557,201.0,0,0,0.11
201.5,11,0,0,1,1,0,0,1,1,10.185596141364355,0.0030555555555555557,201.5,0,0,0.11
202.0,11,0,0,1,1,0,0,1,1,10.156917232693273,0.0030555555555555557,202.0,0,0,0.11
202.5,11,0,0,1,1,0,0,1,1,10.142238998914955,0.0030555555555555557,202.5,0,0,0.11
203.0,11,0,0,1,1,0,0,1,1,10.126269285264652,0.0030555555555555557,203.0,0,0,0.11
203.5,11,0,0,1,1,0,0,1,1,10.073657805081258,0.0030555555555555557,203.5,0,0,0.11
204.0,11,0,0,1,1,0,0,1,1,10.133754329241784,0.0030555555555555557,204.0,0,0,0.11
204.5,11,0,0,1,1,0,0,1,1,10.140755949245822,0.0030555555555555557,204.5,0,0,0.11
205.0,11,0,0,1,1,0,0,1,1,10.208312872228099,0.0030555555555555557,205.0,0,0,0.11
205.5,11,0,0,1,1,0,0,1,1,10.155703874858618,0.0030555555555555557,205.5,0,0,0.11
206.0,10,0,0,1,1,0,0,1,1,9.922889751722797,0.002777777777777778,206.0,0,0,0.1
206.5,10,0,0,1,1,0,0,1,1,9.980129675851895,0.002777777777777778,206.5,0,0,0.1
207.0,10,0,0,1,1,0,0,1,1,9.970589247245336,0.002777777777777778,207.0,0,0,0.1
207.5,10,0,0,1,1,0,0,1,1,9.94371452758507,0.002777777777777778,207.5,0,0,0.1
208.0,10,0,0,1,1,0,0,1,1,9.991143121975004,0.002777777777777778,208.0,0,0,0.1
208.5,10,0,0,1,1,0,0,1,1,10.067690944158931,0.002777777777777778,208.5,0,0,0.1
209.0,10,0,0,1,1,0,0,1,1,9.95713896498386,0.002777777777777778,209.0,0,0,0.1
209.5,10,0,0,1,1,0,0,1,1,10.06350638194661,0.002777777777777778,209.5,0,0,0.1
210.0,10,0,0,1,1,0,0,1,1,9.99485230958275,0.002777777777777778,210.0,0,0,0.1
210.5,10,0,0,1,1,0,0,1,1,9.895302520594088,0.002777777777777778,210.5,0,0,0.1
211.0,10,0,0,1,1,0,0,1,1,9.969700113617112,0.002777777777777778,211.0,0,0,0.1
211.5,10,0,0,1,1,0,0,1,1,10.051292709720547,0.002777777777777778,211.5,0,0,0.1
212.0,14,0,0,1,1,0,0,1,1,11.008302485897152,0.0038888888888888888,212.0,0,0,0.14
212.5,14,0,0,1,1,0,0,1,1,10.915190176457113,0.0038888888888888888,212.5,0,0,0.14
213.0,14,0,0,1,1,0,0,1,1,11.008692180630632,0.0038888888888888888,213.0,0,0,0.14
213.5,14,0,0,1,1,0,0,1,1,10.89136735344992,0.0038888888888888888,213.5,0,0,0.14
214.0,14,0,0,1,1,0,0,1,1,10.930506789233647,0.0038888888888888888,214.0,0,0,0.14
214.5,14,0,0,1,1,0,0,1,1,11.0091008790528,0.0038888888888888888,214.5,0,0,0.14
215.0,14,0,0,1,1,0,0,1,1,10.883554744431963,0.0038888888888888888,215.0,0,0,0.14
215.5,14,0,0,1,1,0,0,1,1,10.906536299068462,0.0038888888888888888,215.5,0,0,0.14
216.0,14,0,0,1,1,0,0,1,1,10.958723114344469,0.0038888888888888888,216.0,0,0,0.14
216.5,14,0,0,1,1,0,0,1,1,10.899631740922057,0.0038888888888888888,216.5,0,0,0.14
217.0,14,0,0,1,1,0,0,1,1,10.979454174000052,0.0038888888888888888,217.0,0,0,0.14
217.5,14,0,0,1,1,0,0,1,1,10.938936973175279,0.0038888888888888888,217.5,0,0,0.14
218.0,14,0,0,1,1,0,0,1,1,10.931144215036067,0.0038888888888888888,218.0,0,0,0.14
218.5,14,0,0,1,1,0,0,1,1,10.920913286969512,0.0038888888888888888,218.5,0,0,0.14
219.0,14,0,0,1,1,0,0,1,1,10.973643019587582,0.0038888888888888888,219.0,0,0,0.14
219.5,14,0,0,1,1,0,0,1,1,10.878646537687375,0.0038888888888888888,219.5,0,0,0.14
220.0,14,0,0,1,1,0,0,1,1,10.933377705020543,0.0038888888888888888,220.0,0,0,0.14
220.5,13,0,0,1,1,0,0,1,1,10.706856185900135,0.003611111111111111,220.5,0,0,0.13
221.0,13,0,0,1,1,0,0,1,1,10.575867439050837,0.003611111111111111,221.0,0,0,0.13
221.5,13,0,0,1,1,0,0,1,1,10.763748367411232,0.003611111111111111,221.5,0,0,0.13
222.0,13,0,0,1,1,0,0,1,1,10.70485445878568,0.003611111111111111,222.0,0,1,0.13
222.5,13,0,0,1,1,0,0,1,1,10.439321965937639,0.003611111111111111,222.5,0,1,0.13
223.0,12,0,0,1,1,0,0,1,1,10.122423002985878,0.0033333333333333335,223.0,0,1,0.12
223.5,12,0,0,1,1,0,0,1,1,9.926137688068417,0.0033333333333333335,223.5,0,1,0.12
224.0,12,0,0,1,1,0,0,1,1,9.732693566645082,0.0033333333333333335,224.0,0,1,0.12
224.5,12,0,0,1,1,0,0,1,1,9.632054863737563,0.0033333333333333335,224.5,0,1,0.12
225.0,12,0,0,0,0,0,0,0,0,9.97100244244128,0.0033333333333333335,225.0,0,2,0.12
225.5,12,0,0,0,0,0,0,0,0,10.094435096269219,0.0033333333333333335,225.5,0,2,0.12
226.0,12,0,0,0,0,0,0,0,0,10.398891450410416,0.0033333333333333335,226.0,0,2,0.12
226.5,12,0,0,0,0,0,0,0,0,10.67122077772706,0.0033333333333333335,226.5,0,2,0.12
227.0,11,0,0,0,0,0,0,0,0,10.57448540924703,0.0030555555555555557,227.0,0,2,0.11
227.5,11,0,0,0,0,0,0,0,0,10.860104680392531,0.0030555555555555557,227.5,0,2,0.11
228.0,11,0,0,0,0,0,0,0,0,11.17039036358679,0.0030555555555555557,228.0,0,2,0.11
228.5,11,0,0,0,0,0,0,0,0,11.362938730696955,0.0030555555555555557,228.5,0,2,0.11
229.0,11,0,0,0,0,0,0,0,0,11.610652496938696,0.0030555555555555557,229.0,0,2,0.11
229.5,11,0,0,0,0,0,0,0,0,11.96709555031577,0.0030555555555555557,229.5,0,2,0.11
230.0,11,0,0,0,0,0,0,0,0,12.337156204989286,0.0030555555555555557,230.0,0,2,0.11
230.5,11,0,0,0,0,0,0,0,0,12.483639252381431,0.0030555555555555557,230.5,0,2,0.11
231.0,11,0,0,0,0,0,0,0,0,12.744777913628473,0.0030555555555555557,231.0,0,2,0.11
231.5,11,0,0,0,0,0,0,0,0,12.796357972154834,0.0030555555555555557,231.5,0,2,0.11
232.0,11,0,0,0,0,0,0,0,0,12.824220783108986,0.0030555555555555557,232.0,0,2,0.11
232.5,11,0,0,0,0,0,0,0,0,12.790093956455985,0.0030555555555555557,232.5,0,2,0.11
233.0,11,0,0,0,0,0,0,0,0,12.754753391417223,0.0030555555555555557,233.0,0,2,0.11
233.5,11,0,0,0,0,0,0,0,0,12.804394293673903,0.0030555555555555557,233.5,0,2,0.11
234.0,11,0,0,0,0,0,0,0,0,12.670601910908381,0.0030555555555555557,234.0,0,2,0.11
234.5,10,0,0,0,0,0,0,0,0,12.806886948415027,0.002777777777777778,234.5,0,2,0.1
235.0,10,0,0,0,0,0,0,0,0,12.754717157599929,0.002777777777777778,235.0,0,2,0.1
235.5,10,0,0,0,0,0,0,0,0,12.898793941449089,0.002777777777777778,235.5,0,2,0.1
236.0,10,0,0,0,0,0,0,0,0,12.906512863849468,0.002777777777777778,236.0,0,2,0.1
236.5,10,0,0,0,0,0,0,0,0,12.798086006815257,0.002777777777777778,236.5,0,2,0.1
237.0,10,0,0,0,0,0,0,0,0,12.858569419002572,0.002777777777777778,237.0,0,2,0.1
237.5,10,0,0,0,0,0,0,0,0,12.989773402421681,0.002777777777777778,237.5,0,2,0.1
238.0,10,0,0,0,0,0,0,0,0,12.818328372507068,0.002777777777777778,238.0,0,2,0.1
238.5,10,0,0,0,0,0,0,0,0,12.796465834156091,0.002777777777777778,238.5,0,2,0.1
239.0,10,0,0,0,0,0,0,0,0,12.80430650320993,0.002777777777777778,239.0,0,2,0.1
239.5,10,0,0,0,0,0,0,0,0,12.786040745347686,0.002777777777777778,239.5,0,2,0.1
240.0,10,0,0,0,0,0,0,0,0,12.734110564775014,0.002777777777777778,240.0,0,2,0.1
240.5,10,0,0,0,0,0,0,0,0,12.925861498569551,0.002777777777777778,240.5,0,2,0.1
241.0,10,0,0,0,0,0,0,0,0,12.8803637337421,0.002777777777777778,241.0,0,2,0.1
241.5,10,0,0,0,0,0,0,0,0,12.843885265564726,0.002777777777777778,241.5,0,2,0.1
242.0,10,0,0,0,0,0,0,0,0,12.880093259206452,0.002777777777777778,242.0,0,2,0.1
242.5,14,0,0,0,0,0,0,0,0,13.13026592490708,0.0038888888888888888,242.5,0,2,0.14
243.0,14,0,0,0,0,0,0,0,0,13.088316887397124,0.0038888888888888888,243.0,0,2,0.14
243.5,14,0,0,0,0,0,0,0,0,13.037503145765218,0.0038888888888888888,243.5,0,2,0.14
244.0,14,0,0,0,0,0,0,0,0,13.094064944381698,0.0038888888888888888,244.0,0,2,0.14
244.5,14,0,0,0,0,0,0,0,0,13.085662394352463,0.0038888888888888888,244.5,0,2,0.14
245.0,14,0,0,0,0,0,0,0,0,13.140032896013201,0.0038888888888888888,245.0,0,2,0.14
245.5,14,0,0,0,0,0,0,0,0,13.103676963646967,0.0038888888888888888,245.5,0,2,0.14
246.0,14,0,0,0,0,0,0,0,0,13.084472946414726,0.0038888888888888888,246.0,0,2,0.14
246.5,14,0,0,0,0,0,0,0,0,12.881608454424168,0.0038888888888888888,246.5,0,2,0.14
247.0,14,0,0,0,0,0,0,0,0,12.637753698021154,0.0038888888888888888,247.0,0,2,0.14
247.5,14,0,0,0,0,0,0,0,0,12.23672086477878,0.0038888888888888888,247.5,0,2,0.14
248.0,14,0,0,0,0,0,0,0,0,12.009434503815186,0.0038888888888888888,248.0,0,2,0.14
248.5,14,0,0,0,0,0,0,0,0,11.69523345526591,0.0038888888888888888,248.5,0,2,0.14
249.0,14,0,0,0,0,0,0,0,0,11.402242855049042,0.0038888888888888888,249.0,0,2,0.14
249.5,14,1,0,0,0,1,0,0,0,11.223556646335409,0.0038888888888888888,249.5,0,2,0.14
250.0,14,1,1,0,0,1,1,0,0,11.155955193410282,0.0038888888888888888,250.0,0,2,0.14
250.5,14,1,1,0,0,1,1,0,0,11.069627696814175,0.0038888888888888888,250.5,0,2,0.14
251.0,14,1,1,0,0,1,1,0,0,11.099111873240673,0.0038888888888888888,251.0,0,2,0.14
251.5,14,1,1,0,0,1,1,0,0,11.071071680171917,0.0038888888888888888,251.5,0,2,0.14
252.0,14,1,1,0,0,1,1,0,0,11.116882458033876,0.0038888888888888888,252.0,0,2,0.14
252.5,14,1,1,0,0,1,1,0,0,11.10604565704611,0.0038888888888888888,252.5,0,2,0.14
253.0,14,1,1,0,0,1,1,0,0,11.112179950160577,0.0038888888888888888,253.0,0,2,0.14
253.5,14,1,1,0,0,1,1,0,0,11.121866564904042,0.0038888888888888888,253.5,0,2,0.14
254.0,14,1,1,0,0,1,1,0,0,11.12644759658129,0.0038888888888888888,254.0,0,2,0.14
254.5,14,1,1,0,0,1,1,0,0,11.034218972729159,0.0038888888888888888,254.5,0,2,0.14
255.0,14,1,1,0,0,1,1,0,0,11.093672037303287,0.0038888888888888888,255.0,0,2,0.14
255.5,14,1,1,0,0,1,1,0,0,11.1726423645266,0.0038888888888888888,255.5,0,2,0.14
256.0,14,1,1,0,0,1,1,0,0,11.166044383965735,0.0038888888888888888,256.0,0,2,0.14
256.5,14,1,1,0,0,1,1,0,0,11.125561392297172,0.0038888888888888888,256.5,0,2,0.14
257.0,14,1,1,0,0,1,1,0,0,11.144956638650573,0.0038888888888888888,257.0,0,2,0.14
257.5,14,1,1,0,0,1,1,0,0,11.150482313634996,0.0038888888888888888,257.5,0,2,0.14
258.0,14,1,1,0,0,1,1,0,0,11.189431873049424,0.0038888888888888888,258.0,0,2,0.14
258.5,14,1,1,0,0,1,1,0,0,11.080976237553608,0.0038888888888888888,258.5,0,2,0.14
259.0,14,1,1,0,0,1,1,0,0,11.121934329373962,0.0038888888888888888,259.0,0,2,0.14
259.5,13,1,1,0,0,1,1,0,0,10.999155493394293,0.003611111111111111,259.5,0,2,0.13
260.0,13,1,1,0,0,1,1,0,0,10.946283461350767,0.003611111111111111,260.0,0,2,0.13
260.5,13,1,1,0,0,1,1,0,0,10.992648503113825,0.003611111111111111,260.5,0,2,0.13
261.0,13,1,1,0,0,1,1,0,0,10.981445558508211,0.003611111111111111,261.0,0,2,0.13
261.5,13,1,1,0,0,1,1,0,0,10.878945682662826,0.003611111111111111,261.5,0,2,0.13
262.0,13,1,1,0,0,1,1,0,0,10.981644203641272,0.003611111111111111,262.0,0,2,0.13
262.5,12,1,1,0,0,1,1,0,0,10.864169510402817,0.0033333333333333335,262.5,0,2,0.12
263.0,12,1,1,0,0,1,1,0,0,10.808502344552645,0.0033333333333333335,263.0,0,2,0.12
263.5,12,1,1,0,0,1,1,0,0,10.807463822980743,0.0033333333333333335,263.5,0,2,0.12
264.0,12,1,1,0,0,1,1,0,0,10.871371332267207,0.0033333333333333335,264.0,0,2,0.12
264.5,12,1,1,0,0,1,1,0,0,10.895677010649335,0.0033333333333333335,264.5,0,2,0.12
265.0,12,1,1,0,0,1,1,0,0,10.890848951646383,0.0033333333333333335,265.0,0,2,0.12
265.5,10,1,1,0,0,1,1,0,0,10.3415907958356,0.002777777777777778,265.5,0,2,0.1
266.0,10,1,1,0,0,1,1,0,0,10.312212203520703,0.002777777777777778,266.0,0,2,0.1
266.5,10,1,1,0,0,1,1,0,0,10.362903797467826,0.002777777777777778,266.5,0,2,0.1
267.0,10,1,1,0,0,1,1,0,0,10.302306981905948,0.002777777777777778,267.0,0,3,0.1
267.5,10,1,1,0,0,1,1,0,0,10.399714677449902,0.002777777777777778,267.5,0,3,0.1
268.0,10,1,1,0,0,1,1,0,0,10.257002261465768,0.002777777777777778,268.0,0,3,0.1
268.5,10,1,1,0,0,1,1,0,0,10.288574221961555,0.002777777777777778,268.5,0,3,0.1
269.0,10,1,1,0,0,1,1,0,0,10.275052979121337,0.002777777777777778,269.0,0,3,0.1
269.5,10,1,1,0,0,1,1,0,0,10.42459350789397,0.002777777777777778,269.5,0,3,0.1
270.0,10,0,0,0,0,0,0,0,0,10.65111651750829,0.002777777777777778,270.0,0,0,0.1
270.5,9,0,0,0,0,0,0,0,0,10.615842354871695,0.0025,270.5,0,0,0.09
271.0,9,0,0,0,0,0,0,0,0,10.797171270341302,0.0025,271.0,0,0,0.09
271.5,8,0,0,0,0,0,0,0,0,11.121814342664818,0.0022222222222222222,271.5,0,0,0.08
272.0,8,0,0,0,0,0,0,0,0,11.180023915627185,0.0022222222222222222,272.0,0,0,0.08
272.5,12,0,0,0,0,0,0,0,0,12.104194230025437,0.0033333333333333335,272.5,0,0,0.12
273.0,12,0,0,0,0,0,0,0,0,12.235237388943851,0.0033333333333333335,273.0,0,0,0.12
273.5,12,0,0,0,0,0,0,0,0,12.44915009943115,0.0033333333333333335,273.5,0,0,0.12
274.0,12,0,0,0,0,0,0,0,0,12.598591912915644,0.0033333333333333335,274.0,0,0,0.12
274.5,12,0,0,0,0,0,0,0,0,12.753432590541069,0.0033333333333333335,274.5,0,0,0.12
275.0,12,0,0,0,0,0,0,0,0,12.994193714615022,0.0033333333333333335,275.0,0,0,0.12
275.5,12,0,0,0,0,0,0,0,0,13.063808920704433,0.0033333333333333335,275.5,0,0,0.12
276.0,12,0,0,0,0,0,0,0,0,13.217173802335912,0.0033333333333333335,276.0,0,0,0.12
276.5,12,0,0,0,0,0,0,0,0,13.414404614223514,0.0033333333333333335,276.5,0,0,0.12
277.0,12,0,0,0,0,0,0,0,0,13.270902172152361,0.0033333333333333335,277.0,0,0,0.12
277.5,12,0,0,0,0,0,0,0,0,12.877923920811872,0.0033333333333333335,277.5,0,0,0.12
278.0,12,0,0,0,0,0,0,0,0,12.455449308768296,0.0033333333333333335,278.0,0,0,0.12
278.5,12,0,0,0,0,0,0,0,0,12.137741818930918,0.0033333333333333335,278.5,0,0,0.12
279.0,12,0,0,0,0,0,0,0,0,11.775377185954092,0.0033333333333333335,279.0,0,0,0.12
279.5,12,0,0,0,0,0,0,0,0,11.47416467808997,0.0033333333333333335,279.5,0,0,0.12
280.0,12,0,0,0,1,0,0,0,1,11.053682050427566,0.0033333333333333335,280.0,0,0,0.12
280.5,12,0,0,1,1,0,0,1,1,11.066802937506601,0.0033333333333333335,280.5,0,0,0.12
281.0,12,0,0,1,1,0,0,1,1,11.021392290549779,0.0033333333333333335,281.0,0,0,0.12
281.5,12,0,0,1,1,0,0,1,1,11.077066397659905,0.0033333333333333335,281.5,0,0,0.12
282.0,12,0,0,1,1,0,0,1,1,11.027314587878216,0.0033333333333333335,282.0,0,0,0.12
282.5,12,0,0,1,1,0,0,1,1,11.081592708764711,0.0033333333333333335,282.5,0,0,0.12
283.0,12,0,0,1,1,0,0,1,1,11.100063638300595,0.0033333333333333335,283.0,0,0,0.12
283.5,12,0,0,1,1,0,0,1,1,11.106685173026206,0.0033333333333333335,283.5,0,0,0.12
284.0,12,0,0,1,1,0,0,1,1,11.082007596935492,0.0033333333333333335,284.0,0,0,0.12
284.5,12,0,0,1,1,0,0,1,1,11.060225614981762,0.0033333333333333335,284.5,0,0,0.12
285.0,12,0,0,1,1,0,0,1,1,11.023739865858571,0.0033333333333333335,285.0,0,0,0.12
285.5,11,0,0,1,1,0,0,1,1,10.745566566951993,0.0030555555555555557,285.5,0,0,0.11
286.0,11,0,0,1,1,0,0,1,1,10.80869877537581,0.0030555555555555557,286.0,0,0,0.11
286.5,11,0,0,1,1,0,0,1,1,10.827615553242195,0.0030555555555555557,286.5,0,0,0.11
287.0,11,0,0,1,1,0,0,1,1,10.789778033435427,0.0030555555555555557,287.0,0,0,0.11
287.5,11,0,0,1,1,0,0,1,1,10.857311722424514,0.0030555555555555557,287.5,0,0,0.11
288.0,11,0,0,1,1,0,0,1,1,10.872435131776948,0.0030555555555555557,288.0,0,0,0.11
288.5,11,0,0,1,1,0,0,1,1,10.864196558517826,0.0030555555555555557,288.5,0,0,0.11
289.0,11,0,0,1,1,0,0,1,1,10.89658613489005,0.0030555555555555557,289.0,0,0,0.11
289.5,11,0,0,1,1,0,0,1,1,10.849655349951574,0.0030555555555555557,289.5,0,0,0.11
290.0,11,0,0,1,1,0,0,1,1,10.86622559857254,0.0030555555555555557,290.0,0,0,0.11
290.5,11,0,0,1,1,0,0,1,1,10.924788321621289,0.0030555555555555557,290.5,0,0,0.11
291.0,11,0,0,1,1,0,0,1,1,10.82312588378338,0.0030555555555555557,291.0,0,0,0.11
291.5,10,0,0,1,1,0,0,1,1,10.662195355057362,0.002777777777777778,291.5,0,0,0.1
292.0,10,0,0,1,1,0,0,1,1,10.708817970324187,0.002777777777777778,292.0,0,0,0.1
292.5,10,0,0,1,1,0,0,1,1,10.717256770708941,0.002777777777777778,292.5,0,0,0.1
293.0,10,0,0,1,1,0,0,1,1,10.68068660830834,0.002777777777777778,293.0,0,0,0.1
293.5,10,0,0,1,1,0,0,1,1,10.701177106541461,0.002777777777777778,293.5,0,0,0.1
294.0,10,0,0,1,1,0,0,1,1,10.73935157270275,0.002777777777777778,294.0,0,0,0.1
294.5,10,0,0,1,1,0,0,1,1,10.74325345330161,0.002777777777777778,294.5,0,0,0.1
295.0,10,0,0,1,1,0,0,1,1,10.717561698533705,0.002777777777777778,295.0,0,0,0.1
295.5,10,0,0,1,1,0,0,1,1,10.587630582032606,0.002777777777777778,295.5,0,0,0.1
296.0,10,0,0,1,1,0,0,1,1,10.678032018393157,0.002777777777777778,296.0,0,0,0.1
296.5,10,0,0,1,1,0,0,1,1,10.648134560573258,0.002777777777777778,296.5,0,0,0.1
297.0,10,0,0,1,1,0,0,1,1,10.685175076452893,0.002777777777777778,297.0,0,0,0.1
297.5,10,0,0,1,1,0,0,1,1,10.674633622623393,0.002777777777777778,297.5,0,0,0.1
298.0,10,0,0,1,1,0,0,1,1,10.709092061989818,0.002777777777777778,298.0,0,0,0.1
298.5,10,0,0,1,1,0,0,1,1,10.618355044131047,0.002777777777777778,298.5,0,0,0.1
299.0,10,0,0,1,1,0,0,1,1,10.699555954788691,0.002777777777777778,299.0,0,0,0.1
299.5,10,0,0,1,1,0,0,1,1,10.643060826489116,0.002777777777777778,299.5,0,0,0.1
300.0,10,0,0,1,1,0,0,1,1,10.610649903727342,0.002777777777777778,300.0,0,0,0.1
300.5,10,0,0,1,1,0,0,1,1,10.767043600519997,0.002777777777777778,300.5,0,0,0.1
301.0,10,0,0,1,1,0,0,1,1,10.624538432477154,0.002777777777777778,301.0,0,0,0.1
301.5,10,0,0,1,1,0,0,1,1,10.638618565281964,0.002777777777777778,301.5,0,0,0.1
302.0,10,0,0,1,1,0,0,1,1,10.617152008932196,0.002777777777777778,302.0,0,0,0.1
302.5,10,0,0,1,1,0,0,1,1,10.70088324463099,0.002777777777777778,302.5,0,0,0.1
303.0,14,0,0,1,1,0,0,1,1,11.05635891986412,0.0038888888888888888,303.0,0,0,0.14
303.5,14,0,0,1,1,0,0,1,1,11.12031785626912,0.0038888888888888888,303.5,0,0,0.14
304.0,14,0,0,1,1,0,0,1,1,11.16107585115175,0.0038888888888888888,304.0,0,0,0.14
304.5,14,0,0,1,1,0,0,1,1,11.248337265473422,0.0038888888888888888,304.5,0,0,0.14
305.0,14,0,0,1,1,0,0,1,1,11.343368016287483,0.0038888888888888888,305.0,0,0,0.14
305.5,14,0,0,1,1,0,0,1,1,11.292662870116592,0.0038888888888888888,305.5,0,0,0.14
306.0,14,0,0,1,1,0,0,1,1,11.343962814248941,0.0038888888888888888,306.0,0,0,0.14
306.5,14,0,0,1,1,0,0,1,1,11.494021283225605,0.0038888888888888888,306.5,0,0,0.14
307.0,14,0,0,1,1,0,0,1,1,11.524375425831748,0.0038888888888888888,307.0,0,0,0.14
307.5,14,0,0,1,1,0,0,1,1,11.309868107235435,0.0038888888888888888,307.5,0,0,0.14
308.0,14,0,0,1,1,0,0,1,1,11.036679675566434,0.0038888888888888888,308.0,0,0,0.14
308.5,14,0,0,1,1,0,0,1,1,10.697432273126577,0.0038888888888888888,308.5,0,0,0.14
309.0,14,0,0,1,1,0,0,1,1,10.425991636569549,0.0038888888888888888,309.0,0,0,0.14
309.5,14,0,0,1,1,0,0,1,1,10.195011631824313,0.0038888888888888888,309.5,0,0,0.14
310.0,14,0,0,1,1,0,0,1,1,9.943190074271582,0.0038888888888888888,310.0,0,0,0.14
310.5,12,0,0,1,1,0,0,1,1,9.0336001956598,0.0033333333333333335,310.5,0,0,0.12
311.0,12,0,0,2,1,0,0,2,1,8.987765315604848,0.0033333333333333335,311.0,0,0,0.12
311.5,12,0,0,2,2,0,0,2,2,8.881461384823206,0.0033333333333333335,311.5,0,0,0.12
312.0,12,0,0,2,2,0,0,2,2,8.917244998032158,0.0033333333333333335,312.0,0,1,0.12
312.5,12,0,0,2,2,0,0,2,2,8.879755363814333,0.0033333333333333335,312.5,0,1,0.12
313.0,12,0,0,2,2,0,0,2,2,8.8212693060255,0.0033333333333333335,313.0,0,1,0.12
313.5,12,0,0,2,2,0,0,2,2,8.880889030321029,0.0033333333333333335,313.5,0,1,0.12
314.0,12,0,0,2,2,0,0,2,2,8.785682011715013,0.0033333333333333335,314.0,0,1,0.12
314.5,12,0,0,2,2,0,0,2,2,8.87124547847212,0.0033333333333333335,314.5,0,1,0.12
315.0,12,0,0,0,0,0,0,0,0,9.245531000966876,0.0033333333333333335,315.0,0,2,0.12
315.5,12,0,0,0,0,0,0,0,0,9.63761313135642,0.0033333333333333335,315.5,0,2,0.12
316.0,11,0,0,0,0,0,0,0,0,9.619657371515359,0.0030555555555555557,316.0,0,2,0.11
316.5,10,0,0,0,0,0,0,0,0,9.679575183111876,0.002777777777777778,316.5,0,2,0.1
317.0,10,0,0,0,0,0,0,0,0,10.025197320771104,0.002777777777777778,317.0,0,2,0.1
317.5,10,0,0,0,0,0,0,0,0,10.514029521487819,0.002777777777777778,317.5,0,2,0.1
318.0,10,0,0,0,0,0,0,0,0,10.886370039011519,0.002777777777777778,318.0,0,2,0.1
318.5,10,0,0,0,0,0,0,0,0,11.35977438243891,0.002777777777777778,318.5,0,2,0.1
319.0,10,0,0,0,0,0,0,0,0,11.666207399812695,0.002777777777777778,319.0,0,2,0.1
319.5,10,0,0,0,0,0,0,0,0,12.026675652241968,0.002777777777777778,319.5,0,2,0.1
320.0,10,0,0,0,0,0,0,0,0,12.452116937259845,0.002777777777777778,320.0,0,2,0.1
320.5,10,0,0,0,0,0,0,0,0,12.657980216999707,0.002777777777777778,320.5,0,2,0.1
321.0,10,0,0,0,0,0,0,0,0,13.068080204517747,0.002777777777777778,321.0,0,2,0.1
321.5,10,0,0,0,0,0,0,0,0,13.357053280893538,0.002777777777777778,321.5,0,2,0.1
322.0,10,0,0,0,0,0,0,0,0,13.375315736200951,0.002777777777777778,322.0,0,2,0.1
322.5,10,0,0,0,0,0,0,0,0,13.380998405167427,0.002777777777777778,322.5,0,2,0.1
323.0,10,0,0,0,0,0,0,0,0,13.426859079017827,0.002777777777777778,323.0,0,2,0.1
323.5,10,0,0,0,0,0,0,0,0,13.278256332635006,0.002777777777777778,323.5,0,2,0.1
324.0,10,0,0,0,0,0,0,0,0,13.458122770073183,0.002777777777777778,324.0,0,2,0.1
324.5,10,0,0,0,0,0,0,0,0,13.23045215803018,0.002777777777777778,324.5,0,2,0.1
325.0,10,0,0,0,0,0,0,0,0,13.370685638682275,0.002777777777777778,325.0,0,2,0.1
325.5,10,0,0,0,0,0,0,0,0,13.375991762021382,0.002777777777777778,325.5,0,2,0.1
326.0,10,0,0,0,0,0,0,0,0,13.344723909602559,0.002777777777777778,326.0,0,2,0.1
326.5,10,0,0,0,0,0,0,0,0,13.319674262170972,0.002777777777777778,326.5,0,2,0.1
327.0,10,0,0,0,0,0,0,0,0,13.425444698303997,0.002777777777777778,327.0,0,2,0.1
327.5,10,0,0,0,0,0,0,0,0,13.304490196661153,0.002777777777777778,327.5,0,2,0.1
328.0,10,0,0,0,0,0,0,0,0,13.307075088868675,0.002777777777777778,328.0,0,2,0.1
328.5,10,0,0,0,0,0,0,0,0,13.331010740565194,0.002777777777777778,328.5,0,2,0.1
329.0,10,0,0,0,0,0,0,0,0,13.268776087631064,0.002777777777777778,329.0,0,2,0.1
329.5,10,0,0,0,0,0,0,0,0,13.341926542203234,0.002777777777777778,329.5,0,2,0.1
330.0,10,0,0,0,0,0,0,0,0,13.367924191933648,0.002777777777777778,330.0,0,2,0.1
330.5,10,0,0,0,0,0,0,0,0,13.249848747012962,0.002777777777777778,330.5,0,2,0.1
331.0,10,0,0,0,0,0,0,0,0,13.324843675515671,0.002777777777777778,331.0,0,2,0.1
331.5,10,0,0,0,0,0,0,0,0,13.257368634432146,0.002777777777777778,331.5,0,2,0.1
332.0,10,0,0,0,0,0,0,0,0,13.365607783884565,0.002777777777777778,332.0,0,2,0.1
332.5,10,0,0,0,0,0,0,0,0,13.398299445494137,0.002777777777777778,332.5,0,2,0.1
333.0,14,0,0,0,0,0,0,0,0,13.400700936328573,0.0038888888888888888,333.0,0,2,0.14
333.5,14,0,0,0,0,0,0,0,0,13.269080688404108,0.0038888888888888888,333.5,0,2,0.14
334.0,14,0,0,0,0,0,0,0,0,13.315361064325412,0.0038888888888888888,334.0,0,2,0.14
334.5,14,0,0,0,0,0,0,0,0,13.2848572749076,0.0038888888888888888,334.5,0,2,0.14
335.0,14,0,0,0,0,0,0,0,0,13.38294287051093,0.0038888888888888888,335.0,0,2,0.14
335.5,14,0,0,0,0,0,0,0,0,13.241585325455219,0.0038888888888888888,335.5,0,2,0.14
336.0,14,0,0,0,0,0,0,0,0,13.313991871080052,0.0038888888888888888,336.0,0,2,0.14
336.5,14,0,0,0,0,0,0,0,0,13.329040680422938,0.0038888888888888888,336.5,0,2,0.14
337.0,14,0,0,0,0,0,0,0,0,13.334905096757684,0.0038888888888888888,337.0,0,2,0.14
337.5,14,0,0,0,0,0,0,0,0,13.094719795085355,0.0038888888888888888,337.5,0,2,0.14
338.0,14,0,0,0,0,0,0,0,0,12.869986955507121,0.0038888888888888888,338.0,0,2,0.14
338.5,14,0,0,0,0,0,0,0,0,12.599985829748178,0.0038888888888888888,338.5,0,2,0.14
339.0,14,0,0,0,0,0,0,0,0,12.280624163742774,0.0038888888888888888,339.0,0,2,0.14
339.5,14,0,0,0,0,0,0,0,0,11.873928237281024,0.0038888888888888888,339.5,0,2,0.14
340.0,14,0,0,0,0,0,0,0,0,11.689445082187277,0.0038888888888888888,340.0,0,2,0.14
340.5,14,0,1,0,0,0,1,0,0,11.408113614604535,0.0038888888888888888,340.5,0,2,0.14
341.0,14,1,1,0,0,1,1,0,0,11.323059895058167,0.0038888888888888888,341.0,0,2,0.14
341.5,14,1,1,0,0,1,1,0,0,11.353530603269396,0.0038888888888888888,341.5,0,2,0.14
342.0,14,1,1,0,0,1,1,0,0,11.444357274891013,0.0038888888888888888,342.0,0,2,0.14
342.5,14,1,1,0,0,1,1,0,0,11.344766653390314,0.0038888888888888888,342.5,0,2,0.14
343.0,14,1,1,0,0,1,1,0,0,11.404110849988006,0.0038888888888888888,343.0,0,2,0.14
343.5,14,1,1,0,0,1,1,0,0,11.28483233270155,0.0038888888888888888,343.5,0,2,0.14
344.0,14,1,1,0,0,1,1,0,0,11.342173649380673,0.0038888888888888888,344.0,0,2,0.14
344.5,14,1,1,0,0,1,1,0,0,11.395166085687922,0.0038888888888888888,344.5,0,2,0.14
345.0,14,1,1,0,0,1,1,0,0,11.430728225275299,0.0038888888888888888,345.0,0,2,0.14
345.5,14,1,1,0,0,1,1,0,0,11.295072836585236,0.0038888888888888888,345.5,0,2,0.14
346.0,13,1,1,0,0,1,1,0,0,11.182442011841099,0.003611111111111111,346.0,0,2,0.13
346.5,13,1,1,0,0,1,1,0,0,11.147312384139271,0.003611111111111111,346.5,0,2,0.13
347.0,13,1,1,0,0,1,1,0,0,11.229526361619113,0.003611111111111111,347.0,0,2,0.13
347.5,13,1,1,0,0,1,1,0,0,11.318852660112071,0.003611111111111111,347.5,0,2,0.13
348.0,13,1,1,0,0,1,1,0,0,11.169983737013293,0.003611111111111111,348.0,0,2,0.13
348.5,13,1,1,0,0,1,1,0,0,11.217833541502236,0.003611111111111111,348.5,0,2,0.13
349.0,13,1,1,0,0,1,1,0,0,11.121578203659494,0.003611111111111111,349.0,0,2,0.13
349.5,13,1,1,0,0,1,1,0,0,11.194676398130591,0.003611111111111111,349.5,0,2,0.13
350.0,13,1,1,0,0,1,1,0,0,11.139796195499125,0.003611111111111111,350.0,0,2,0.13
350.5,13,1,1,0,0,1,1,0,0,11.134436496050087,0.003611111111111111,350.5,0,2,0.13
351.0,13,1,1,0,0,1,1,0,0,11.1709057460362,0.003611111111111111,351.0,0,2,0.13
351.5,13,1,1,0,0,1,1,0,0,11.266087465564246,0.003611111111111111,351.5,0,2,0.13
352.0,13,1,1,0,0,1,1,0,0,11.12153038860391,0.003611111111111111,352.0,0,2,0.13
352.5,13,1,1,0,0,1,1,0,0,11.226515930267972,0.003611111111111111,352.5,0,2,0.13
353.0,13,1,1,0,0,1,1,0,0,11.144981719733673,0.003611111111111111,353.0,0,2,0.13
353.5,13,1,1,0,0,1,1,0,0,11.25917732734791,0.003611111111111111,353.5,0,2,0.13
354.0,12,1,1,0,0,1,1,0,0,11.130228278672838,0.0033333333333333335,354.0,0,2,0.12
354.5,12,1,1,0,0,1,1,0,0,11.102291496105233,0.0033333333333333335,354.5,0,2,0.12
355.0,12,1,1,0,0,1,1,0,0,11.073785301761054,0.0033333333333333335,355.0,0,2,0.12
355.5,9,1,1,0,0,1,1,0,0,10.283053165965264,0.0025,355.5,0,2,0.09
356.0,9,1,1,0,0,1,1,0,0,10.297362105957145,0.0025,356.0,0,2,0.09
356.5,8,1,1,0,0,1,1,0,0,9.900279323032919,0.0022222222222222222,356.5,0,2,0.08
357.0,8,1,1,0,0,1,1,0,0,9.89493478729946,0.0022222222222222222,357.0,0,3,0.08
357.5,8,1,1,0,0,1,1,0,0,9.897066834804171,0.0022222222222222222,357.5,0,3,0.08
358.0,8,1,1,0,0,1,1,0,0,9.968016242446353,0.0022222222222222222,358.0,0,3,0.08
358.5,8,1,1,0,0,1,1,0,0,9.834450253993598,0.0022222222222222222,358.5,0,3,0.08
359.0,8,1,1,0,0,1,1,0,0,9.943479368471344,0.0022222222222222222,359.0,0,3,0.08
359.5,8,1,1,0,0,1,1,0,0,10.046312128460885,0.0022222222222222222,359.5,0,3,0.08
360.0,8,0,0,0,0,0,0,0,0,10.208987783776138,0.0022222222222222222,360.0,0,0,0.08
360.5,8,0,0,0,0,0,0,0,0,10.451936465026172,0.0022222222222222222,360.5,0,0,0.08
361.0,8,0,0,0,0,0,0,0,0,10.758792924904498,0.0022222222222222222,361.0,0,0,0.08
361.5,8,0,0,0,0,0,0,0,0,10.821855472540715,0.0022222222222222222,361.5,0,0,0.08
362.0,8,0,0,0,0,0,0,0,0,11.147870451145224,0.0022222222222222222,362.0,0,0,0.08
362.5,8,0,0,0,0,0,0,0,0,11.417732964226394,0.0022222222222222222,362.5,0,0,0.08
363.0,8,0,0,0,0,0,0,0,0,11.677737297822256,0.0022222222222222222,363.0,0,0,0.08
363.5,12,0,0,0,0,0,0,0,0,12.054912065305095,0.0033333333333333335,363.5,0,0,0.12
364.0,12,0,0,0,0,0,0,0,0,12.162081598361342,0.0033333333333333335,364.0,0,0,0.12
364.5,12,0,0,0,0,0,0,0,0,12.26110607913568,0.0033333333333333335,364.5,0,0,0.12
365.0,12,0,0,0,0,0,0,0,0,12.47443117373515,0.0033333333333333335,365.0,0,0,0.12
365.5,12,0,0,0,0,0,0,0,0,12.726696252735458,0.0033333333333333335,365.5,0,0,0.12
366.0,12,0,0,0,0,0,0,0,0,12.990293105975809,0.0033333333333333335,366.0,0,0,0.12
366.5,12,0,0,0,0,0,0,0,0,12.871548286545005,0.0033333333333333335,366.5,0,0,0.12
367.0,12,0,0,0,0,0,0,0,0,12.910870801948432,0.0033333333333333335,367.0,0,0,0.12
367.5,12,0,0,0,0,0,0,0,0,12.770504816240111,0.0033333333333333335,367.5,0,0,0.12
368.0,12,0,0,0,0,0,0,0,0,12.503330744011349,0.0033333333333333335,368.0,0,0,0.12
368.5,12,0,0,0,0,0,0,0,0,12.06328655342108,0.0033333333333333335,368.5,0,0,0.12
369.0,12,0,0,0,0,0,0,0,0,11.762155630907271,0.0033333333333333335,369.0,0,0,0.12
369.5,12,0,0,0,0,0,0,0,0,11.379111356406696,0.0033333333333333335,369.5,0,0,0.12
370.0,12,0,0,0,0,0,0,0,0,11.033574390347495,0.0033333333333333335,370.0,0,0,0.12
370.5,12,0,0,0,0,0,0,0,0,10.603274373370597,0.0033333333333333335,370.5,0,0,0.12
371.0,12,0,0,1,1,0,0,1,1,10.69880573863351,0.0033333333333333335,371.0,0,0,0.12
371.5,12,0,0,1,1,0,0,1,1,10.691624258960076,0.0033333333333333335,371.5,0,0,0.12
372.0,12,0,0,1,1,0,0,1,1,10.484818338152866,0.0033333333333333335,372.0,0,0,0.12
372.5,12,0,0,1,1,0,0,1,1,10.654577688828223,0.0033333333333333335,372.5,0,0,0.12
373.0,12,0,0,1,1,0,0,1,1,10.615094929511885,0.0033333333333333335,373.0,0,0,0.12
373.5,12,0,0,1,1,0,0,1,1,10.704349315097934,0.0033333333333333335,373.5,0,0,0.12
374.0,12,0,0,1,1,0,0,1,1,10.572466315235316,0.0033333333333333335,374.0,0,0,0.12
374.5,12,0,0,1,1,0,0,1,1,10.671556930759449,0.0033333333333333335,374.5,0,0,0.12
375.0,12,0,0,1,1,0,0,1,1,10.626620645415922,0.0033333333333333335,375.0,0,0,0.12
375.5,12,0,0,1,1,0,0,1,1,10.685719126895954,0.0033333333333333335,375.5,0,0,0.12
376.0,12,0,0,1,1,0,0,1,1,10.75706892660853,0.0033333333333333335,376.0,0,0,0.12
376.5,11,0,0,1,1,0,0,1,1,10.366072302385266,0.0030555555555555557,376.5,0,0,0.11
377.0,11,0,0,1,1,0,0,1,1,10.402719368608405,0.0030555555555555557,377.0,0,0,0.11
377.5,11,0,0,1,1,0,0,1,1,10.372792807803016,0.0030555555555555557,377.5,0,0,0.11
378.0,11,0,0,1,1,0,0,1,1,10.517653442034025,0.0030555555555555557,378.0,0,0,0.11
378.5,11,0,0,1,1,0,0,1,1,10.299690438979043,0.0030555555555555557,378.5,0,0,0.11
379.0,11,0,0,1,1,0,0,1,1,10.445702880893528,0.0030555555555555557,379.0,0,0,0.11
379.5,11,0,0,1,1,0,0,1,1,10.352113346170837,0.0030555555555555557,379.5,0,0,0.11
380.0,11,0,0,1,1,0,0,1,1,10.436636268606318,0.0030555555555555557,380.0,0,0,0.11
380.5,10,0,0,1,1,0,0,1,1,10.146751248799156,0.002777777777777778,380.5,0,0,0.1
381.0,10,0,0,1,1,0,0,1,1,10.196268197659993,0.002777777777777778,381.0,0,0,0.1
381.5,10,0,0,1,1,0,0,1,1,10.142962425460464,0.002777777777777778,381.5,0,0,0.1
382.0,10,0,0,1,1,0,0,1,1,10.146679188887248,0.002777777777777778,382.0,0,0,0.1
382.5,10,0,0,1,1,0,0,1,1,10.130302666067038,0.002777777777777778,382.5,0,0,0.1
383.0,10,0,0,1,1,0,0,1,1,10.157327446460151,0.002777777777777778,383.0,0,0,0.1
383.5,10,0,0,1,1,0,0,1,1,10.155860456630945,0.002777777777777778,383.5,0,0,0.1
384.0,10,0,0,1,1,0,0,1,1,10.093320153012066,0.002777777777777778,384.0,0,0,0.1
384.5,10,0,0,1,1,0,0,1,1,10.06544453505765,0.002777777777777778,384.5,0,0,0.1
385.0,10,0,0,1,1,0,0,1,1,9.966105645343088,0.002777777777777778,385.0,0,0,0.1
385.5,10,0,0,1,1,0,0,1,1,10.11353364145838,0.002777777777777778,385.5,0,0,0.1
386.0,10,0,0,1,1,0,0,1,1,10.125172734053233,0.002777777777777778,386.0,0,0,0.1
386.5,10,0,0,1,1,0,0,1,1,10.134577242553824,0.002777777777777778,386.5,0,0,0.1
387.0,10,0,0,1,1,0,0,1,1,10.242432046228679,0.002777777777777778,387.0,0,0,0.1
387.5,10,0,0,1,1,0,0,1,1,10.10258317041782,0.002777777777777778,387.5,0,0,0.1
388.0,10,0,0,1,1,0,0,1,1,10.109205618991876,0.002777777777777778,388.0,0,0,0.1
388.5,10,0,0,1,1,0,0,1,1,10.087885267158162,0.002777777777777778,388.5,0,0,0.1
389.0,10,0,0,1,1,0,0,1,1,10.125883187253386,0.002777777777777778,389.0,0,0,0.1
389.5,10,0,0,1,1,0,0,1,1,10.157152450584,0.002777777777777778,389.5,0,0,0.1
390.0,10,0,0,1,1,0,0,1,1,10.106599697845414,0.002777777777777778,390.0,0,0,0.1
390.5,10,0,0,1,1,0,0,1,1,10.153270410512233,0.002777777777777778,390.5,0,0,0.1
391.0,10,0,0,1,1,0,0,1,1,10.198625731000103,0.002777777777777778,391.0,0,0,0.1
391.5,10,0,0,1,1,0,0,1,1,10.095344487927978,0.002777777777777778,391.5,0,0,0.1
392.0,10,0,0,1,1,0,0,1,1,10.128816017666725,0.002777777777777778,392.0,0,0,0.1
392.5,10,0,0,1,1,0,0,1,1,10.139590035185575,0.002777777777777778,392.5,0,0,0.1
393.0,10,0,0,1,1,0,0,1,1,10.112683987617384,0.002777777777777778,393.0,0,0,0.1
393.5,14,0,0,1,1,0,0,1,1,11.170945448805169,0.0038888888888888888,393.5,0,0,0.14
394.0,14,0,0,1,1,0,0,1,1,11.14013076959593,0.0038888888888888888,394.0,0,0,0.14
394.5,14,0,0,1,1,0,0,1,1,11.098794511879257,0.0038888888888888888,394.5,0,0,0.14
395.0,14,0,0,1,1,0,0,1,1,11.048367473909492,0.0038888888888888888,395.0,0,0,0.14
395.5,14,0,0,1,1,0,0,1,1,11.120852862032223,0.0038888888888888888,395.5,0,0,0.14
396.0,14,0,0,1,1,0,0,1,1,11.0328303270905,0.0038888888888888888,396.0,0,0,0.14
396.5,14,0,0,1,1,0,0,1,1,11.169055920466606,0.0038888888888888888,396.5,0,0,0.14
397.0,14,0,0,1,1,0,0,1,1,11.15125756089259,0.0038888888888888888,397.0,0,0,0.14
397.5,14,0,0,1,1,0,0,1,1,11.12264271728245,0.0038888888888888888,397.5,0,0,0.14
398.0,14,0,0,1,1,0,0,1,1,11.094069520428803,0.0038888888888888888,398.0,0,0,0.14
398.5,14,0,0,1,1,0,0,1,1,11.056923350139483,0.0038888888888888888,398.5,0,0,0.14
399.0,14,0,0,1,1,0,0,1,1,11.127364889410751,0.0038888888888888888,399.0,0,0,0.14
399.5,14,0,0,1,1,0,0,1,1,11.08826061103592,0.0038888888888888888,399.5,0,0,0.14
400.0,14,0,0,1,1,0,0,1,1,11.041656630577547,0.0038888888888888888,400.0,0,0,0.14
400.5,12,0,0,1,1,0,0,1,1,10.70102370115365,0.0033333333333333335,400.5,0,0,0.12
401.0,12,0,0,1,1,0,0,1,1,10.738093575950858,0.0033333333333333335,401.0,0,0,0.12
401.5,12,0,0,1,1,0,0,1,1,10.66238306316391,0.0033333333333333335,401.5,0,0,0.12
402.0,12,0,0,1,1,0,0,1,1,10.699478195756447,0.0033333333333333335,402.0,0,1,0.12
402.5,12,0,0,1,1,0,0,1,1,10.697297023274771,0.0033333333333333335,402.5,0,1,0.12
403.0,12,0,0,1,1,0,0,1,1,10.71317927827301,0.0033333333333333335,403.0,0,1,0.12
403.5,12,0,0,1,1,0,0,1,1,10.569160148165865,0.0033333333333333335,403.5,0,1,0.12
404.0,12,0,0,1,1,0,0,1,1,10.40154259520378,0.0033333333333333335,404.0,0,1,0.12
404.5,12,0,0,1,1,0,0,1,1,10.127260625690782,0.0033333333333333335,404.5,0,1,0.12
405.0,12,0,0,0,0,0,0,0,0,10.147062051043028,0.0033333333333333335,405.0,0,2,0.12
405.5,12,0,0,0,0,0,0,0,0,10.276952043033974,0.0033333333333333335,405.5,0,2,0.12
406.0,12,0,0,0,0,0,0,0,0,10.357591023033716,0.0033333333333333335,406.0,0,2,0.12
406.5,11,0,0,0,0,0,0,0,0,10.15091505426144,0.0030555555555555557,406.5,0,2,0.11
407.0,11,0,0,0,0,0,0,0,0,10.128558126680504,0.0030555555555555557,407.0,0,2,0.11
407.5,11,1,0,0,0,1,0,0,0,10.340323489404755,0.0030555555555555557,407.5,0,2,0.11
408.0,11,1,0,0,0,1,0,0,0,10.582926878630344,0.0030555555555555557,408.0,0,2,0.11
408.5,11,1,0,0,0,1,0,0,0,10.769722716277876,0.0030555555555555557,408.5,0,2,0.11
409.0,11,1,0,0,0,1,0,0,0,10.949706889647048,0.0030555555555555557,409.0,0,2,0.11
409.5,11,1,0,0,0,1,0,0,0,11.063289412686125,0.0030555555555555557,409.5,0,2,0.11
410.0,11,1,0,0,0,1,0,0,0,11.270042906485019,0.0030555555555555557,410.0,0,2,0.11
410.5,11,1,0,0,0,1,0,0,0,11.484797199613784,0.0030555555555555557,410.5,0,2,0.11
411.0,11,1,0,0,0,1,0,0,0,11.753642455994731,0.0030555555555555557,411.0,0,2,0.11
411.5,11,1,0,0,0,1,0,0,0,11.895551978583983,0.0030555555555555557,411.5,0,2,0.11
412.0,11,1,0,0,0,1,0,0,0,11.796287863927432,0.0030555555555555557,412.0,0,2,0.11
412.5,11,1,0,0,0,1,0,0,0,11.849773388355343,0.0030555555555555557,412.5,0,2,0.11
413.0,11,1,0,0,0,1,0,0,0,11.789767453449532,0.0030555555555555557,413.0,0,2,0.11
413.5,11,1,0,0,0,1,0,0,0,11.797439065315682,0.0030555555555555557,413.5,0,2,0.11
414.0,11,1,0,0,0,1,0,0,0,11.941661918817772,0.0030555555555555557,414.0,0,2,0.11
414.5,11,1,0,0,0,1,0,0,0,11.811384467293134,0.0030555555555555557,414.5,0,2,0.11
415.0,10,1,0,0,0,1,0,0,0,11.89163423787345,0.002777777777777778,415.0,0,2,0.1
415.5,10,1,0,0,0,1,0,0,0,11.78209637807807,0.002777777777777778,415.5,0,2,0.1
416.0,10,1,0,0,0,1,0,0,0,11.873916880666595,0.002777777777777778,416.0,0,2,0.1
416.5,10,1,0,0,0,1,0,0,0,11.901843453863487,0.002777777777777778,416.5,0,2,0.1
417.0,10,1,0,0,0,1,0,0,0,11.86996718947202,0.002777777777777778,417.0,0,2,0.1
417.5,10,1,0,0,0,1,0,0,0,11.892461676058675,0.002777777777777778,417.5,0,2,0.1
418.0,10,1,0,0,0,1,0,0,0,11.802255055337529,0.002777777777777778,418.0,0,2,0.1
418.5,10,1,0,0,0,1,0,0,0,11.813534144878004,0.002777777777777778,418.5,0,2,0.1
419.0,10,1,0,0,0,1,0,0,0,11.774841193937547,0.002777777777777778,419.0,0,2,0.1
419.5,10,1,0,0,0,1,0,0,0,11.695292222203072,0.002777777777777778,419.5,0,2,0.1
420.0,10,1,0,0,0,1,0,0,0,11.888096093128052,0.002777777777777778,420.0,0,2,0.1
420.5,10,1,0,0,0,1,0,0,0,11.720728512101426,0.002777777777777778,420.5,0,2,0.1
421.0,10,1,0,0,0,1,0,0,0,11.838941843850854,0.002777777777777778,421.0,0,2,0.1
421.5,10,1,0,0,0,1,0,0,0,11.74363447508201,0.002777777777777778,421.5,0,2,0.1
422.0,10,1,0,0,0,1,0,0,0,11.673179789441722,0.002777777777777778,422.0,0,2,0.1
422.5,10,1,0,0,0,1,0,0,0,11.873699046952035,0.002777777777777778,422.5,0,2,0.1
423.0,10,1,0,0,0,1,0,0,0,11.803577969292029,0.002777777777777778,423.0,0,2,0.1
423.5,10,1,0,0,0,1,0,0,0,11.805419349214146,0.002777777777777778,423.5,0,2,0.1
424.0,14,1,0,0,0,1,0,0,0,12.233022351385697,0.0038888888888888888,424.0,0,2,0.14
424.5,14,1,0,0,0,1,0,0,0,12.187792244759622,0.0038888888888888888,424.5,0,2,0.14
425.0,14,1,0,0,0,1,0,0,0,12.148248243560417,0.0038888888888888888,425.0,0,2,0.14
425.5,14,1,0,0,0,1,0,0,0,12.231267111877179,0.0038888888888888888,425.5,0,2,0.14
426.0,14,1,0,0,0,1,0,0,0,12.203322413521988,0.0038888888888888888,426.0,0,2,0.14
426.5,14,1,0,0,0,1,0,0,0,12.212254879205224,0.0038888888888888888,426.5,0,2,0.14
427.0,14,1,0,0,0,1,0,0,0,12.204053067688818,0.0038888888888888888,427.0,0,2,0.14
427.5,14,1,0,0,0,1,0,0,0,12.199304653443729,0.0038888888888888888,427.5,0,2,0.14
428.0,14,1,0,0,0,1,0,0,0,12.181539014981897,0.0038888888888888888,428.0,0,2,0.14
428.5,14,1,0,0,0,1,0,0,0,11.957625408005539,0.0038888888888888888,428.5,0,2,0.14
429.0,14,1,0,0,0,1,0,0,0,11.560358853936846,0.0038888888888888888,429.0,0,2,0.14
429.5,14,1,0,0,0,1,0,0,0,11.120622098188267,0.0038888888888888888,429.5,0,2,0.14
430.0,14,1,0,0,0,1,0,0,0,10.878173822786676,0.0038888888888888888,430.0,0,2,0.14
430.5,14,1,0,0,0,1,0,0,0,10.535947504978212,0.0038888888888888888,430.5,0,2,0.14
431.0,14,2,0,0,0,2,0,0,0,10.262889280925307,0.0038888888888888888,431.0,0,2,0.14
431.5,14,2,0,0,0,2,0,0,0,10.233449895476946,0.0038888888888888888,431.5,0,2,0.14
432.0,14,2,1,0,0,2,1,0,0,10.215350626784717,0.0038888888888888888,432.0,0,2,0.14
432.5,14,2,1,0,0,2,1,0,0,10.297471659896669,0.0038888888888888888,432.5,0,2,0.14
433.0,14,2,1,0,0,2,1,0,0,10.239579114028013,0.0038888888888888888,433.0,0,2,0.14
433.5,14,2,1,0,0,2,1,0,0,10.235616142797946,0.0038888888888888888,433.5,0,2,0.14
434.0,14,2,1,0,0,2,1,0,0,10.275114095205637,0.0038888888888888888,434.0,0,2,0.14
434.5,14,2,1,0,0,2,1,0,0,10.27769149338719,0.0038888888888888888,434.5,0,2,0.14
435.0,14,2,1,0,0,2,1,0,0,10.277892950131056,0.0038888888888888888,435.0,0,2,0.14
435.5,14,2,1,0,0,2,1,0,0,10.245018092289698,0.0038888888888888888,435.5,0,2,0.14
436.0,14,2,1,0,0,2,1,0,0,10.24092906197393,0.0038888888888888888,436.0,0,2,0.14
436.5,14,2,1,0,0,2,1,0,0,10.27696726860222,0.0038888888888888888,436.5,0,2,0.14
437.0,13,2,1,0,0,2,1,0,0,9.984669601440604,0.003611111111111111,437.0,0,2,0.13
437.5,13,2,1,0,0,2,1,0,0,9.992208732793284,0.003611111111111111,437.5,0,2,0.13
438.0,13,2,1,0,0,2,1,0,0,9.982158773381439,0.003611111111111111,438.0,0,2,0.13
438.5,13,2,1,0,0,2,1,0,0,10.008985042153569,0.003611111111111111,438.5,0,2,0.13
439.0,13,2,1,0,0,2,1,0,0,9.96973765534413,0.003611111111111111,439.0,0,2,0.13
439.5,13,2,1,0,0,2,1,0,0,9.9538066451677,0.003611111111111111,439.5,0,2,0.13
440.0,13,2,1,0,0,2,1,0,0,9.972009864007763,0.003611111111111111,440.0,0,2,0.13
440.5,13,2,1,0,0,2,1,0,0,9.99061584125803,0.003611111111111111,440.5,0,2,0.13
441.0,13,2,1,0,0,2,1,0,0,9.949658688286494,0.003611111111111111,441.0,0,2,0.13
441.5,13,2,1,0,0,2,1,0,0,9.947054284148095,0.003611111111111111,441.5,0,2,0.13
442.0,13,2,1,0,0,2,1,0,0,9.955889036879586,0.003611111111111111,442.0,0,2,0.13
442.5,13,2,1,0,0,2,1,0,0,10.043233446928848,0.003611111111111111,442.5,0,2,0.13
443.0,13,2,1,0,0,2,1,0,0,10.022422729549639,0.003611111111111111,443.0,0,2,0.13
443.5,13,2,1,0,0,2,1,0,0,9.991068315425132,0.003611111111111111,443.5,0,2,0.13
444.0,13,2,1,0,0,2,1,0,0,10.016597588710198,0.003611111111111111,444.0,0,2,0.13
444.5,13,2,1,0,0,2,1,0,0,10.003746418911675,0.003611111111111111,444.5,0,2,0.13
445.0,13,2,1,0,0,2,1,0,0,10.021315406962007,0.003611111111111111,445.0,0,2,0.13
445.5,12,2,1,0,0,2,1,0,0,9.71099067798633,0.0033333333333333335,445.5,0,2,0.12
446.0,11,2,1,0,0,2,1,0,0,9.293995075676163,0.0030555555555555557,446.0,0,2,0.11
446.5,11,2,1,0,0,2,1,0,0,9.29823268250236,0.0030555555555555557,446.5,0,2,0.11
447.0,11,2,1,0,0,2,1,0,0,9.342529180364552,0.0030555555555555557,447.0,0,3,0.11
447.5,11,2,1,0,0,2,1,0,0,9.332239334363699,0.0030555555555555557,447.5,0,3,0.11
448.0,11,2,1,0,0,2,1,0,0,9.323707279845644,0.0030555555555555557,448.0,0,3,0.11
448.5,11,2,1,0,0,2,1,0,0,9.325649082948662,0.0030555555555555557,448.5,0,3,0.11
449.0,10,2,1,0,0,2,1,0,0,9.22513935653812,0.002777777777777778,449.0,0,3,0.1
449.5,10,2,1,0,0,2,1,0,0,9.135076218136518,0.002777777777777778,449.5,0,3,0.1
450.0,10,0,0,0,0,0,0,0,0,9.449355490066509,0.002777777777777778,450.0,0,0,0.1
450.5,9,0,0,0,0,0,0,0,0,9.480371349320519,0.0025,450.5,0,0,0.09
451.0,9,0,0,0,0,0,0,0,0,9.824231526169024,0.0025,451.0,0,0,0.09
451.5,9,0,0,0,0,0,0,0,0,10.121976474408763,0.0025,451.5,0,0,0.09
452.0,9,0,0,0,0,0,0,0,0,10.47183877543632,0.0025,452.0,0,0,0.09
452.5,9,0,0,0,0,0,0,0,0,10.81038311025938,0.0025,452.5,0,0,0.09
453.0,9,0,0,0,0,0,0,0,0,11.12196549211456,0.0025,453.0,0,0,0.09
453.5,9,0,0,0,0,0,0,0,0,11.407607430525,0.0025,453.5,0,0,0.09
454.0,13,0,0,0,0,0,0,0,0,12.38726093794102,0.003611111111111111,454.0,0,0,0.13
454.5,13,0,0,0,0,0,0,0,0,12.584166864556018,0.003611111111111111,454.5,0,0,0.13
455.0,13,0,0,0,0,0,0,0,0,12.78202177900238,0.003611111111111111,455.0,0,0,0.13
455.5,13,0,0,0,0,0,0,0,0,12.904655352408444,0.003611111111111111,455.5,0,0,0.13
456.0,13,0,0,0,0,0,0,0,0,13.031387985228937,0.003611111111111111,456.0,0,0,0.13
456.5,13,0,0,0,0,0,0,0,0,13.20243790513955,0.003611111111111111,456.5,0,0,0.13
457.0,13,0,0,0,0,0,0,0,0,13.177742677029483,0.003611111111111111,457.0,0,0,0.13
457.5,13,0,0,0,0,0,0,0,0,13.26820568915455,0.003611111111111111,457.5,0,0,0.13
458.0,13,0,0,0,0,0,0,0,0,13.277154021470327,0.003611111111111111,458.0,0,0,0.13
458.5,13,0,0,0,0,0,0,0,0,13.18727829996169,0.003611111111111111,458.5,0,0,0.13
459.0,13,0,0,0,0,0,0,0,0,13.07407084854279,0.003611111111111111,459.0,0,0,0.13
459.5,13,0,0,0,0,0,0,0,0,12.862130192276222,0.003611111111111111,459.5,0,0,0.13
460.0,13,0,0,0,0,0,0,0,0,12.706358823741985,0.003611111111111111,460.0,0,0,0.13
460.5,13,0,0,0,0,0,0,0,0,12.582683857019333,0.003611111111111111,460.5,0,0,0.13
461.0,13,0,0,0,0,0,0,0,0,12.306863826848286,0.003611111111111111,461.0,0,0,0.13
461.5,13,0,0,0,0,0,0,0,0,12.31425130361151,0.003611111111111111,461.5,0,0,0.13
462.0,13,0,0,1,0,0,0,1,0,12.226182239243087,0.003611111111111111,462.0,0,0,0.13
462.5,13,0,0,1,0,0,0,1,0,12.23298850430401,0.003611111111111111,462.5,0,0,0.13
463.0,13,0,0,1,0,0,0,1,0,12.058817983000754,0.003611111111111111,463.0,0,0,0.13
463.5,13,0,0,1,0,0,0,1,0,11.919959208454943,0.003611111111111111,463.5,0,0,0.13
464.0,13,0,0,1,0,0,0,1,0,11.805995447198784,0.003611111111111111,464.0,0,0,0.13
464.5,13,0,0,1,0,0,0,1,0,11.690338055041147,0.003611111111111111,464.5,0,0,0.13
465.0,13,0,0,1,0,0,0,1,0,11.458245045221013,0.003611111111111111,465.0,0,0,0.13
465.5,13,0,0,1,0,0,0,1,0,11.305876863050488,0.003611111111111111,465.5,0,0,0.13
466.0,13,0,0,1,1,0,0,1,1,11.253166812944412,0.003611111111111111,466.0,0,0,0.13
466.5,13,0,0,1,1,0,0,1,1,11.307002504015857,0.003611111111111111,466.5,0,0,0.13
467.0,11,0,0,1,1,0,0,1,1,10.862997035130633,0.0030555555555555557,467.0,0,0,0.11
467.5,11,0,0,1,1,0,0,1,1,10.954983828233908,0.0030555555555555557,467.5,0,0,0.11
468.0,11,0,0,1,1,0,0,1,1,10.941089555416015,0.0030555555555555557,468.0,0,0,0.11
468.5,11,0,0,1,1,0,0,1,1,10.819620430462288,0.0030555555555555557,468.5,0,0,0.11
469.0,11,0,0,1,1,0,0,1,1,10.828533169400893,0.0030555555555555557,469.0,0,0,0.11
469.5,11,0,0,1,1,0,0,1,1,10.880924153940894,0.0030555555555555557,469.5,0,0,0.11
470.0,11,0,0,1,1,0,0,1,1,10.938426103170045,0.0030555555555555557,470.0,0,0,0.11
470.5,11,0,0,1,1,0,0,1,1,10.861702591539757,0.0030555555555555557,470.5,0,0,0.11
471.0,11,0,0,1,1,0,0,1,1,10.867631053716254,0.0030555555555555557,471.0,0,0,0.11
471.5,11,0,0,1,1,0,0,1,1,10.88605264094465,0.0030555555555555557,471.5,0,0,0.11
472.0,11,0,0,1,1,0,0,1,1,10.752949014361285,0.0030555555555555557,472.0,0,0,0.11
472.5,11,0,0,1,1,0,0,1,1,10.972750448902449,0.0030555555555555557,472.5,0,0,0.11
473.0,11,0,0,1,1,0,0,1,1,10.861709283557056,0.0030555555555555557,473.0,0,0,0.11
473.5,11,0,0,1,1,0,0,1,1,10.788452847352941,0.0030555555555555557,473.5,0,0,0.11
474.0,11,0,0,1,1,0,0,1,1,10.788643018273948,0.0030555555555555557,474.0,0,0,0.11
474.5,11,0,0,1,1,0,0,1,1,10.909471114221297,0.0030555555555555557,474.5,0,0,0.11
475.0,11,0,0,1,1,0,0,1,1,10.88964580362787,0.0030555555555555557,475.0,0,0,0.11
475.5,11,0,0,1,1,0,0,1,1,10.779602199371835,0.0030555555555555557,475.5,0,0,0.11
476.0,11,0,0,1,1,0,0,1,1,10.882729042296228,0.0030555555555555557,476.0,0,0,0.11
476.5,11,0,0,1,1,0,0,1,1,10.820906569479767,0.0030555555555555557,476.5,0,0,0.11
477.0,11,0,0,1,1,0,0,1,1,10.74909590258472,0.0030555555555555557,477.0,0,0,0.11
477.5,11,0,0,1,1,0,0,1,1,10.932152416093713,0.0030555555555555557,477.5,0,0,0.11
478.0,11,0,0,1,1,0,0,1,1,10.84678450212409,0.0030555555555555557,478.0,0,0,0.11
478.5,11,0,0,1,1,0,0,1,1,10.932056243331566,0.0030555555555555557,478.5,0,0,0.11
479.0,11,0,0,1,1,0,0,1,1,10.839453106067877,0.0030555555555555557,479.0,0,0,0.11
479.5,11,0,0,1,1,0,0,1,1,10.852422279872142,0.0030555555555555557,479.5,0,0,0.11
480.0,11,0,0,1,1,0,0,1,1,10.794835296732726,0.0030555555555555557,480.0,0,0,0.11
480.5,11,0,0,1,1,0,0,1,1,10.887224169815438,0.0030555555555555557,480.5,0,0,0.11
481.0,11,0,0,1,1,0,0,1,1,10.842763071053382,0.0030555555555555557,481.0,0,0,0.11
481.5,11,0,0,1,1,0,0,1,1,10.85402051420181,0.0030555555555555557,481.5,0,0,0.11
482.0,11,0,0,1,1,0,0,1,1,10.834666706164636,0.0030555555555555557,482.0,0,0,0.11
482.5,11,0,0,1,1,0,0,1,1,10.919500569106178,0.0030555555555555557,482.5,0,0,0.11
483.0,11,0,0,1,1,0,0,1,1,10.919351565408364,0.0030555555555555557,483.0,0,0,0.11
483.5,11,0,0,1,1,0,0,1,1,10.851516834850903,0.0030555555555555557,483.5,0,0,0.11
484.0,11,0,0,1,1,0,0,1,1,10.8798471553126,0.0030555555555555557,484.0,0,0,0.11
484.5,15,0,0,1,1,0,0,1,1,10.586378645445723,0.004166666666666667,484.5,0,0,0.15
485.0,15,0,0,1,1,0,0,1,1,10.654678330389356,0.004166666666666667,485.0,0,0,0.15
485.5,15,0,0,1,1,0,0,1,1,10.737056241718937,0.004166666666666667,485.5,0,0,0.15
486.0,15,0,0,1,1,0,0,1,1,10.900395263113431,0.004166666666666667,486.0,0,0,0.15
486.5,15,0,0,1,1,0,0,1,1,10.99995713904628,0.004166666666666667,486.5,0,0,0.15
487.0,15,0,0,1,1,0,0,1,1,11.180925520885621,0.004166666666666667,487.0,0,0,0.15
487.5,15,0,0,1,1,0,0,1,1,11.23750806553011,0.004166666666666667,487.5,0,0,0.15
488.0,15,0,0,1,1,0,0,1,1,11.228241789257373,0.004166666666666667,488.0,0,0,0.15
488.5,15,0,0,1,1,0,0,1,1,11.194168915932845,0.004166666666666667,488.5,0,0,0.15
489.0,15,0,0,1,1,0,0,1,1,10.834537792338837,0.004166666666666667,489.0,0,0,0.15
489.5,15,0,0,1,1,0,0,1,1,10.500135470720824,0.004166666666666667,489.5,0,0,0.15
490.0,15,0,0,1,1,0,0,1,1,10.36082030649349,0.004166666666666667,490.0,0,0,0.15
490.5,14,0,0,1,1,0,0,1,1,9.804802376335576,0.0038888888888888888,490.5,0,0,0.14
491.0,13,0,0,1,1,0,0,1,1,9.047967463989757,0.003611111111111111,491.0,0,0,0.13
491.5,13,0,0,2,1,0,0,2,1,8.778379081928543,0.003611111111111111,491.5,0,0,0.13
492.0,13,0,0,2,2,0,0,2,2,8.792943060158972,0.003611111111111111,492.0,0,1,0.13
492.5,13,0,0,2,2,0,0,2,2,8.762015328559498,0.003611111111111111,492.5,0,1,0.13
493.0,13,0,0,2,2,0,0,2,2,8.74227443193394,0.003611111111111111,493.0,0,1,0.13
493.5,13,0,0,2,2,0,0,2,2,8.757709212124757,0.003611111111111111,493.5,0,1,0.13
494.0,13,0,0,2,2,0,0,2,2,8.604928792037793,0.003611111111111111,494.0,0,1,0.13
494.5,13,0,0,2,2,0,0,2,2,8.693328599169972,0.003611111111111111,494.5,0,1,0.13
495.0,13,0,0,0,0,0,0,0,0,8.977886894321108,0.003611111111111111,495.0,0,2,0.13
495.5,13,0,0,0,0,0,0,0,0,9.319085828072398,0.003611111111111111,495.5,0,2,0.13
496.0,13,0,0,0,0,0,0,0,0,9.591721228968582,0.003611111111111111,496.0,0,2,0.13
496.5,12,0,0,0,0,0,0,0,0,9.84609684152804,0.0033333333333333335,496.5,0,2,0.12
497.0,12,0,0,0,0,0,0,0,0,10.188553210447656,0.0033333333333333335,497.0,0,2,0.12
497.5,12,0,0,0,0,0,0,0,0,10.75679254258163,0.0033333333333333335,497.5,0,2,0.12
498.0,11,0,0,0,0,0,0,0,0,10.829521527608,0.0030555555555555557,498.0,0,2,0.11
498.5,11,0,0,0,0,0,0,0,0,11.083418145812784,0.0030555555555555557,498.5,0,2,0.11
499.0,11,0,0,0,0,0,0,0,0,11.511466934224961,0.0030555555555555557,499.0,0,2,0.11
499.5,11,0,0,0,0,0,0,0,0,11.872920102685299,0.0030555555555555557,499.5,0,2,0.11
500.0,10,0,0,0,0,0,0,0,0,12.066718300165874,0.002777777777777778,500.0,0,2,0.1
500.5,10,0,0,0,0,0,0,0,0,12.451215987131437,0.002777777777777778,500.5,0,2,0.1
501.0,10,0,0,0,0,0,0,0,0,12.707731249440183,0.002777777777777778,501.0,0,2,0.1
501.5,10,0,0,0,0,0,0,0,0,12.891531153590122,0.002777777777777778,501.5,0,2,0.1
502.0,10,0,0,0,0,0,0,0,0,12.976080949919929,0.002777777777777778,502.0,0,2,0.1
502.5,10,0,0,0,0,0,0,0,0,12.90683328067179,0.002777777777777778,502.5,0,2,0.1
503.0,10,0,0,0,0,0,0,0,0,12.935788071242794,0.002777777777777778,503.0,0,2,0.1
503.5,10,0,0,0,0,0,0,0,0,12.844083229066971,0.002777777777777778,503.5,0,2,0.1
504.0,10,0,0,0,0,0,0,0,0,12.857791653370885,0.002777777777777778,504.0,0,2,0.1
504.5,10,0,0,0,0,0,0,0,0,12.841273714656642,0.002777777777777778,504.5,0,2,0.1
505.0,10,0,0,0,0,0,0,0,0,12.945816164783835,0.002777777777777778,505.0,0,2,0.1
505.5,10,0,0,0,0,0,0,0,0,12.911882486928889,0.002777777777777778,505.5,0,2,0.1
506.0,10,0,0,0,0,0,0,0,0,12.921792689624642,0.002777777777777778,506.0,0,2,0.1
506.5,10,0,0,0,0,0,0,0,0,12.884775514930888,0.002777777777777778,506.5,0,2,0.1
507.0,10,0,0,0,0,0,0,0,0,12.880795359933916,0.002777777777777778,507.0,0,2,0.1
507.5,10,0,0,0,0,0,0,0,0,12.888986235294658,0.002777777777777778,507.5,0,2,0.1
508.0,10,0,0,0,0,0,0,0,0,12.95950783934554,0.002777777777777778,508.0,0,2,0.1
508.5,10,0,0,0,0,0,0,0,0,12.912777575147274,0.002777777777777778,508.5,0,2,0.1
509.0,10,0,0,0,0,0,0,0,0,12.956743738064478,0.002777777777777778,509.0,0,2,0.1
509.5,10,0,0,0,0,0,0,0,0,12.898754451983777,0.002777777777777778,509.5,0,2,0.1
510.0,10,0,0,0,0,0,0,0,0,13.034685774494363,0.002777777777777778,510.0,0,2,0.1
510.5,10,0,0,0,0,0,0,0,0,12.829662283714793,0.002777777777777778,510.5,0,2,0.1
511.0,10,0,0,0,0,0,0,0,0,12.81125934098375,0.002777777777777778,511.0,0,2,0.1
511.5,10,0,0,0,0,0,0,0,0,12.773283224672712,0.002777777777777778,511.5,0,2,0.1
512.0,10,0,0,0,0,0,0,0,0,12.870104152894282,0.002777777777777778,512.0,0,2,0.1
512.5,10,0,0,0,0,0,0,0,0,12.908927576445212,0.002777777777777778,512.5,0,2,0.1
513.0,10,0,0,0,0,0,0,0,0,12.792666246122618,0.002777777777777778,513.0,0,2,0.1
513.5,10,0,0,0,0,0,0,0,0,13.034192781017563,0.002777777777777778,513.5,0,2,0.1
514.0,10,0,0,0,0,0,0,0,0,12.967591627291338,0.002777777777777778,514.0,0,2,0.1
514.5,14,0,0,0,0,0,0,0,0,13.179436658712206,0.0038888888888888888,514.5,0,2,0.14
515.0,14,0,0,0,0,0,0,0,0,13.070780140824484,0.0038888888888888888,515.0,0,2,0.14
515.5,14,0,0,0,0,0,0,0,0,13.083599884064904,0.0038888888888888888,515.5,0,2,0.14
516.0,14,0,0,0,0,0,0,0,0,13.154977864733237,0.0038888888888888888,516.0,0,2,0.14
516.5,14,0,0,0,0,0,0,0,0,13.002740393731413,0.0038888888888888888,516.5,0,2,0.14
517.0,14,0,0,0,0,0,0,0,0,13.033089826777644,0.0038888888888888888,517.0,0,2,0.14
517.5,14,0,0,0,0,0,0,0,0,12.98742695008844,0.0038888888888888888,517.5,0,2,0.14
518.0,14,0,0,0,0,0,0,0,0,13.08174960851427,0.0038888888888888888,518.0,0,2,0.14
518.5,14,0,0,0,0,0,0,0,0,13.063258457471786,0.0038888888888888888,518.5,0,2,0.14
519.0,14,0,0,0,0,0,0,0,0,13.106903726775768,0.0038888888888888888,519.0,0,2,0.14
519.5,14,0,0,0,0,0,0,0,0,13.095994765801489,0.0038888888888888888,519.5,0,2,0.14
520.0,14,0,0,0,0,0,0,0,0,12.961655651641014,0.0038888888888888888,520.0,0,2,0.14
520.5,14,0,0,0,0,0,0,0,0,13.083672208233606,0.0038888888888888888,520.5,0,2,0.14
521.0,14,0,0,0,0,0,0,0,0,13.04838530752898,0.0038888888888888888,521.0,0,2,0.14
521.5,14,0,0,0,0,0,0,0,0,13.062661903565488,0.0038888888888888888,521.5,0,2,0.14
522.0,14,0,0,0,0,0,0,0,0,13.102915641677338,0.0038888888888888888,522.0,0,2,0.14
522.5,14,0,0,0,0,0,0,0,0,12.970490309713702,0.0038888888888888888,522.5,0,2,0.14
523.0,14,0,0,0,0,0,0,0,0,12.787987765028932,0.0038888888888888888,523.0,0,2,0.14
523.5,14,0,0,0,0,0,0,0,0,12.509105631394503,0.0038888888888888888,523.5,0,2,0.14
524.0,14,0,0,0,0,0,0,0,0,12.185980353408516,0.0038888888888888888,524.0,0,2,0.14
524.5,14,0,0,0,0,0,0,0,0,11.916915612369833,0.0038888888888888888,524.5,0,2,0.14
525.0,14,0,0,0,0,0,0,0,0,11.552622285805143,0.0038888888888888888,525.0,0,2,0.14
525.5,14,0,0,0,0,0,0,0,0,11.376777040392778,0.0038888888888888888,525.5,0,2,0.14
526.0,14,0,1,0,0,0,1,0,0,11.306807194164003,0.0038888888888888888,526.0,0,2,0.14
526.5,14,1,1,0,0,1,1,0,0,11.320671371547915,0.0038888888888888888,526.5,0,2,0.14
527.0,14,1,1,0,0,1,1,0,0,11.233522439705421,0.0038888888888888888,527.0,0,2,0.14
527.5,13,1,1,0,0,1,1,0,0,11.159398355571538,0.003611111111111111,527.5,0,2,0.13
528.0,13,1,1,0,0,1,1,0,0,11.171841569140362,0.003611111111111111,528.0,0,2,0.13
528.5,12,1,1,0,0,1,1,0,0,10.905785735436835,0.0033333333333333335,528.5,0,2,0.12
529.0,12,1,1,0,0,1,1,0,0,10.97795938974914,0.0033333333333333335,529.0,0,2,0.12
529.5,12,1,1,0,0,1,1,0,0,11.0417841943556,0.0033333333333333335,529.5,0,2,0.12
530.0,12,1,1,0,0,1,1,0,0,10.94229892716615,0.0033333333333333335,530.0,0,2,0.12
530.5,12,1,1,0,0,1,1,0,0,10.951514667865588,0.0033333333333333335,530.5,0,2,0.12
531.0,12,1,1,0,0,1,1,0,0,10.945232949371258,0.0033333333333333335,531.0,0,2,0.12
531.5,12,1,1,0,0,1,1,0,0,10.950717951615692,0.0033333333333333335,531.5,0,2,0.12
532.0,12,1,1,0,0,1,1,0,0,10.896699062174383,0.0033333333333333335,532.0,0,2,0.12
532.5,12,1,1,0,0,1,1,0,0,10.913758041916573,0.0033333333333333335,532.5,0,2,0.12
533.0,12,1,1,0,0,1,1,0,0,10.966121478447926,0.0033333333333333335,533.0,0,2,0.12
533.5,12,1,1,0,0,1,1,0,0,10.996794832034388,0.0033333333333333335,533.5,0,2,0.12
534.0,12,1,1,0,0,1,1,0,0,10.948328514869871,0.0033333333333333335,534.0,0,2,0.12
534.5,12,1,1,0,0,1,1,0,0,10.92247369696976,0.0033333333333333335,534.5,0,2,0.12
535.0,12,1,1,0,0,1,1,0,0,11.021998612632432,0.0033333333333333335,535.0,0,2,0.12
535.5,9,1,1,0,0,1,1,0,0,10.144463596554942,0.0025,535.5,0,2,0.09
536.0,9,1,1,0,0,1,1,0,0,10.084922164018733,0.0025,536.0,0,2,0.09
536.5,9,1,1,0,0,1,1,0,0,10.079135457567148,0.0025,536.5,0,2,0.09
537.0,9,1,1,0,0,1,1,0,0,10.083004810225013,0.0025,537.0,0,3,0.09
537.5,9,1,1,0,0,1,1,0,0,10.11610058126697,0.0025,537.5,0,3,0.09
538.0,9,1,1,0,0,1,1,0,0,10.090188135505345,0.0025,538.0,0,3,0.09
538.5,9,1,1,0,0,1,1,0,0,10.150823395378321,0.0025,538.5,0,3,0.09
539.0,9,1,1,0,0,1,1,0,0,10.002606887529295,0.0025,539.0,0,3,0.09
539.5,8,1,1,0,0,1,1,0,0,9.73538770965864,0.0022222222222222222,539.5,0,3,0.08
540.0,8,0,0,0,0,0,0,0,0,10.091713792303597,0.0022222222222222222,540.0,0,0,0.08
540.5,8,0,0,0,0,0,0,0,0,10.194132288684216,0.0022222222222222222,540.5,0,0,0.08
541.0,8,0,0,0,0,0,0,0,0,10.586401159794207,0.0022222222222222222,541.0,0,0,0.08
541.5,8,0,0,0,0,0,0,0,0,10.821203449581537,0.0022222222222222222,541.5,0,0,0.08
542.0,8,0,0,0,0,0,0,0,0,11.122105973598684,0.0022222222222222222,542.0,0,0,0.08
542.5,8,0,0,0,0,0,0,0,0,11.34787051589143,0.0022222222222222222,542.5,0,0,0.08
543.0,8,0,0,0,0,0,0,0,0,11.45408408139689,0.0022222222222222222,543.0,0,0,0.08
543.5,8,0,0,0,0,0,0,0,0,11.746921593220634,0.0022222222222222222,543.5,0,0,0.08
544.0,8,0,0,0,0,0,0,0,0,11.960216307403481,0.0022222222222222222,544.0,0,0,0.08
544.5,8,0,0,0,0,0,0,0,0,12.217545136747379,0.0022222222222222222,544.5,0,0,0.08
545.0,12,0,0,0,0,0,0,0,0,12.777243489347788,0.0033333333333333335,545.0,0,0,0.12
545.5,12,0,0,0,0,0,0,0,0,12.826236247601768,0.0033333333333333335,545.5,0,0,0.12
546.0,12,0,0,0,0,0,0,0,0,12.973668839220457,0.0033333333333333335,546.0,0,0,0.12
546.5,12,0,0,0,0,0,0,0,0,12.9959516378553,0.0033333333333333335,546.5,0,0,0.12
547.0,12,0,0,0,0,0,0,0,0,12.993245966613832,0.0033333333333333335,547.0,0,0,0.12
547.5,12,0,0,0,0,0,0,0,0,13.014182727810768,0.0033333333333333335,547.5,0,0,0.12
548.0,12,0,0,0,0,0,0,0,0,12.998367487112096,0.0033333333333333335,548.0,0,0,0.12
548.5,12,0,0,0,0,0,0,0,0,13.015753114658756,0.0033333333333333335,548.5,0,0,0.12
549.0,12,0,0,0,0,0,0,0,0,12.776833005584502,0.0033333333333333335,549.0,0,0,0.12
549.5,12,0,0,0,0,0,0,0,0,12.539128313239118,0.0033333333333333335,549.5,0,0,0.12
550.0,12,0,0,0,0,0,0,0,0,12.08226200066693,0.0033333333333333335,550.0,0,0,0.12
550.5,12,0,0,0,0,0,0,0,0,11.706052989102623,0.0033333333333333335,550.5,0,0,0.12
551.0,12,0,0,0,0,0,0,0,0,11.374845316522325,0.0033333333333333335,551.0,0,0,0.12
551.5,12,0,0,0,0,0,0,0,0,11.048986329201645,0.0033333333333333335,551.5,0,0,0.12
552.0,12,0,0,1,0,0,0,1,0,10.657561678262711,0.0033333333333333335,552.0,0,0,0.12
552.5,12,0,0,1,1,0,0,1,1,10.709805101474489,0.0033333333333333335,552.5,0,0,0.12
553.0,12,0,0,1,1,0,0,1,1,10.651276109163243,0.0033333333333333335,553.0,0,0,0.12
553.5,12,0,0,1,1,0,0,1,1,10.7637910327448,0.0033333333333333335,553.5,0,0,0.12
554.0,12,0,0,1,1,0,0,1,1,10.711773585877454,0.0033333333333333335,554.0,0,0,0.12
554.5,12,0,0,1,1,0,0,1,1,10.73635053369806,0.0033333333333333335,554.5,0,0,0.12
555.0,12,0,0,1,1,0,0,1,1,10.731869373571513,0.0033333333333333335,555.0,0,0,0.12
555.5,12,0,0,1,1,0,0,1,1,10.708470081966832,0.0033333333333333335,555.5,0,0,0.12
556.0,12,0,0,1,1,0,0,1,1,10.71632594998526,0.0033333333333333335,556.0,0,0,0.12
556.5,12,0,0,1,1,0,0,1,1,10.753360956431015,0.0033333333333333335,556.5,0,0,0.12
557.0,12,0,0,1,1,0,0,1,1,10.783836431825648,0.0033333333333333335,557.0,0,0,0.12
557.5,12,0,0,1,1,0,0,1,1,10.688259036161933,0.0033333333333333335,557.5,0,0,0.12
558.0,12,0,0,1,1,0,0,1,1,10.61953323242495,0.0033333333333333335,558.0,0,0,0.12
558.5,12,0,0,1,1,0,0,1,1,10.711656158435,0.0033333333333333335,558.5,0,0,0.12
559.0,12,0,0,1,1,0,0,1,1,10.662578158791755,0.0033333333333333335,559.0,0,0,0.12
559.5,12,0,0,1,1,0,0,1,1,10.678807607552228,0.0033333333333333335,559.5,0,0,0.12
560.0,12,0,0,1,1,0,0,1,1,10.699596333943264,0.0033333333333333335,560.0,0,0,0.12
560.5,12,0,0,1,1,0,0,1,1,10.808185858063203,0.0033333333333333335,560.5,0,0,0.12
561.0,12,0,0,1,1,0,0,1,1,10.75383157205853,0.0033333333333333335,561.0,0,0,0.12
561.5,12,0,0,1,1,0,0,1,1,10.780015525122947,0.0033333333333333335,561.5,0,0,0.12
562.0,12,0,0,1,1,0,0,1,1,10.657850346972387,0.0033333333333333335,562.0,0,0,0.12
562.5,12,0,0,1,1,0,0,1,1,10.659136660772566,0.0033333333333333335,562.5,0,0,0.12
563.0,12,0,0,1,1,0,0,1,1,10.79458500994668,0.0033333333333333335,563.0,0,0,0.12
563.5,11,0,0,1,1,0,0,1,1,10.53647866868371,0.0030555555555555557,563.5,0,0,0.11
564.0,11,0,0,1,1,0,0,1,1,10.548869934541123,0.0030555555555555557,564.0,0,0,0.11
564.5,11,0,0,1,1,0,0,1,1,10.546461782294996,0.0030555555555555557,564.5,0,0,0.11
565.0,11,0,0,1,1,0,0,1,1,10.45532852490813,0.0030555555555555557,565.0,0,0,0.11
565.5,11,0,0,1,1,0,0,1,1,10.576051049581723,0.0030555555555555557,565.5,0,0,0.11
566.0,11,0,0,1,1,0,0,1,1,10.500903937893234,0.0030555555555555557,566.0,0,0,0.11
566.5,11,0,0,1,1,0,0,1,1,10.434997810075814,0.0030555555555555557,566.5,0,0,0.11
567.0,11,0,0,1,1,0,0,1,1,10.51908070188904,0.0030555555555555557,567.0,0,0,0.11
567.5,11,0,0,1,1,0,0,1,1,10.459295166663352,0.0030555555555555557,567.5,0,0,0.11
568.0,11,0,0,1,1,0,0,1,1,10.621476533728092,0.0030555555555555557,568.0,0,0,0.11
568.5,10,0,0,1,1,0,0,1,1,10.358014474142276,0.002777777777777778,568.5,0,0,0.1
569.0,10,0,0,1,1,0,0,1,1,10.427964029661545,0.002777777777777778,569.0,0,0,0.1
569.5,10,0,0,1,1,0,0,1,1,10.399287089131708,0.002777777777777778,569.5,0,0,0.1
570.0,10,0,0,1,1,0,0,1,1,10.389232140428089,0.002777777777777778,570.0,0,0,0.1
570.5,10,0,0,1,1,0,0,1,1,10.345372666357019,0.002777777777777778,570.5,0,0,0.1
571.0,10,0,0,1,1,0,0,1,1,10.438718073897927,0.002777777777777778,571.0,0,0,0.1
571.5,10,0,0,1,1,0,0,1,1,10.358012664495202,0.002777777777777778,571.5,0,0,0.1
572.0,10,0,0,1,1,0,0,1,1,10.43062936784367,0.002777777777777778,572.0,0,0,0.1
572.5,10,0,0,1,1,0,0,1,1,10.39010848701366,0.002777777777777778,572.5,0,0,0.1
573.0,10,0,0,1,1,0,0,1,1,10.441895218637239,0.002777777777777778,573.0,0,0,0.1
573.5,10,0,0,1,1,0,0,1,1,10.505330118468432,0.002777777777777778,573.5,0,0,0.1
574.0,10,0,0,1,1,0,0,1,1,10.372421495616603,0.002777777777777778,574.0,0,0,0.1
574.5,10,0,0,1,1,0,0,1,1,10.387521654023024,0.002777777777777778,574.5,0,0,0.1
575.0,14,0,0,1,1,0,0,1,1,10.838983159658584,0.0038888888888888888,575.0,0,0,0.14
575.5,14,0,0,1,1,0,0,1,1,10.880940083081653,0.0038888888888888888,575.5,0,0,0.14
576.0,14,0,0,1,1,0,0,1,1,10.977308915113053,0.0038888888888888888,576.0,0,0,0.14
576.5,14,0,0,1,1,0,0,1,1,11.021226908700559,0.0038888888888888888,576.5,0,0,0.14
577.0,14,0,0,1,1,0,0,1,1,11.05647979846103,0.0038888888888888888,577.0,0,0,0.14
577.5,14,0,0,1,1,0,0,1,1,11.174785182916878,0.0038888888888888888,577.5,0,0,0.14
578.0,14,0,0,1,1,0,0,1,1,11.293493269188449,0.0038888888888888888,578.0,0,0,0.14
578.5,14,0,0,1,1,0,0,1,1,11.263139316561817,0.0038888888888888888,578.5,0,0,0.14
579.0,14,0,0,1,1,0,0,1,1,11.310994716676271,0.0038888888888888888,579.0,0,0,0.14
579.5,14,0,0,1,1,0,0,1,1,11.2074144111778,0.0038888888888888888,579.5,0,0,0.14
580.0,14,0,0,1,1,0,0,1,1,11.08909642723104,0.0038888888888888888,580.0,0,0,0.14
580.5,14,0,0,1,1,0,0,1,1,10.905318430740794,0.0038888888888888888,580.5,0,0,0.14
581.0,14,0,0,1,1,0,0,1,1,10.697715570929022,0.0038888888888888888,581.0,0,0,0.14
581.5,14,0,0,1,1,0,0,1,1,10.591874489185313,0.0038888888888888888,581.5,0,0,0.14
582.0,14,0,0,1,1,0,0,1,1,10.479038634813582,0.0038888888888888888,582.0,0,1,0.14
582.5,14,0,0,1,1,0,0,1,1,10.198040323947795,0.0038888888888888888,582.5,0,1,0.14
583.0,14,0,0,2,1,0,0,2,1,9.912941759587378,0.0038888888888888888,583.0,0,1,0.14
583.5,14,0,0,2,1,0,0,2,1,9.79535176939038,0.0038888888888888888,583.5,0,1,0.14
584.0,13,0,0,2,1,0,0,2,1,9.46610753548177,0.003611111111111111,584.0,0,1,0.13
584.5,12,0,0,2,1,0,0,2,1,8.958784296894466,0.0033333333333333335,584.5,0,1,0.12
585.0,12,0,0,0,0,0,0,0,0,9.385389611113345,0.0033333333333333335,585.0,0,2,0.12
585.5,12,0,0,0,0,0,0,0,0,9.696090155663105,0.0033333333333333335,585.5,0,2,0.12
586.0,12,0,0,0,0,0,0,0,0,10.016237195265656,0.0033333333333333335,586.0,0,2,0.12
586.5,12,0,0,0,0,0,0,0,0,10.304921193396384,0.0033333333333333335,586.5,0,2,0.12
587.0,12,0,0,0,0,0,0,0,0,10.626312849511299,0.0033333333333333335,587.0,0,2,0.12
587.5,12,0,0,0,0,0,0,0,0,11.064390068148827,0.0033333333333333335,587.5,0,2,0.12
588.0,11,0,0,0,0,0,0,0,0,11.082650531485447,0.0030555555555555557,588.0,0,2,0.11
588.5,11,0,0,0,0,0,0,0,0,11.346321469921007,0.0030555555555555557,588.5,0,2,0.11
589.0,11,0,0,0,0,0,0,0,0,11.703578067140127,0.0030555555555555557,589.0,0,2,0.11
589.5,11,0,0,0,0,0,0,0,0,11.954948692092485,0.0030555555555555557,589.5,0,2,0.11
590.0,11,0,0,0,0,0,0,0,0,12.421310894669567,0.0030555555555555557,590.0,0,2,0.11
590.5,10,0,0,0,0,0,0,0,0,12.783445328642852,0.002777777777777778,590.5,0,2,0.1
591.0,10,0,0,0,0,0,0,0,0,13.109374444128486,0.002777777777777778,591.0,0,2,0.1
591.5,10,0,0,0,0,0,0,0,0,13.33315253107098,0.002777777777777778,591.5,0,2,0.1
592.0,10,0,0,0,0,0,0,0,0,13.296416015529104,0.002777777777777778,592.0,0,2,0.1
592.5,10,0,0,0,0,0,0,0,0,13.51201124148516,0.002777777777777778,592.5,0,2,0.1
593.0,10,0,0,0,0,0,0,0,0,13.346844819194667,0.002777777777777778,593.0,0,2,0.1
593.5,10,0,0,0,0,0,0,0,0,13.362714296505583,0.002777777777777778,593.5,0,2,0.1
594.0,10,0,0,0,0,0,0,0,0,13.343180045327902,0.002777777777777778,594.0,0,2,0.1
594.5,10,0,0,0,0,0,0,0,0,13.467363863604405,0.002777777777777778,594.5,0,2,0.1
595.0,10,0,0,0,0,0,0,0,0,13.374123311078439,0.002777777777777778,595.0,0,2,0.1
595.5,10,0,0,0,0,0,0,0,0,13.345473358148737,0.002777777777777778,595.5,0,2,0.1
596.0,10,0,0,0,0,0,0,0,0,13.390567951572157,0.002777777777777778,596.0,0,2,0.1
596.5,10,0,0,0,0,0,0,0,0,13.380620975107451,0.002777777777777778,596.5,0,2,0.1
597.0,10,0,0,0,0,0,0,0,0,13.317509587779204,0.002777777777777778,597.0,0,2,0.1
597.5,10,0,0,0,0,0,0,0,0,13.441211906285753,0.002777777777777778,597.5,0,2,0.1
598.0,10,0,0,0,0,0,0,0,0,13.339591115491496,0.002777777777777778,598.0,0,2,0.1
598.5,10,0,0,0,0,0,0,0,0,13.35544697214922,0.002777777777777778,598.5,0,2,0.1
599.0,10,0,0,0,0,0,0,0,0,13.203313571575128,0.002777777777777778,599.0,0,2,0.1
599.5,10,0,0,0,0,0,0,0,0,13.493053979133984,0.002777777777777778,599.5,0,2,0.1
600.0,14,0,0,0,0,0,0,0,0,12.725175215784049,0.0038888888888888888,600.0,0,2,0.14
600.5,14,0,0,0,0,0,0,0,0,12.692954541418857,0.0038888888888888888,600.5,0,2,0.14
601.0,14,0,0,0,0,0,0,0,0,12.65718890291458,0.0038888888888888888,601.0,0,2,0.14
601.5,14,0,0,0,0,0,0,0,0,12.675325424627788,0.0038888888888888888,601.5,0,2,0.14
602.0,14,0,0,0,0,0,0,0,0,12.701669229431863,0.0038888888888888888,602.0,0,2,0.14
602.5,14,0,0,0,0,0,0,0,0,12.66029672958408,0.0038888888888888888,602.5,0,2,0.14
603.0,14,0,0,0,0,0,0,0,0,12.66849735333021,0.0038888888888888888,603.0,0,2,0.14
603.5,14,0,0,0,0,0,0,0,0,12.661663992315818,0.0038888888888888888,603.5,0,2,0.14
604.0,14,0,0,0,0,0,0,0,0,12.680753405127263,0.0038888888888888888,604.0,0,2,0.14
604.5,14,0,0,0,0,0,0,0,0,12.681618457490798,0.0038888888888888888,604.5,0,2,0.14
605.0,14,0,0,0,0,0,0,0,0,12.724754064144653,0.0038888888888888888,605.0,0,2,0.14
605.5,18,0,0,0,0,0,0,0,0,12.922718603807542,0.005,605.5,0,2,0.18
606.0,18,0,0,0,0,0,0,0,0,12.819736932479426,0.005,606.0,0,2,0.18
606.5,18,0,0,0,0,0,0,0,0,12.800453705165419,0.005,606.5,0,2,0.18
607.0,18,0,0,0,0,0,0,0,0,12.81353836764601,0.005,607.0,0,2,0.18
607.5,18,0,0,0,0,0,0,0,0,12.8707163806973,0.005,607.5,0,2,0.18
608.0,18,0,0,0,0,0,0,0,0,12.850063752287339,0.005,608.0,0,2,0.18
608.5,18,0,0,0,0,0,0,0,0,12.905837617197603,0.005,608.5,0,2,0.18
609.0,18,0,0,0,0,0,0,0,0,12.873411371439968,0.005,609.0,0,2,0.18
609.5,18,0,0,0,0,0,0,0,0,12.726383505505778,0.005,609.5,0,2,0.18
610.0,18,0,0,0,0,0,0,0,0,12.527941346811657,0.005,610.0,0,2,0.18
610.5,18,0,0,0,0,0,0,0,0,12.300816699854986,0.005,610.5,0,2,0.18
611.0,18,0,0,0,0,0,0,0,0,12.108054660402887,0.005,611.0,0,2,0.18
611.5,18,0,0,0,0,0,0,0,0,11.802057221889445,0.005,611.5,0,2,0.18
612.0,18,0,0,0,0,0,0,0,0,11.604424534397253,0.005,612.0,0,2,0.18
612.5,18,0,1,0,0,0,1,0,0,11.380085029079659,0.005,612.5,0,2,0.18
613.0,18,0,1,0,0,0,1,0,0,11.390599754188965,0.005,613.0,0,2,0.18
613.5,18,1,1,0,0,1,1,0,0,11.338601339958025,0.005,613.5,0,2,0.18
614.0,18,1,1,0,0,1,1,0,0,11.39952419834103,0.005,614.0,0,2,0.18
614.5,18,1,1,0,0,1,1,0,0,11.344640460101719,0.005,614.5,0,2,0.18
615.0,18,1,1,0,0,1,1,0,0,11.272168370145177,0.005,615.0,0,2,0.18
615.5,18,1,1,0,0,1,1,0,0,11.328345885455306,0.005,615.5,0,2,0.18
616.0,18,1,1,0,0,1,1,0,0,11.274327891657707,0.005,616.0,0,2,0.18
616.5,18,1,1,0,0,1,1,0,0,11.352349598599377,0.005,616.5,0,2,0.18
617.0,18,1,1,0,0,1,1,0,0,11.38893563476126,0.005,617.0,0,2,0.18
617.5,18,1,1,0,0,1,1,0,0,11.323653986608,0.005,617.5,0,2,0.18
618.0,18,1,1,0,0,1,1,0,0,11.300566147775845,0.005,618.0,0,2,0.18
618.5,18,1,1,0,0,1,1,0,0,11.32056255205567,0.005,618.5,0,2,0.18
619.0,18,1,1,0,0,1,1,0,0,11.317375723222439,0.005,619.0,0,2,0.18
619.5,17,1,1,0,0,1,1,0,0,11.196352503764153,0.004722222222222222,619.5,0,2,0.17
620.0,17,1,1,0,0,1,1,0,0,11.171406148299173,0.004722222222222222,620.0,0,2,0.17
620.5,17,1,1,0,0,1,1,0,0,11.243898601479811,0.004722222222222222,620.5,0,2,0.17
621.0,17,1,1,0,0,1,1,0,0,11.262298996818181,0.004722222222222222,621.0,0,2,0.17
621.5,17,1,1,0,0,1,1,0,0,11.250740954548077,0.004722222222222222,621.5,0,2,0.17
622.0,17,1,1,0,0,1,1,0,0,11.258729981428763,0.004722222222222222,622.0,0,2,0.17
622.5,16,1,1,0,0,1,1,0,0,11.167355784832491,0.0044444444444444444,622.5,0,2,0.16
623.0,16,1,1,0,0,1,1,0,0,11.126107166037858,0.0044444444444444444,623.0,0,2,0.16
623.5,16,1,1,0,0,1,1,0,0,11.091806293543508,0.0044444444444444444,623.5,0,2,0.16
624.0,16,1,1,0,0,1,1,0,0,11.141510863310126,0.0044444444444444444,624.0,0,2,0.16
624.5,16,1,1,0,0,1,1,0,0,11.122522072378072,0.0044444444444444444,624.5,0,2,0.16
625.0,16,1,1,0,0,1,1,0,0,11.132135668908907,0.0044444444444444444,625.0,0,2,0.16
625.5,14,1,1,0,0,1,1,0,0,10.81711752555402,0.0038888888888888888,625.5,0,2,0.14
626.0,13,1,1,0,0,1,1,0,0,10.551527423031224,0.003611111111111111,626.0,0,2,0.13
626.5,13,1,1,0,0,1,1,0,0,10.57858668988,0.003611111111111111,626.5,0,2,0.13
627.0,13,1,1,0,0,1,1,0,0,10.537507484766609,0.003611111111111111,627.0,0,3,0.13
627.5,13,1,1,0,0,1,1,0,0,10.536219167723884,0.003611111111111111,627.5,0,3,0.13
628.0,12,1,1,0,0,1,1,0,0,10.467990445955532,0.0033333333333333335,628.0,0,3,0.12
628.5,12,1,1,0,0,1,1,0,0,10.371470634717527,0.0033333333333333335,628.5,0,3,0.12
629.0,12,1,1,0,0,1,1,0,0,10.401977750744043,0.0033333333333333335,629.0,0,3,0.12
629.5,12,1,1,0,0,1,1,0,0,10.401934835782034,0.0033333333333333335,629.5,0,3,0.12
630.0,12,0,0,0,0,0,0,0,0,10.646400849385996,0.0033333333333333335,630.0,0,0,0.12
630.5,12,0,0,0,0,0,0,0,0,10.72226778994696,0.0033333333333333335,630.5,0,0,0.12
631.0,12,0,0,0,0,0,0,0,0,10.91834781180498,0.0033333333333333335,631.0,0,0,0.12
631.5,12,0,0,0,0,0,0,0,0,10.939397701470037,0.0033333333333333335,631.5,0,0,0.12
632.0,12,0,0,0,0,0,0,0,0,11.109552902610284,0.0033333333333333335,632.0,0,0,0.12
632.5,12,0,0,0,0,0,0,0,0,11.281512662811371,0.0033333333333333335,632.5,0,0,0.12
633.0,12,0,0,0,0,0,0,0,0,11.465860209646374,0.0033333333333333335,633.0,0,0,0.12
633.5,12,0,0,0,0,0,0,0,0,11.629571945671662,0.0033333333333333335,633.5,0,0,0.12
634.0,12,0,0,0,0,0,0,0,0,11.816056089802037,0.0033333333333333335,634.0,0,0,0.12
634.5,12,0,0,0,0,0,0,0,0,11.967185641281281,0.0033333333333333335,634.5,0,0,0.12
635.0,12,0,0,0,0,0,0,0,0,12.144327576095947,0.0033333333333333335,635.0,0,0,0.12
635.5,16,0,0,0,0,0,0,0,0,12.464749901689762,0.0044444444444444444,635.5,0,0,0.16
636.0,16,0,0,0,0,0,0,0,0,12.59207249830765,0.0044444444444444444,636.0,0,0,0.16
636.5,16,0,0,0,0,0,0,0,0,12.78808557462311,0.0044444444444444444,636.5,0,0,0.16
637.0,16,0,0,0,0,0,0,0,0,12.913364059205268,0.0044444444444444444,637.0,0,0,0.16
637.5,16,0,0,0,0,0,0,0,0,12.781843065398498,0.0044444444444444444,637.5,0,0,0.16
638.0,16,0,0,0,0,0,0,0,0,12.914273392297837,0.0044444444444444444,638.0,0,0,0.16
638.5,16,0,0,0,0,0,0,0,0,12.83145791371142,0.0044444444444444444,638.5,0,0,0.16
639.0,16,0,0,0,0,0,0,0,0,12.816941907048822,0.0044444444444444444,639.0,0,0,0.16
639.5,16,0,0,0,0,0,0,0,0,12.853901731679143,0.0044444444444444444,639.5,0,0,0.16
640.0,16,0,0,0,0,0,0,0,0,12.717300171412042,0.0044444444444444444,640.0,0,0,0.16
640.5,16,0,0,0,0,0,0,0,0,12.503065596829535,0.0044444444444444444,640.5,0,0,0.16
641.0,16,0,0,0,0,0,0,0,0,12.21626382095505,0.0044444444444444444,641.0,0,0,0.16
641.5,16,0,0,0,0,0,0,0,0,11.71125055803406,0.0044444444444444444,641.5,0,0,0.16
642.0,16,0,0,0,0,0,0,0,0,11.271324321964695,0.0044444444444444444,642.0,0,0,0.16
642.5,16,0,0,0,0,0,0,0,0,10.79596625213083,0.0044444444444444444,642.5,0,0,0.16
643.0,16,0,0,0,1,0,0,0,1,10.42468279428203,0.0044444444444444444,643.0,0,0,0.16
643.5,16,0,0,0,1,0,0,0,1,10.269429509747194,0.0044444444444444444,643.5,0,0,0.16
644.0,16,0,0,1,1,0,0,1,1,10.167913702440842,0.0044444444444444444,644.0,0,0,0.16
644.5,16,0,0,1,1,0,0,1,1,10.043219686504024,0.0044444444444444444,644.5,0,0,0.16
645.0,16,0,0,1,1,0,0,1,1,9.89016265113328,0.0044444444444444444,645.0,0,0,0.16
645.5,16,0,0,1,1,0,0,1,1,9.847594981133069,0.0044444444444444444,645.5,0,0,0.16
646.0,16,0,0,1,1,0,0,1,1,9.846403579553087,0.0044444444444444444,646.0,0,0,0.16
646.5,16,0,0,1,1,0,0,1,1,9.726024939907237,0.0044444444444444444,646.5,0,0,0.16
647.0,16,0,0,2,2,0,0,2,2,9.827954414906365,0.0044444444444444444,647.0,0,0,0.16
647.5,16,0,0,2,2,0,0,2,2,9.756992148169997,0.0044444444444444444,647.5,0,0,0.16
648.0,16,0,0,1,1,0,0,1,1,9.900796969528098,0.0044444444444444444,648.0,0,0,0.16
648.5,15,0,0,1,1,0,0,1,1,9.722814590689875,0.004166666666666667,648.5,0,0,0.15
649.0,15,0,0,1,1,0,0,1,1,9.64953612929939,0.004166666666666667,649.0,0,0,0.15
649.5,15,0,0,1,1,0,0,1,1,9.825578268788439,0.004166666666666667,649.5,0,0,0.15
650.0,15,0,0,1,1,0,0,1,1,9.874493257733521,0.004166666666666667,650.0,0,0,0.15
650.5,14,0,0,1,1,0,0,1,1,9.754922623747756,0.0038888888888888888,650.5,0,0,0.14
651.0,14,0,0,1,1,0,0,1,1,9.672081324822722,0.0038888888888888888,651.0,0,0,0.14
651.5,14,0,0,1,1,0,0,1,1,9.5159203260193,0.0038888888888888888,651.5,0,0,0.14
652.0,14,0,0,1,1,0,0,1,1,9.25712344848128,0.0038888888888888888,652.0,0,0,0.14
652.5,14,0,0,2,2,0,0,2,2,9.161466848072706,0.0038888888888888888,652.5,0,0,0.14
653.0,14,0,0,2,2,0,0,2,2,9.292349437277336,0.0038888888888888888,653.0,0,0,0.14
653.5,14,0,0,2,2,0,0,2,2,9.3047249448272,0.0038888888888888888,653.5,0,0,0.14
654.0,14,0,0,2,2,0,0,2,2,9.215955492736935,0.0038888888888888888,654.0,0,0,0.14
654.5,14,0,0,2,2,0,0,2,2,9.325988444331765,0.0038888888888888888,654.5,0,0,0.14
655.0,14,0,0,2,2,0,0,2,2,9.233257823113217,0.0038888888888888888,655.0,0,0,0.14
655.5,14,0,0,2,2,0,0,2,2,9.24417733555317,0.0038888888888888888,655.5,0,0,0.14
656.0,14,0,0,2,2,0,0,2,2,9.267470277179862,0.0038888888888888888,656.0,0,0,0.14
656.5,14,0,0,2,2,0,0,2,2,9.274965328495414,0.0038888888888888888,656.5,0,0,0.14
657.0,14,0,0,2,2,0,0,2,2,9.220639857713063,0.0038888888888888888,657.0,0,0,0.14
657.5,14,0,0,2,2,0,0,2,2,9.22020712967253,0.0038888888888888888,657.5,0,0,0.14
658.0,14,0,0,2,2,0,0,2,2,9.268398740981668,0.0038888888888888888,658.0,0,0,0.14
658.5,14,0,0,2,2,0,0,2,2,9.266738216979826,0.0038888888888888888,658.5,0,0,0.14
659.0,14,0,0,2,2,0,0,2,2,9.267884063021443,0.0038888888888888888,659.0,0,0,0.14
659.5,14,0,0,2,2,0,0,2,2,9.291038427458739,0.0038888888888888888,659.5,0,0,0.14
660.0,14,0,0,2,2,0,0,2,2,9.320628506570584,0.0038888888888888888,660.0,0,0,0.14
660.5,14,0,0,2,2,0,0,2,2,9.179733859933142,0.0038888888888888888,660.5,0,0,0.14
661.0,14,0,0,2,2,0,0,2,2,9.261382221776524,0.0038888888888888888,661.0,0,0,0.14
661.5,14,0,0,2,2,0,0,2,2,9.280955445844677,0.0038888888888888888,661.5,0,0,0.14
662.0,14,0,0,2,2,0,0,2,2,9.263313831241001,0.0038888888888888888,662.0,0,0,0.14
662.5,14,0,0,2,2,0,0,2,2,9.270764029636442,0.0038888888888888888,662.5,0,0,0.14
663.0,14,0,0,2,2,0,0,2,2,9.249753138133656,0.0038888888888888888,663.0,0,0,0.14
663.5,14,0,0,2,2,0,0,2,2,9.3125247993399,0.0038888888888888888,663.5,0,0,0.14
664.0,14,0,0,2,2,0,0,2,2,9.269550795770048,0.0038888888888888888,664.0,0,0,0.14
664.5,14,0,0,2,2,0,0,2,2,9.27619654184014,0.0038888888888888888,664.5,0,0,0.14
665.0,14,0,0,2,2,0,0,2,2,9.314183923844144,0.0038888888888888888,665.0,0,0,0.14
665.5,14,0,0,2,2,0,0,2,2,9.318638594340529,0.0038888888888888888,665.5,0,0,0.14
666.0,18,0,0,3,3,0,0,3,3,8.650565777717855,0.005,666.0,0,0,0.18
666.5,18,0,0,2,2,0,0,2,2,8.795442215346265,0.005,666.5,0,0,0.18
667.0,18,0,0,2,2,0,0,2,2,8.865805628506278,0.005,667.0,0,0,0.18
667.5,18,0,0,2,2,0,0,2,2,8.961521749954354,0.005,667.5,0,0,0.18
668.0,18,0,0,2,2,0,0,2,2,8.997745166760861,0.005,668.0,0,0,0.18
668.5,18,0,0,2,2,0,0,2,2,9.16990348503381,0.005,668.5,0,0,0.18
669.0,18,0,0,2,2,0,0,2,2,9.30889802713144,0.005,669.0,0,0,0.18
669.5,18,0,0,2,2,0,0,2,2,9.20672508046549,0.005,669.5,0,0,0.18
670.0,18,0,0,2,2,0,0,2,2,9.18869842934843,0.005,670.0,0,0,0.18
670.5,18,0,0,2,2,0,0,2,2,9.166901018538182,0.005,670.5,0,0,0.18
671.0,16,0,0,2,2,0,0,2,2,8.489080852449957,0.0044444444444444444,671.0,0,0,0.16
671.5,16,0,0,2,2,0,0,2,2,8.396096002897982,0.0044444444444444444,671.5,0,0,0.16
672.0,16,0,0,2,2,0,0,2,2,8.299927986788141,0.0044444444444444444,672.0,0,1,0.16
672.5,16,0,0,2,2,0,0,2,2,8.353610357727913,0.0044444444444444444,672.5,0,1,0.16
673.0,16,0,0,2,2,0,0,2,2,8.213316485499814,0.0044444444444444444,673.0,0,1,0.16
673.5,16,0,0,2,2,0,0,2,2,8.153079904427866,0.0044444444444444444,673.5,0,1,0.16
674.0,16,0,0,2,2,0,0,2,2,8.029765924387442,0.0044444444444444444,674.0,0,1,0.16
674.5,16,0,0,2,2,0,0,2,2,8.040154086043465,0.0044444444444444444,674.5,0,1,0.16
675.0,16,0,0,0,1,0,0,0,1,8.293702305969454,0.0044444444444444444,675.0,0,2,0.16
675.5,16,0,0,0,0,0,0,0,0,8.435471956481278,0.0044444444444444444,675.5,0,2,0.16
676.0,16,0,0,0,0,0,0,0,0,8.637168390137246,0.0044444444444444444,676.0,0,2,0.16
676.5,16,0,0,0,0,0,0,0,0,9.000519586399625,0.0044444444444444444,676.5,0,2,0.16
677.0,16,0,0,0,0,0,0,0,0,9.248126684554174,0.0044444444444444444,677.0,0,2,0.16
677.5,16,0,0,0,0,0,0,0,0,9.51010830367991,0.0044444444444444444,677.5,0,2,0.16
678.0,16,0,0,0,0,0,0,0,0,9.825709193474498,0.0044444444444444444,678.0,0,2,0.16
678.5,16,0,0,0,0,0,0,0,0,10.175812569047004,0.0044444444444444444,678.5,0,2,0.16
679.0,15,0,0,0,0,0,0,0,0,10.21559095754338,0.004166666666666667,679.0,0,2,0.15
679.5,15,0,0,0,0,0,0,0,0,10.573860128207508,0.004166666666666667,679.5,0,2,0.15
680.0,15,0,0,0,0,0,0,0,0,10.831736169719452,0.004166666666666667,680.0,0,2,0.15
680.5,15,0,0,0,0,0,0,0,0,11.256512189015488,0.004166666666666667,680.5,0,2,0.15
681.0,15,0,0,0,0,0,0,0,0,11.414183273345746,0.004166666666666667,681.0,0,2,0.15
681.5,14,0,0,0,0,0,0,0,0,11.714739833075864,0.0038888888888888888,681.5,0,2,0.14
682.0,14,0,0,0,0,0,0,0,0,11.864448271653881,0.0038888888888888888,682.0,0,2,0.14
682.5,14,0,0,0,0,0,0,0,0,12.073631432108057,0.0038888888888888888,682.5,0,2,0.14
683.0,14,0,0,0,0,0,0,0,0,12.15096939134928,0.0038888888888888888,683.0,0,2,0.14
683.5,14,0,0,0,0,0,0,0,0,12.14027066659779,0.0038888888888888888,683.5,0,2,0.14
684.0,14,0,0,0,0,0,0,0,0,12.263699817363973,0.0038888888888888888,684.0,0,2,0.14
684.5,14,0,0,0,0,0,0,0,0,12.430543092130232,0.0038888888888888888,684.5,0,2,0.14
685.0,14,0,0,0,0,0,0,0,0,12.474507697017444,0.0038888888888888888,685.0,0,2,0.14
685.5,14,0,0,0,0,0,0,0,0,12.507777496184644,0.0038888888888888888,685.5,0,2,0.14
686.0,14,0,0,0,0,0,0,0,0,12.553594424997865,0.0038888888888888888,686.0,0,2,0.14
686.5,14,0,0,0,0,0,0,0,0,12.633491789234464,0.0038888888888888888,686.5,0,2,0.14
687.0,14,0,0,0,0,0,0,0,0,12.7563111254901,0.0038888888888888888,687.0,0,2,0.14
687.5,14,0,0,0,0,0,0,0,0,12.549914635664463,0.0038888888888888888,687.5,0,2,0.14
688.0,14,0,0,0,0,0,0,0,0,12.668226669890203,0.0038888888888888888,688.0,0,2,0.14
688.5,14,0,0,0,0,0,0,0,0,12.67368411908484,0.0038888888888888888,688.5,0,2,0.14
689.0,14,0,0,0,0,0,0,0,0,12.70519700560983,0.0038888888888888888,689.0,0,2,0.14
689.5,14,0,0,0,0,0,0,0,0,12.711135676469556,0.0038888888888888888,689.5,0,2,0.14
690.0,14,0,0,0,0,0,0,0,0,12.64317133267318,0.0038888888888888888,690.0,0,2,0.14
690.5,12,0,0,0,0,0,0,0,0,13.01795667104828,0.0033333333333333335,690.5,0,2,0.12
691.0,12,0,0,0,0,0,0,0,0,13.015945159008163,0.0033333333333333335,691.0,0,2,0.12
691.5,12,0,0,0,0,0,0,0,0,12.986514295749535,0.0033333333333333335,691.5,0,2,0.12
692.0,12,0,0,0,0,0,0,0,0,13.021739921819519,0.0033333333333333335,692.0,0,2,0.12
692.5,12,0,0,0,0,0,0,0,0,12.906106530537443,0.0033333333333333335,692.5,0,2,0.12
693.0,12,0,0,0,0,0,0,0,0,12.88223025092387,0.0033333333333333335,693.0,0,2,0.12
693.5,12,0,0,0,0,0,0,0,0,12.995128051209413,0.0033333333333333335,693.5,0,2,0.12
694.0,12,0,0,0,0,0,0,0,0,13.002013891914023,0.0033333333333333335,694.0,0,2,0.12
694.5,12,0,0,0,0,0,0,0,0,12.983708264778036,0.0033333333333333335,694.5,0,2,0.12
695.0,12,0,0,0,0,0,0,0,0,12.927625027434566,0.0033333333333333335,695.0,0,2,0.12
695.5,12,0,0,0,0,0,0,0,0,12.965862014773187,0.0033333333333333335,695.5,0,2,0.12
696.0,16,0,0,0,0,0,0,0,0,12.959850013236673,0.0044444444444444444,696.0,0,2,0.16
696.5,16,0,0,0,0,0,0,0,0,12.977104771914663,0.0044444444444444444,696.5,0,2,0.16
697.0,16,0,0,0,0,0,0,0,0,12.927279389006813,0.0044444444444444444,697.0,0,2,0.16
697.5,16,0,0,0,0,0,0,0,0,12.867174571295996,0.0044444444444444444,697.5,0,2,0.16
698.0,16,0,0,0,0,0,0,0,0,12.847751911059634,0.0044444444444444444,698.0,0,2,0.16
698.5,16,0,0,0,0,0,0,0,0,12.94360979164996,0.0044444444444444444,698.5,0,2,0.16
699.0,16,0,0,0,0,0,0,0,0,12.938718640063248,0.0044444444444444444,699.0,0,2,0.16
699.5,16,0,0,0,0,0,0,0,0,12.87852647331421,0.0044444444444444444,699.5,0,2,0.16
700.0,16,0,0,0,0,0,0,0,0,12.90249552154907,0.0044444444444444444,700.0,0,2,0.16
700.5,16,0,0,0,0,0,0,0,0,12.817629960348144,0.0044444444444444444,700.5,0,2,0.16
701.0,16,0,0,0,0,0,0,0,0,12.754133138107171,0.0044444444444444444,701.0,0,2,0.16
701.5,16,0,0,0,0,0,0,0,0,12.597730675356795,0.0044444444444444444,701.5,0,2,0.16
702.0,16,0,0,0,0,0,0,0,0,12.423300354114069,0.0044444444444444444,702.0,0,2,0.16
702.5,16,0,0,0,0,0,0,0,0,12.320461535070098,0.0044444444444444444,702.5,0,2,0.16
703.0,16,0,0,0,0,0,0,0,0,12.209407299090008,0.0044444444444444444,703.0,0,2,0.16
703.5,16,0,0,0,0,0,0,0,0,12.099490078415464,0.0044444444444444444,703.5,0,2,0.16
704.0,16,1,0,0,0,1,0,0,0,12.069203309665673,0.0044444444444444444,704.0,0,2,0.16
704.5,16,1,0,0,0,1,0,0,0,12.105099929142316,0.0044444444444444444,704.5,0,2,0.16
705.0,16,1,0,0,0,1,0,0,0,12.102347077046538,0.0044444444444444444,705.0,0,2,0.16
705.5,16,1,0,0,0,1,0,0,0,11.861304684568418,0.0044444444444444444,705.5,0,2,0.16
706.0,16,1,0,0,0,1,0,0,0,11.814733095645803,0.0044444444444444444,706.0,0,2,0.16
706.5,16,1,0,0,0,1,0,0,0,11.608572439246895,0.0044444444444444444,706.5,0,2,0.16
707.0,16,1,0,0,0,1,0,0,0,11.53801358797175,0.0044444444444444444,707.0,0,2,0.16
707.5,16,1,0,0,0,1,0,0,0,11.364363557363678,0.0044444444444444444,707.5,0,2,0.16
708.0,16,1,0,0,0,1,0,0,0,11.331737015144077,0.0044444444444444444,708.0,0,2,0.16
708.5,16,1,1,0,0,1,1,0,0,11.261318407802307,0.0044444444444444444,708.5,0,2,0.16
709.0,15,1,1,0,0,1,1,0,0,11.195287303829856,0.004166666666666667,709.0,0,2,0.15
709.5,14,1,1,0,0,1,1,0,0,11.015229652381132,0.0038888888888888888,709.5,0,2,0.14
710.0,14,1,1,0,0,1,1,0,0,11.004801004755915,0.0038888888888888888,710.0,0,2,0.14
710.5,14,1,1,0,0,1,1,0,0,10.996854799918365,0.0038888888888888888,710.5,0,2,0.14
711.0,14,1,1,0,0,1,1,0,0,10.943579386427404,0.0038888888888888888,711.0,0,2,0.14
711.5,14,1,1,0,0,1,1,0,0,11.000912044350985,0.0038888888888888888,711.5,0,2,0.14
712.0,14,1,1,0,0,1,1,0,0,10.92057642475103,0.0038888888888888888,712.0,0,2,0.14
712.5,14,1,1,0,0,1,1,0,0,10.986745737393083,0.0038888888888888888,712.5,0,2,0.14
713.0,14,1,1,0,0,1,1,0,0,10.953950622381283,0.0038888888888888888,713.0,0,2,0.14
713.5,14,1,1,0,0,1,1,0,0,10.982224576553111,0.0038888888888888888,713.5,0,2,0.14
714.0,14,1,1,0,0,1,1,0,0,11.055642949813562,0.0038888888888888888,714.0,0,2,0.14
714.5,14,1,1,0,0,1,1,0,0,11.001800712493042,0.0038888888888888888,714.5,0,2,0.14
715.0,14,1,1,0,0,1,1,0,0,10.990839833943168,0.0038888888888888888,715.0,0,2,0.14
715.5,13,1,1,0,0,1,1,0,0,10.81982070834268,0.003611111111111111,715.5,0,2,0.13
716.0,12,1,1,0,0,1,1,0,0,10.630456372376036,0.0033333333333333335,716.0,0,2,0.12
716.5,12,1,1,0,0,1,1,0,0,10.583165080414009,0.0033333333333333335,716.5,0,2,0.12
717.0,12,1,1,0,0,1,1,0,0,10.61551927291669,0.0033333333333333335,717.0,0,3,0.12
717.5,11,1,1,0,0,1,1,0,0,10.29043397837675,0.0030555555555555557,717.5,0,3,0.11
718.0,11,1,1,0,0,1,1,0,0,10.25740189023842,0.0030555555555555557,718.0,0,3,0.11
718.5,10,1,1,0,0,1,1,0,0,9.961917591174302,0.002777777777777778,718.5,0,3,0.1
719.0,10,1,1,0,0,1,1,0,0,10.005994198942957,0.002777777777777778,719.0,0,3,0.1
719.5,10,1,1,0,0,1,1,0,0,10.023471718587848,0.002777777777777778,719.5,0,3,0.1
720.0,10,0,0,0,0,0,0,0,0,10.264195794448773,0.002777777777777778,720.0,0,0,0.1
720.5,10,0,0,0,0,0,0,0,0,10.412411742694282,0.002777777777777778,720.5,0,0,0.1
721.0,10,0,0,0,0,0,0,0,0,10.686596063654473,0.002777777777777778,721.0,0,0,0.1
721.5,10,0,0,0,0,0,0,0,0,10.83613160620637,0.002777777777777778,721.5,0,0,0.1
722.0,10,0,0,0,0,0,0,0,0,11.105440753097252,0.002777777777777778,722.0,0,0,0.1
722.5,10,0,0,0,0,0,0,0,0,11.250091197682384,0.002777777777777778,722.5,0,0,0.1
723.0,10,0,0,0,0,0,0,0,0,11.420758087567126,0.002777777777777778,723.0,0,0,0.1
723.5,10,0,0,0,0,0,0,0,0,11.663707300775755,0.002777777777777778,723.5,0,0,0.1
724.0,10,0,0,0,0,0,0,0,0,11.836532764783666,0.002777777777777778,724.0,0,0,0.1
724.5,10,0,0,0,0,0,0,0,0,11.910282990414021,0.002777777777777778,724.5,0,0,0.1
725.0,10,0,0,0,0,0,0,0,0,12.201936604546686,0.002777777777777778,725.0,0,0,0.1
725.5,10,0,0,0,0,0,0,0,0,12.249299089600871,0.002777777777777778,725.5,0,0,0.1
726.0,10,0,0,0,0,0,0,0,0,12.426527026046827,0.002777777777777778,726.0,0,0,0.1
726.5,14,0,0,0,0,0,0,0,0,12.843610545881408,0.0038888888888888888,726.5,0,0,0.14
727.0,13,0,0,0,0,0,0,0,0,12.90583597548429,0.003611111111111111,727.0,0,0,0.13
727.5,12,0,0,0,0,0,0,0,0,12.985589138653765,0.0033333333333333335,727.5,0,0,0.12
728.0,12,0,0,0,0,0,0,0,0,13.053742257005629,0.0033333333333333335,728.0,0,0,0.12
728.5,12,0,0,0,0,0,0,0,0,13.058261561702798,0.0033333333333333335,728.5,0,0,0.12
729.0,12,0,0,0,0,0,0,0,0,13.053317895182966,0.0033333333333333335,729.0,0,0,0.12
729.5,12,0,0,0,0,0,0,0,0,13.118006362172869,0.0033333333333333335,729.5,0,0,0.12
730.0,12,0,0,0,0,0,0,0,0,13.04177842241729,0.0033333333333333335,730.0,0,0,0.12
730.5,12,0,0,0,0,0,0,0,0,13.045986456631192,0.0033333333333333335,730.5,0,0,0.12
731.0,12,0,0,0,0,0,0,0,0,13.182221417807718,0.0033333333333333335,731.0,0,0,0.12
731.5,12,0,0,0,0,0,0,0,0,13.089841974242956,0.0033333333333333335,731.5,0,0,0.12
732.0,12,0,0,0,0,0,0,0,0,13.011623286184792,0.0033333333333333335,732.0,0,0,0.12
732.5,12,0,0,0,0,0,0,0,0,13.044335646842546,0.0033333333333333335,732.5,0,0,0.12
733.0,12,0,0,0,0,0,0,0,0,13.037720197116698,0.0033333333333333335,733.0,0,0,0.12
733.5,12,0,0,0,0,0,0,0,0,13.086254144067619,0.0033333333333333335,733.5,0,0,0.12
734.0,12,0,0,0,0,0,0,0,0,12.846690591019106,0.0033333333333333335,734.0,0,0,0.12
734.5,12,0,0,0,0,0,0,0,0,12.79439569578939,0.0033333333333333335,734.5,0,0,0.12
735.0,12,0,0,0,0,0,0,0,0,12.511407851797728,0.0033333333333333335,735.0,0,0,0.12
735.5,12,0,0,0,0,0,0,0,0,12.395536013014814,0.0033333333333333335,735.5,0,0,0.12
736.0,12,0,0,0,0,0,0,0,0,12.179787215062559,0.0033333333333333335,736.0,0,0,0.12
736.5,12,0,0,0,0,0,0,0,0,12.055483572898458,0.0033333333333333335,736.5,0,0,0.12
737.0,12,0,0,0,0,0,0,0,0,12.102883058504936,0.0033333333333333335,737.0,0,0,0.12
737.5,12,0,0,1,0,0,0,1,0,12.082364979819493,0.0033333333333333335,737.5,0,0,0.12
738.0,12,0,0,1,0,0,0,1,0,11.835632867660372,0.0033333333333333335,738.0,0,0,0.12
738.5,12,0,0,1,0,0,0,1,0,11.801760218491879,0.0033333333333333335,738.5,0,0,0.12
739.0,12,0,0,1,0,0,0,1,0,11.547650345346526,0.0033333333333333335,739.0,0,0,0.12
739.5,12,0,0,1,0,0,0,1,0,11.43470351373985,0.0033333333333333335,739.5,0,0,0.12
740.0,12,0,0,1,0,0,0,1,0,11.345037027822903,0.0033333333333333335,740.0,0,0,0.12
740.5,12,0,0,1,0,0,0,1,0,11.052888736371356,0.0033333333333333335,740.5,0,0,0.12
741.0,12,0,0,1,1,0,0,1,1,11.110884682200526,0.0033333333333333335,741.0,0,0,0.12
741.5,12,0,0,1,1,0,0,1,1,11.106316392892547,0.0033333333333333335,741.5,0,0,0.12
742.0,12,0,0,1,1,0,0,1,1,11.08673482335098,0.0033333333333333335,742.0,0,0,0.12
742.5,10,0,0,1,1,0,0,1,1,10.581519276771498,0.002777777777777778,742.5,0,0,0.1
743.0,10,0,0,1,1,0,0,1,1,10.54435172396995,0.002777777777777778,743.0,0,0,0.1
743.5,10,0,0,1,1,0,0,1,1,10.575304481941778,0.002777777777777778,743.5,0,0,0.1
744.0,10,0,0,1,1,0,0,1,1,10.541153856982048,0.002777777777777778,744.0,0,0,0.1
744.5,10,0,0,1,1,0,0,1,1,10.491553006420647,0.002777777777777778,744.5,0,0,0.1
745.0,10,0,0,1,1,0,0,1,1,10.559366741126208,0.002777777777777778,745.0,0,0,0.1
745.5,10,0,0,1,1,0,0,1,1,10.515463325297961,0.002777777777777778,745.5,0,0,0.1
746.0,10,0,0,1,1,0,0,1,1,10.494702322654694,0.002777777777777778,746.0,0,0,0.1
746.5,10,0,0,1,1,0,0,1,1,10.595591865841337,0.002777777777777778,746.5,0,0,0.1
747.0,10,0,0,1,1,0,0,1,1,10.587949981437333,0.002777777777777778,747.0,0,0,0.1
747.5,10,0,0,1,1,0,0,1,1,10.619062034177398,0.002777777777777778,747.5,0,0,0.1
748.0,10,0,0,1,1,0,0,1,1,10.636399669797894,0.002777777777777778,748.0,0,0,0.1
748.5,10,0,0,1,1,0,0,1,1,10.603770914411209,0.002777777777777778,748.5,0,0,0.1
749.0,10,0,0,1,1,0,0,1,1,10.610993350046256,0.002777777777777778,749.0,0,0,0.1
749.5,10,0,0,1,1,0,0,1,1,10.550622999190157,0.002777777777777778,749.5,0,0,0.1
750.0,10,0,0,1,1,0,0,1,1,10.588786725105523,0.002777777777777778,750.0,0,0,0.1
750.5,10,0,0,1,1,0,0,1,1,10.523692006853445,0.002777777777777778,750.5,0,0,0.1
751.0,10,0,0,1,1,0,0,1,1,10.561815713333703,0.002777777777777778,751.0,0,0,0.1
751.5,10,0,0,1,1,0,0,1,1,10.56457980175087,0.002777777777777778,751.5,0,0,0.1
752.0,10,0,0,1,1,0,0,1,1,10.469672545140414,0.002777777777777778,752.0,0,0,0.1
752.5,10,0,0,1,1,0,0,1,1,10.656675609145815,0.002777777777777778,752.5,0,0,0.1
753.0,10,0,0,1,1,0,0,1,1,10.600492385335304,0.002777777777777778,753.0,0,0,0.1
753.5,10,0,0,1,1,0,0,1,1,10.681951940635255,0.002777777777777778,753.5,0,0,0.1
754.0,10,0,0,1,1,0,0,1,1,10.641965626085213,0.002777777777777778,754.0,0,0,0.1
754.5,10,0,0,1,1,0,0,1,1,10.641558311039619,0.002777777777777778,754.5,0,0,0.1
755.0,10,0,0,1,1,0,0,1,1,10.595590666684359,0.002777777777777778,755.0,0,0,0.1
755.5,10,0,0,1,1,0,0,1,1,10.564699006620133,0.002777777777777778,755.5,0,0,0.1
756.0,10,0,0,1,1,0,0,1,1,10.547034109882581,0.002777777777777778,756.0,0,0,0.1
756.5,14,0,0,1,1,0,0,1,1,11.30922911567462,0.0038888888888888888,756.5,0,0,0.14
757.0,14,0,0,1,1,0,0,1,1,11.223716854100033,0.0038888888888888888,757.0,0,0,0.14
757.5,14,0,0,1,1,0,0,1,1,11.270564017992516,0.0038888888888888888,757.5,0,0,0.14
758.0,14,0,0,1,1,0,0,1,1,11.35366611844313,0.0038888888888888888,758.0,0,0,0.14
758.5,14,0,0,1,1,0,0,1,1,11.294660785007308,0.0038888888888888888,758.5,0,0,0.14
759.0,14,0,0,1,1,0,0,1,1,11.307186433567816,0.0038888888888888888,759.0,0,0,0.14
759.5,14,0,0,1,1,0,0,1,1,11.312503054226331,0.0038888888888888888,759.5,0,0,0.14
760.0,14,0,0,1,1,0,0,1,1,11.363412858114728,0.0038888888888888888,760.0,0,0,0.14
760.5,13,0,0,1,1,0,0,1,1,11.099202329760185,0.003611111111111111,760.5,0,0,0.13
761.0,13,0,0,1,1,0,0,1,1,11.068068375276795,0.003611111111111111,761.0,0,0,0.13
761.5,13,0,0,1,1,0,0,1,1,10.861554779752156,0.003611111111111111,761.5,0,0,0.13
762.0,13,0,0,1,1,0,0,1,1,10.781474564920712,0.003611111111111111,762.0,0,1,0.13
762.5,13,0,0,1,1,0,0,1,1,10.497853373045244,0.003611111111111111,762.5,0,1,0.13
763.0,13,0,0,1,1,0,0,1,1,10.385929804859897,0.003611111111111111,763.0,0,1,0.13
763.5,13,0,0,1,1,0,0,1,1,10.247501661108625,0.003611111111111111,763.5,0,1,0.13
764.0,13,0,0,1,2,0,0,1,2,10.118886069436908,0.003611111111111111,764.0,0,1,0.13
764.5,13,0,0,1,2,0,0,1,2,10.102311927029636,0.003611111111111111,764.5,0,1,0.13
765.0,12,0,0,0,0,0,0,0,0,10.239439971699088,0.0033333333333333335,765.0,0,2,0.12
765.5,12,0,0,0,0,0,0,0,0,10.46478923973811,0.0033333333333333335,765.5,0,2,0.12
766.0,12,0,0,0,0,0,0,0,0,10.680694004314033,0.0033333333333333335,766.0,0,2,0.12
766.5,12,0,0,0,0,0,0,0,0,10.963531146518548,0.0033333333333333335,766.5,0,2,0.12
767.0,12,0,0,0,0,0,0,0,0,11.26749530070606,0.0033333333333333335,767.0,0,2,0.12
767.5,12,0,0,0,0,0,0,0,0,11.540023140152227,0.0033333333333333335,767.5,0,2,0.12
768.0,12,0,0,0,0,0,0,0,0,11.779726471167805,0.0033333333333333335,768.0,0,2,0.12
768.5,12,0,0,0,0,0,0,0,0,11.923495129798432,0.0033333333333333335,768.5,0,2,0.12
769.0,12,0,0,0,0,0,0,0,0,12.062786465980162,0.0033333333333333335,769.0,0,2,0.12
769.5,10,0,0,0,0,0,0,0,0,12.145274613156557,0.002777777777777778,769.5,0,2,0.1
770.0,10,0,0,0,0,0,0,0,0,12.485924651672004,0.002777777777777778,770.0,0,2,0.1
770.5,10,0,0,0,0,0,0,0,0,12.742898746551331,0.002777777777777778,770.5,0,2,0.1
771.0,10,0,0,0,0,0,0,0,0,12.849575666378907,0.002777777777777778,771.0,0,2,0.1
771.5,10,0,0,0,0,0,0,0,0,12.770924788398483,0.002777777777777778,771.5,0,2,0.1
772.0,10,0,0,0,0,0,0,0,0,12.995617760366807,0.002777777777777778,772.0,0,2,0.1
772.5,10,0,0,0,0,0,0,0,0,12.932236532511237,0.002777777777777778,772.5,0,2,0.1
773.0,10,0,0,0,0,0,0,0,0,12.938625153223336,0.002777777777777778,773.0,0,2,0.1
773.5,10,0,0,0,0,0,0,0,0,12.91042635043203,0.002777777777777778,773.5,0,2,0.1
774.0,10,0,0,0,0,0,0,0,0,12.869674077571181,0.002777777777777778,774.0,0,2,0.1
774.5,10,0,0,0,0,0,0,0,0,12.928897410412834,0.002777777777777778,774.5,0,2,0.1
775.0,10,0,0,0,0,0,0,0,0,13.042468233620095,0.002777777777777778,775.0,0,2,0.1
775.5,10,0,0,0,0,0,0,0,0,12.9939085882884,0.002777777777777778,775.5,0,2,0.1
776.0,10,0,0,0,0,0,0,0,0,12.947404666664593,0.002777777777777778,776.0,0,2,0.1
776.5,10,0,0,0,0,0,0,0,0,12.922130655776058,0.002777777777777778,776.5,0,2,0.1
777.0,10,0,0,0,0,0,0,0,0,12.853270297054483,0.002777777777777778,777.0,0,2,0.1
777.5,10,0,0,0,0,0,0,0,0,12.888709619178485,0.002777777777777778,777.5,0,2,0.1
778.0,10,0,0,0,0,0,0,0,0,12.848815357058124,0.002777777777777778,778.0,0,2,0.1
778.5,10,0,0,0,0,0,0,0,0,12.82661971131391,0.002777777777777778,778.5,0,2,0.1
779.0,10,0,0,0,0,0,0,0,0,12.971451765092137,0.002777777777777778,779.0,0,2,0.1
779.5,10,0,0,0,0,0,0,0,0,12.954575384076966,0.002777777777777778,779.5,0,2,0.1
780.0,10,0,0,0,0,0,0,0,0,12.974701646974356,0.002777777777777778,780.0,0,2,0.1
780.5,10,0,0,0,0,0,0,0,0,13.015772754723951,0.002777777777777778,780.5,0,2,0.1
781.0,10,0,0,0,0,0,0,0,0,12.98021858796994,0.002777777777777778,781.0,0,2,0.1
781.5,10,0,0,0,0,0,0,0,0,12.934710029988134,0.002777777777777778,781.5,0,2,0.1
782.0,10,0,0,0,0,0,0,0,0,12.93402391401753,0.002777777777777778,782.0,0,2,0.1
782.5,10,0,0,0,0,0,0,0,0,12.9972642561228,0.002777777777777778,782.5,0,2,0.1
783.0,10,0,0,0,0,0,0,0,0,12.923016985151268,0.002777777777777778,783.0,0,2,0.1
783.5,10,0,0,0,0,0,0,0,0,12.936038747994974,0.002777777777777778,783.5,0,2,0.1
784.0,10,0,0,0,0,0,0,0,0,13.082509510212626,0.002777777777777778,784.0,0,2,0.1
784.5,10,0,0,0,0,0,0,0,0,12.86045926135434,0.002777777777777778,784.5,0,2,0.1
785.0,10,0,0,0,0,0,0,0,0,12.895318227989412,0.002777777777777778,785.0,0,2,0.1
785.5,10,0,0,0,0,0,0,0,0,12.992122089366244,0.002777777777777778,785.5,0,2,0.1
786.0,10,0,0,0,0,0,0,0,0,12.904357328133704,0.002777777777777778,786.0,0,2,0.1
786.5,10,0,0,0,0,0,0,0,0,12.917888057277816,0.002777777777777778,786.5,0,2,0.1
787.0,14,0,0,0,0,0,0,0,0,13.007244455051262,0.0038888888888888888,787.0,0,2,0.14
787.5,14,0,0,0,0,0,0,0,0,12.932435368158872,0.0038888888888888888,787.5,0,2,0.14
788.0,14,0,0,0,0,0,0,0,0,13.09243067336527,0.0038888888888888888,788.0,0,2,0.14
788.5,14,0,0,0,0,0,0,0,0,12.938143551701637,0.0038888888888888888,788.5,0,2,0.14
789.0,14,0,0,0,0,0,0,0,0,12.942916655203945,0.0038888888888888888,789.0,0,2,0.14
789.5,14,0,0,0,0,0,0,0,0,12.989971017616591,0.0038888888888888888,789.5,0,2,0.14
790.0,14,0,0,0,0,0,0,0,0,12.949307919640646,0.0038888888888888888,790.0,0,2,0.14
790.5,14,0,0,0,0,0,0,0,0,12.992064064448684,0.0038888888888888888,790.5,0,2,0.14
791.0,14,0,0,0,0,0,0,0,0,13.031272266702315,0.0038888888888888888,791.0,0,2,0.14
791.5,14,0,0,0,0,0,0,0,0,12.978011435676354,0.0038888888888888888,791.5,0,2,0.14
792.0,14,0,0,0,0,0,0,0,0,13.02011524407867,0.0038888888888888888,792.0,0,2,0.14
792.5,14,0,0,0,0,0,0,0,0,12.816344662443097,0.0038888888888888888,792.5,0,2,0.14
793.0,14,0,0,0,0,0,0,0,0,12.631886840402828,0.0038888888888888888,793.0,0,2,0.14
793.5,14,0,0,0,0,0,0,0,0,12.279166707064402,0.0038888888888888888,793.5,0,2,0.14
794.0,14,0,0,0,0,0,0,0,0,11.95150608281473,0.0038888888888888888,794.0,0,2,0.14
794.5,14,0,0,0,0,0,0,0,0,11.635978275412855,0.0038888888888888888,794.5,0,2,0.14
795.0,14,0,0,0,0,0,0,0,0,11.358194742094922,0.0038888888888888888,795.0,0,2,0.14
795.5,14,1,0,0,0,1,0,0,0,11.153703229836895,0.0038888888888888888,795.5,0,2,0.14
796.0,14,1,0,0,0,1,0,0,0,11.17045753053678,0.0038888888888888888,796.0,0,2,0.14
796.5,14,1,1,0,0,1,1,0,0,11.211896309047315,0.0038888888888888888,796.5,0,2,0.14
797.0,14,1,1,0,0,1,1,0,0,11.175588360666296,0.0038888888888888888,797.0,0,2,0.14
797.5,14,1,1,0,0,1,1,0,0,11.180188135804922,0.0038888888888888888,797.5,0,2,0.14
798.0,14,1,1,0,0,1,1,0,0,11.143966655982515,0.0038888888888888888,798.0,0,2,0.14
798.5,14,1,1,0,0,1,1,0,0,11.069336615650542,0.0038888888888888888,798.5,0,2,0.14
799.0,14,1,1,0,0,1,1,0,0,11.091070466782655,0.0038888888888888888,799.0,0,2,0.14
799.5,14,1,1,0,0,1,1,0,0,11.191824471730696,0.0038888888888888888,799.5,0,2,0.14
800.0,12,1,1,0,0,1,1,0,0,10.75958959320369,0.0033333333333333335,800.0,0,2,0.12
800.5,12,1,1,0,0,1,1,0,0,10.754007607912866,0.0033333333333333335,800.5,0,2,0.12
801.0,12,1,1,0,0,1,1,0,0,10.755744470247521,0.0033333333333333335,801.0,0,2,0.12
801.5,12,1,1,0,0,1,1,0,0,10.704851845077577,0.0033333333333333335,801.5,0,2,0.12
802.0,12,1,1,0,0,1,1,0,0,10.71347910509506,0.0033333333333333335,802.0,0,2,0.12
802.5,12,1,1,0,0,1,1,0,0,10.823893896699909,0.0033333333333333335,802.5,0,2,0.12
803.0,12,1,1,0,0,1,1,0,0,10.722879395113976,0.0033333333333333335,803.0,0,2,0.12
803.5,12,1,1,0,0,1,1,0,0,10.80820246102136,0.0033333333333333335,803.5,0,2,0.12
804.0,12,1,1,0,0,1,1,0,0,10.750917288019776,0.0033333333333333335,804.0,0,2,0.12
804.5,12,1,1,0,0,1,1,0,0,10.66934958671242,0.0033333333333333335,804.5,0,2,0.12
805.0,12,1,1,0,0,1,1,0,0,10.7153073238345,0.0033333333333333335,805.0,0,2,0.12
805.5,11,1,1,0,0,1,1,0,0,10.507839380757362,0.0030555555555555557,805.5,0,2,0.11
806.0,11,1,1,0,0,1,1,0,0,10.403386609872452,0.0030555555555555557,806.0,0,2,0.11
806.5,11,1,1,0,0,1,1,0,0,10.488156440715674,0.0030555555555555557,806.5,0,2,0.11
807.0,11,1,1,0,0,1,1,0,0,10.457593780787988,0.0030555555555555557,807.0,0,3,0.11
807.5,11,1,1,0,0,1,1,0,0,10.432666433226052,0.0030555555555555557,807.5,0,3,0.11
808.0,10,1,1,0,0,1,1,0,0,10.296788241597733,0.002777777777777778,808.0,0,3,0.1
808.5,9,1,1,0,0,1,1,0,0,10.106361500732168,0.0025,808.5,0,3,0.09
809.0,9,1,1,0,0,1,1,0,0,9.96965350372958,0.0025,809.0,0,3,0.09
809.5,9,1,1,0,0,1,1,0,0,10.113356910716671,0.0025,809.5,0,3,0.09
810.0,9,0,0,0,0,0,0,0,0,10.356652464418394,0.0025,810.0,0,0,0.09
810.5,9,0,0,0,0,0,0,0,0,10.375530383421015,0.0025,810.5,0,0,0.09
811.0,9,0,0,0,0,0,0,0,0,10.674698969524623,0.0025,811.0,0,0,0.09
811.5,9,0,0,0,0,0,0,0,0,11.07573345061336,0.0025,811.5,0,0,0.09
812.0,9,0,0,0,0,0,0,0,0,11.139981865866794,0.0025,812.0,0,0,0.09
812.5,9,0,0,0,0,0,0,0,0,11.500608215797392,0.0025,812.5,0,0,0.09
813.0,8,0,0,0,0,0,0,0,0,11.661958469218053,0.0022222222222222222,813.0,0,0,0.08
813.5,8,0,0,0,0,0,0,0,0,11.924965066161938,0.0022222222222222222,813.5,0,0,0.08
814.0,8,0,0,0,0,0,0,0,0,12.157954762930284,0.0022222222222222222,814.0,0,0,0.08
814.5,8,0,0,0,0,0,0,0,0,12.386952795176011,0.0022222222222222222,814.5,0,0,0.08
815.0,8,0,0,0,0,0,0,0,0,12.565418361330059,0.0022222222222222222,815.0,0,0,0.08
815.5,8,0,0,0,0,0,0,0,0,12.7571461021686,0.0022222222222222222,815.5,0,0,0.08
816.0,8,0,0,0,0,0,0,0,0,13.041348746186532,0.0022222222222222222,816.0,0,0,0.08
816.5,8,0,0,0,0,0,0,0,0,13.166848151410413,0.0022222222222222222,816.5,0,0,0.08
817.0,12,0,0,0,0,0,0,0,0,13.103235328368712,0.0033333333333333335,817.0,0,0,0.12
817.5,12,0,0,0,0,0,0,0,0,13.064504585883215,0.0033333333333333335,817.5,0,0,0.12
818.0,12,0,0,0,0,0,0,0,0,12.948590069068699,0.0033333333333333335,818.0,0,0,0.12
818.5,12,0,0,0,0,0,0,0,0,13.012475271090814,0.0033333333333333335,818.5,0,0,0.12
819.0,12,0,0,0,0,0,0,0,0,12.993003151669116,0.0033333333333333335,819.0,0,0,0.12
819.5,12,0,0,0,0,0,0,0,0,12.938966256737578,0.0033333333333333335,819.5,0,0,0.12
820.0,12,0,0,0,0,0,0,0,0,12.964305534058083,0.0033333333333333335,820.0,0,0,0.12
820.5,12,0,0,0,0,0,0,0,0,13.01294403251426,0.0033333333333333335,820.5,0,0,0.12
821.0,12,0,0,0,0,0,0,0,0,13.030095456063771,0.0033333333333333335,821.0,0,0,0.12
821.5,12,0,0,0,0,0,0,0,0,12.872849286775937,0.0033333333333333335,821.5,0,0,0.12
822.0,12,0,0,0,0,0,0,0,0,12.747015667442364,0.0033333333333333335,822.0,0,0,0.12
822.5,12,0,0,0,0,0,0,0,0,12.59369314890931,0.0033333333333333335,822.5,0,0,0.12
823.0,12,0,0,0,0,0,0,0,0,12.362409006053293,0.0033333333333333335,823.0,0,0,0.12
823.5,12,0,0,0,0,0,0,0,0,12.298331862511441,0.0033333333333333335,823.5,0,0,0.12
824.0,12,0,0,0,0,0,0,0,0,12.095644309383294,0.0033333333333333335,824.0,0,0,0.12
824.5,12,0,0,0,0,0,0,0,0,11.926393531808865,0.0033333333333333335,824.5,0,0,0.12
825.0,12,0,0,1,0,0,0,1,0,11.901113719314443,0.0033333333333333335,825.0,0,0,0.12
825.5,12,0,0,1,0,0,0,1,0,11.886774790701708,0.0033333333333333335,825.5,0,0,0.12
826.0,12,0,0,1,0,0,0,1,0,11.777022322263763,0.0033333333333333335,826.0,0,0,0.12
826.5,12,0,0,1,0,0,0,1,0,11.645247753792175,0.0033333333333333335,826.5,0,0,0.12
827.0,12,0,0,1,0,0,0,1,0,11.478802892488583,0.0033333333333333335,827.0,0,0,0.12
827.5,12,0,0,1,0,0,0,1,0,11.228841739407391,0.0033333333333333335,827.5,0,0,0.12
828.0,12,0,0,1,0,0,0,1,0,11.076090954805338,0.0033333333333333335,828.0,0,0,0.12
828.5,12,0,0,1,0,0,0,1,0,10.942044529872248,0.0033333333333333335,828.5,0,0,0.12
829.0,12,0,0,1,1,0,0,1,1,10.882087663668658,0.0033333333333333335,829.0,0,0,0.12
829.5,12,0,0,1,1,0,0,1,1,10.90216992894979,0.0033333333333333335,829.5,0,0,0.12
830.0,11,0,0,1,1,0,0,1,1,10.669663820132273,0.0030555555555555557,830.0,0,0,0.11
830.5,11,0,0,1,1,0,0,1,1,10.64709028002366,0.0030555555555555557,830.5,0,0,0.11
831.0,11,0,0,1,1,0,0,1,1,10.706441475255671,0.0030555555555555557,831.0,0,0,0.11
831.5,11,0,0,1,1,0,0,1,1,10.695521878828337,0.0030555555555555557,831.5,0,0,0.11
832.0,11,0,0,1,1,0,0,1,1,10.584027238413947,0.0030555555555555557,832.0,0,0,0.11
832.5,11,0,0,1,1,0,0,1,1,10.644686797411987,0.0030555555555555557,832.5,0,0,0.11
833.0,11,0,0,1,1,0,0,1,1,10.618309089039201,0.0030555555555555557,833.0,0,0,0.11
833.5,10,0,0,1,1,0,0,1,1,10.449131135319742,0.002777777777777778,833.5,0,0,0.1
834.0,10,0,0,1,1,0,0,1,1,10.400493542302549,0.002777777777777778,834.0,0,0,0.1
834.5,10,0,0,1,1,0,0,1,1,10.384942309700103,0.002777777777777778,834.5,0,0,0.1
835.0,10,0,0,1,1,0,0,1,1,10.42918913794417,0.002777777777777778,835.0,0,0,0.1
835.5,10,0,0,1,1,0,0,1,1,10.377769105228046,0.002777777777777778,835.5,0,0,0.1
836.0,10,0,0,1,1,0,0,1,1,10.432002888873368,0.002777777777777778,836.0,0,0,0.1
836.5,10,0,0,1,1,0,0,1,1,10.379585415359736,0.002777777777777778,836.5,0,0,0.1
837.0,10,0,0,1,1,0,0,1,1,10.368587033839116,0.002777777777777778,837.0,0,0,0.1
837.5,10,0,0,1,1,0,0,1,1,10.350413913153726,0.002777777777777778,837.5,0,0,0.1
838.0,10,0,0,1,1,0,0,1,1,10.390238849045392,0.002777777777777778,838.0,0,0,0.1
838.5,10,0,0,1,1,0,0,1,1,10.359676125945672,0.002777777777777778,838.5,0,0,0.1
839.0,10,0,0,1,1,0,0,1,1,10.401892579297684,0.002777777777777778,839.0,0,0,0.1
839.5,10,0,0,1,1,0,0,1,1,10.390151153631425,0.002777777777777778,839.5,0,0,0.1
840.0,10,0,0,1,1,0,0,1,1,10.371511068739611,0.002777777777777778,840.0,0,0,0.1
840.5,10,0,0,1,1,0,0,1,1,10.403334366868632,0.002777777777777778,840.5,0,0,0.1
841.0,10,0,0,1,1,0,0,1,1,10.445805134528467,0.002777777777777778,841.0,0,0,0.1
841.5,10,0,0,1,1,0,0,1,1,10.347110646539052,0.002777777777777778,841.5,0,0,0.1
842.0,10,0,0,1,1,0,0,1,1,10.408494609180755,0.002777777777777778,842.0,0,0,0.1
842.5,10,0,0,1,1,0,0,1,1,10.47853662220613,0.002777777777777778,842.5,0,0,0.1
843.0,10,0,0,1,1,0,0,1,1,10.373064301361712,0.002777777777777778,843.0,0,0,0.1
843.5,10,0,0,1,1,0,0,1,1,10.43582866662034,0.002777777777777778,843.5,0,0,0.1
844.0,10,0,0,1,1,0,0,1,1,10.531184148271253,0.002777777777777778,844.0,0,0,0.1
844.5,10,0,0,1,1,0,0,1,1,10.40155154090576,0.002777777777777778,844.5,0,0,0.1
845.0,10,0,0,1,1,0,0,1,1,10.375326172043255,0.002777777777777778,845.0,0,0,0.1
845.5,10,0,0,1,1,0,0,1,1,10.4384774384691,0.002777777777777778,845.5,0,0,0.1
846.0,10,0,0,1,1,0,0,1,1,10.441952318815432,0.002777777777777778,846.0,0,0,0.1
846.5,10,0,0,1,1,0,0,1,1,10.432074145518394,0.002777777777777778,846.5,0,0,0.1
847.0,10,0,0,1,1,0,0,1,1,10.45204219286764,0.002777777777777778,847.0,0,0,0.1
847.5,14,0,0,1,1,0,0,1,1,11.305850705760767,0.0038888888888888888,847.5,0,0,0.14
848.0,14,0,0,1,1,0,0,1,1,11.246902108103706,0.0038888888888888888,848.0,0,0,0.14
848.5,14,0,0,1,1,0,0,1,1,11.220141740407964,0.0038888888888888888,848.5,0,0,0.14
849.0,14,0,0,1,1,0,0,1,1,11.204735896804804,0.0038888888888888888,849.0,0,0,0.14
849.5,14,0,0,1,1,0,0,1,1,11.224750457636945,0.0038888888888888888,849.5,0,0,0.14
850.0,14,0,0,1,1,0,0,1,1,11.215239628457,0.0038888888888888888,850.0,0,0,0.14
850.5,14,0,0,1,1,0,0,1,1,11.262501694130048,0.0038888888888888888,850.5,0,0,0.14
851.0,14,0,0,1,1,0,0,1,1,11.193267264121745,0.0038888888888888888,851.0,0,0,0.14
851.5,13,0,0,1,1,0,0,1,1,10.985092139428136,0.003611111111111111,851.5,0,0,0.13
852.0,13,0,0,1,1,0,0,1,1,10.906736337809654,0.003611111111111111,852.0,0,1,0.13
852.5,12,0,0,1,1,0,0,1,1,10.474048782214817,0.0033333333333333335,852.5,0,1,0.12
853.0,12,0,0,1,1,0,0,1,1,10.271950988109557,0.0033333333333333335,853.0,0,1,0.12
853.5,12,0,0,1,1,0,0,1,1,9.939117153306535,0.0033333333333333335,853.5,0,1,0.12
854.0,12,0,0,1,1,0,0,1,1,9.580925060765919,0.0033333333333333335,854.0,0,1,0.12
854.5,12,0,0,1,2,0,0,1,2,9.185126088533389,0.0033333333333333335,854.5,0,1,0.12
855.0,12,0,0,0,0,0,0,0,0,9.367702166714485,0.0033333333333333335,855.0,0,2,0.12
855.5,12,0,0,0,0,0,0,0,0,9.567995074240269,0.0033333333333333335,855.5,0,2,0.12
856.0,12,0,0,0,0,0,0,0,0,9.665286737817466,0.0033333333333333335,856.0,0,2,0.12
856.5,12,0,0,0,0,0,0,0,0,9.822534081568062,0.0033333333333333335,856.5,0,2,0.12
857.0,12,0,0,0,0,0,0,0,0,9.926469164351344,0.0033333333333333335,857.0,0,2,0.12
857.5,12,1,0,0,0,1,0,0,0,10.081299699422559,0.0033333333333333335,857.5,0,2,0.12
858.0,12,1,0,0,0,1,0,0,0,10.166200172473427,0.0033333333333333335,858.0,0,2,0.12
858.5,12,1,0,0,0,1,0,0,0,10.302817565442913,0.0033333333333333335,858.5,0,2,0.12
859.0,12,1,0,0,0,1,0,0,0,10.363873330032796,0.0033333333333333335,859.0,0,2,0.12
859.5,12,1,0,0,0,1,0,0,0,10.42755869167524,0.0033333333333333335,859.5,0,2,0.12
860.0,12,1,1,0,0,1,1,0,0,10.592582303238482,0.0033333333333333335,860.0,0,2,0.12
860.5,10,1,1,0,0,1,1,0,0,10.247361411052385,0.002777777777777778,860.5,0,2,0.1
861.0,10,1,1,0,0,1,1,0,0,10.438681421979163,0.002777777777777778,861.0,0,2,0.1
861.5,10,1,1,0,0,1,1,0,0,10.575260305920773,0.002777777777777778,861.5,0,2,0.1
862.0,10,1,1,0,0,1,1,0,0,10.562365352262669,0.002777777777777778,862.0,0,2,0.1
862.5,10,1,1,0,0,1,1,0,0,10.470531585290253,0.002777777777777778,862.5,0,2,0.1
863.0,10,1,1,0,0,1,1,0,0,10.522169566330657,0.002777777777777778,863.0,0,2,0.1
863.5,10,1,1,0,0,1,1,0,0,10.492709681369986,0.002777777777777778,863.5,0,2,0.1
864.0,10,1,1,0,0,1,1,0,0,10.5385823200938,0.002777777777777778,864.0,0,2,0.1
864.5,10,1,1,0,0,1,1,0,0,10.617430887795441,0.002777777777777778,864.5,0,2,0.1
865.0,10,1,1,0,0,1,1,0,0,10.449550421097474,0.002777777777777778,865.0,0,2,0.1
865.5,10,1,1,0,0,1,1,0,0,10.561856847443078,0.002777777777777778,865.5,0,2,0.1
866.0,10,1,1,0,0,1,1,0,0,10.475467383768798,0.002777777777777778,866.0,0,2,0.1
866.5,10,1,1,0,0,1,1,0,0,10.475245786608818,0.002777777777777778,866.5,0,2,0.1
867.0,10,1,1,0,0,1,1,0,0,10.532120559644344,0.002777777777777778,867.0,0,2,0.1
867.5,10,1,1,0,0,1,1,0,0,10.580422861024662,0.002777777777777778,867.5,0,2,0.1
868.0,10,1,1,0,0,1,1,0,0,10.575201725446775,0.002777777777777778,868.0,0,2,0.1
868.5,10,1,1,0,0,1,1,0,0,10.55106273158958,0.002777777777777778,868.5,0,2,0.1
869.0,10,1,1,0,0,1,1,0,0,10.554373803832958,0.002777777777777778,869.0,0,2,0.1
869.5,10,1,1,0,0,1,1,0,0,10.521064971286496,0.002777777777777778,869.5,0,2,0.1
870.0,10,1,1,0,0,1,1,0,0,10.51619312043108,0.002777777777777778,870.0,0,2,0.1
870.5,10,1,1,0,0,1,1,0,0,10.489850544779719,0.002777777777777778,870.5,0,2,0.1
871.0,10,1,1,0,0,1,1,0,0,10.545565477586742,0.002777777777777778,871.0,0,2,0.1
871.5,10,1,1,0,0,1,1,0,0,10.449016371239061,0.002777777777777778,871.5,0,2,0.1
872.0,10,1,1,0,0,1,1,0,0,10.58950044274835,0.002777777777777778,872.0,0,2,0.1
872.5,10,1,1,0,0,1,1,0,0,10.518610499189625,0.002777777777777778,872.5,0,2,0.1
873.0,10,1,1,0,0,1,1,0,0,10.44668173330875,0.002777777777777778,873.0,0,2,0.1
873.5,10,1,1,0,0,1,1,0,0,10.565315165693562,0.002777777777777778,873.5,0,2,0.1
874.0,10,1,1,0,0,1,1,0,0,10.502394912267727,0.002777777777777778,874.0,0,2,0.1
874.5,10,1,1,0,0,1,1,0,0,10.629203035011113,0.002777777777777778,874.5,0,2,0.1
875.0,10,1,1,0,0,1,1,0,0,10.537253502944175,0.002777777777777778,875.0,0,2,0.1
875.5,10,1,1,0,0,1,1,0,0,10.532785824106929,0.002777777777777778,875.5,0,2,0.1
876.0,10,1,1,0,0,1,1,0,0,10.635902574853198,0.002777777777777778,876.0,0,2,0.1
876.5,10,1,1,0,0,1,1,0,0,10.527234887595213,0.002777777777777778,876.5,0,2,0.1
877.0,10,1,1,0,0,1,1,0,0,10.454218054593465,0.002777777777777778,877.0,0,2,0.1
877.5,14,1,1,0,0,1,1,0,0,11.00780337922428,0.0038888888888888888,877.5,0,2,0.14
878.0,14,1,1,0,0,1,1,0,0,11.066626684076313,0.0038888888888888888,878.0,0,2,0.14
878.5,14,1,1,0,0,1,1,0,0,11.070946729858933,0.0038888888888888888,878.5,0,2,0.14
879.0,14,1,1,0,0,1,1,0,0,11.182001318584359,0.0038888888888888888,879.0,0,2,0.14
879.5,14,1,1,0,0,1,1,0,0,11.168139615831759,0.0038888888888888888,879.5,0,2,0.14
880.0,14,1,1,0,0,1,1,0,0,11.254355055128386,0.0038888888888888888,880.0,0,2,0.14
880.5,14,1,1,0,0,1,1,0,0,11.429579769191028,0.0038888888888888888,880.5,0,2,0.14
881.0,14,1,1,0,0,1,1,0,0,11.299015305924632,0.0038888888888888888,881.0,0,2,0.14
881.5,14,1,1,0,0,1,1,0,0,11.366925268962783,0.0038888888888888888,881.5,0,2,0.14
882.0,14,1,1,0,0,1,1,0,0,11.419769891778325,0.0038888888888888888,882.0,0,2,0.14
882.5,14,1,1,0,0,1,1,0,0,11.16789900637177,0.0038888888888888888,882.5,0,2,0.14
883.0,14,1,1,0,0,1,1,0,0,11.10356274947519,0.0038888888888888888,883.0,0,2,0.14
883.5,14,1,1,0,0,1,1,0,0,10.970523144741593,0.0038888888888888888,883.5,0,2,0.14
884.0,14,1,1,0,0,1,1,0,0,10.7512985597937,0.0038888888888888888,884.0,0,2,0.14
884.5,14,1,1,0,0,1,1,0,0,10.636515113833875,0.0038888888888888888,884.5,0,2,0.14
885.0,14,1,1,0,0,1,1,0,0,10.474392195586292,0.0038888888888888888,885.0,0,2,0.14
885.5,14,2,1,0,0,2,1,0,0,10.359941100217751,0.0038888888888888888,885.5,0,2,0.14
886.0,14,2,1,0,0,2,1,0,0,10.187715044754423,0.0038888888888888888,886.0,0,2,0.14
886.5,14,2,1,0,0,2,1,0,0,10.011385555869266,0.0038888888888888888,886.5,0,2,0.14
887.0,14,2,1,0,0,2,1,0,0,9.791280592511074,0.0038888888888888888,887.0,0,2,0.14
887.5,14,2,1,0,0,2,1,0,0,9.680435393360243,0.0038888888888888888,887.5,0,2,0.14
888.0,14,2,2,0,0,2,2,0,0,9.628602624161616,0.0038888888888888888,888.0,0,2,0.14
888.5,14,2,2,0,0,2,2,0,0,9.515134834603156,0.0038888888888888888,888.5,0,2,0.14
889.0,14,2,2,0,0,2,2,0,0,9.608419298647354,0.0038888888888888888,889.0,0,2,0.14
889.5,14,2,2,0,0,2,2,0,0,9.437858162476958,0.0038888888888888888,889.5,0,2,0.14
890.0,14,2,2,0,0,2,2,0,0,9.58792447521788,0.0038888888888888888,890.0,0,2,0.14
890.5,14,2,2,0,0,2,2,0,0,9.592389565437712,0.0038888888888888888,890.5,0,2,0.14
891.0,14,2,2,0,0,2,2,0,0,9.594743273637603,0.0038888888888888888,891.0,0,2,0.14
891.5,14,2,2,0,0,2,2,0,0,9.51898936762429,0.0038888888888888888,891.5,0,2,0.14
892.0,14,2,2,0,0,2,2,0,0,9.55803348215501,0.0038888888888888888,892.0,0,2,0.14
892.5,14,2,2,0,0,2,2,0,0,9.564906026795551,0.0038888888888888888,892.5,0,2,0.14
893.0,14,2,2,0,0,2,2,0,0,9.579739766321024,0.0038888888888888888,893.0,0,2,0.14
893.5,14,2,2,0,0,2,2,0,0,9.601624127531503,0.0038888888888888888,893.5,0,2,0.14
894.0,14,2,2,0,0,2,2,0,0,9.553899970432024,0.0038888888888888888,894.0,0,2,0.14
894.5,14,2,2,0,0,2,2,0,0,9.544174285180677,0.0038888888888888888,894.5,0,2,0.14
895.0,13,2,2,0,0,2,2,0,0,9.282974583912011,0.003611111111111111,895.0,0,2,0.13
895.5,11,2,2,0,0,2,2,0,0,8.497879097128898,0.0030555555555555557,895.5,0,2,0.11
896.0,11,2,2,0,0,2,2,0,0,8.551438294998515,0.0030555555555555557,896.0,0,2,0.11
896.5,11,2,2,0,0,2,2,0,0,8.44995633850206,0.0030555555555555557,896.5,0,2,0.11
897.0,11,2,2,0,0,2,2,0,0,8.548289961788779,0.0030555555555555557,897.0,0,3,0.11
897.5,11,2,2,0,0,2,2,0,0,8.460157903801075,0.0030555555555555557,897.5,0,3,0.11
898.0,11,2,2,0,0,2,2,0,0,8.503222627136365,0.0030555555555555557,898.0,0,3,0.11
898.5,11,2,2,0,0,2,2,0,0,8.488810037551382,0.0030555555555555557,898.5,0,3,0.11
899.0,11,2,2,0,0,2,2,0,0,8.443432144787604,0.0030555555555555557,899.0,0,3,0.11
899.5,11,2,2,0,0,2,2,0,0,8.52115860189262,0.0030555555555555557,899.5,0,3,0.11
900.0,10,0,0,0,0,0,0,0,0,8.548556055488033,0.002777777777777778,900.0,0,0,0.1
900.5,10,0,0,0,0,0,0,0,0,9.076255515620428,0.002777777777777778,900.5,0,0,0.1
901.0,10,0,0,0,0,0,0,0,0,9.539762320415898,0.002777777777777778,901.0,0,0,0.1
901.5,10,0,0,0,0,0,0,0,0,9.890992018084356,0.002777777777777778,901.5,0,0,0.1
902.0,10,0,0,0,0,0,0,0,0,10.292488436711569,0.002777777777777778,902.0,0,0,0.1
902.5,10,0,0,0,0,0,0,0,0,10.682007812821388,0.002777777777777778,902.5,0,0,0.1
903.0,10,0,0,0,0,0,0,0,0,11.016675130642103,0.002777777777777778,903.0,0,0,0.1
903.5,10,0,0,0,0,0,0,0,0,11.39258990461341,0.002777777777777778,903.5,0,0,0.1
904.0,10,0,0,0,0,0,0,0,0,11.821941113628995,0.002777777777777778,904.0,0,0,0.1
904.5,10,0,0,0,0,0,0,0,0,12.179908694636392,0.002777777777777778,904.5,0,0,0.1
905.0,10,0,0,0,0,0,0,0,0,12.514868270346046,0.002777777777777778,905.0,0,0,0.1
905.5,10,0,0,0,0,0,0,0,0,12.925725280951138,0.002777777777777778,905.5,0,0,0.1
906.0,10,0,0,0,0,0,0,0,0,13.137217035324316,0.002777777777777778,906.0,0,0,0.1
906.5,10,0,0,0,0,0,0,0,0,13.18739330636356,0.002777777777777778,906.5,0,0,0.1
907.0,10,0,0,0,0,0,0,0,0,13.059900185234335,0.002777777777777778,907.0,0,0,0.1
907.5,10,0,0,0,0,0,0,0,0,13.227219418060457,0.002777777777777778,907.5,0,0,0.1
908.0,14,0,0,0,0,0,0,0,0,13.336652310194145,0.0038888888888888888,908.0,0,0,0.14
908.5,14,0,0,0,0,0,0,0,0,13.283651875604642,0.0038888888888888888,908.5,0,0,0.14
909.0,14,0,0,0,0,0,0,0,0,13.232635496448557,0.0038888888888888888,909.0,0,0,0.14
909.5,14,0,0,0,0,0,0,0,0,13.176109360240664,0.0038888888888888888,909.5,0,0,0.14
910.0,14,0,0,0,0,0,0,0,0,13.176904135420983,0.0038888888888888888,910.0,0,0,0.14
910.5,14,0,0,0,0,0,0,0,0,13.092364780693712,0.0038888888888888888,910.5,0,0,0.14
911.0,14,0,0,0,0,0,0,0,0,13.108790517000415,0.0038888888888888888,911.0,0,0,0.14
911.5,14,0,0,0,0,0,0,0,0,13.226405563553794,0.0038888888888888888,911.5,0,0,0.14
912.0,14,0,0,0,0,0,0,0,0,12.973588360218113,0.0038888888888888888,912.0,0,0,0.14
912.5,14,0,0,0,0,0,0,0,0,12.797880445572295,0.0038888888888888888,912.5,0,0,0.14
913.0,14,0,0,0,0,0,0,0,0,12.499510984313181,0.0038888888888888888,913.0,0,0,0.14
913.5,14,0,0,0,0,0,0,0,0,12.160782231841452,0.0038888888888888888,913.5,0,0,0.14
914.0,14,0,0,0,0,0,0,0,0,11.847263000015218,0.0038888888888888888,914.0,0,0,0.14
914.5,14,0,0,0,0,0,0,0,0,11.581970659980783,0.0038888888888888888,914.5,0,0,0.14
915.0,14,0,0,0,0,0,0,0,0,11.397130503095223,0.0038888888888888888,915.0,0,0,0.14
915.5,14,0,0,1,1,0,0,1,1,11.311018530427544,0.0038888888888888888,915.5,0,0,0.14
916.0,14,0,0,1,1,0,0,1,1,11.350615251114819,0.0038888888888888888,916.0,0,0,0.14
916.5,14,0,0,1,1,0,0,1,1,11.22685011110792,0.0038888888888888888,916.5,0,0,0.14
917.0,14,0,0,1,1,0,0,1,1,11.247809093571334,0.0038888888888888888,917.0,0,0,0.14
917.5,14,0,0,1,1,0,0,1,1,11.302758600982969,0.0038888888888888888,917.5,0,0,0.14
918.0,14,0,0,1,1,0,0,1,1,11.286754646326282,0.0038888888888888888,918.0,0,0,0.14
918.5,14,0,0,1,1,0,0,1,1,11.307959100305764,0.0038888888888888888,918.5,0,0,0.14
919.0,14,0,0,1,1,0,0,1,1,11.292811688368571,0.0038888888888888888,919.0,0,0,0.14
919.5,14,0,0,1,1,0,0,1,1,11.289886683230021,0.0038888888888888888,919.5,0,0,0.14
920.0,14,0,0,1,1,0,0,1,1,11.281942285768022,0.0038888888888888888,920.0,0,0,0.14
920.5,14,0,0,1,1,0,0,1,1,11.348492325141624,0.0038888888888888888,920.5,0,0,0.14
921.0,12,0,0,1,1,0,0,1,1,10.927332152076682,0.0033333333333333335,921.0,0,0,0.12
921.5,12,0,0,1,1,0,0,1,1,10.895148517144037,0.0033333333333333335,921.5,0,0,0.12
922.0,12,0,0,1,1,0,0,1,1,10.825772034137655,0.0033333333333333335,922.0,0,0,0.12
922.5,12,0,0,1,1,0,0,1,1,10.907183384867848,0.0033333333333333335,922.5,0,0,0.12
923.0,12,0,0,1,1,0,0,1,1,10.85495996858389,0.0033333333333333335,923.0,0,0,0.12
923.5,12,0,0,1,1,0,0,1,1,10.865527979668384,0.0033333333333333335,923.5,0,0,0.12
924.0,12,0,0,1,1,0,0,1,1,10.798543876868088,0.0033333333333333335,924.0,0,0,0.12
924.5,12,0,0,1,1,0,0,1,1,10.853394895482223,0.0033333333333333335,924.5,0,0,0.12
925.0,12,0,0,1,1,0,0,1,1,10.903479333517488,0.0033333333333333335,925.0,0,0,0.12
925.5,12,0,0,1,1,0,0,1,1,10.940170187691962,0.0033333333333333335,925.5,0,0,0.12
926.0,12,0,0,1,1,0,0,1,1,10.832510341003806,0.0033333333333333335,926.0,0,0,0.12
926.5,12,0,0,1,1,0,0,1,1,10.894166166221801,0.0033333333333333335,926.5,0,0,0.12
927.0,12,0,0,1,1,0,0,1,1,10.83017207602753,0.0033333333333333335,927.0,0,0,0.12
927.5,12,0,0,1,1,0,0,1,1,10.814208233131092,0.0033333333333333335,927.5,0,0,0.12
928.0,12,0,0,1,1,0,0,1,1,10.836084888923677,0.0033333333333333335,928.0,0,0,0.12
928.5,12,0,0,1,1,0,0,1,1,10.864193668816663,0.0033333333333333335,928.5,0,0,0.12
929.0,12,0,0,1,1,0,0,1,1,10.77186601235946,0.0033333333333333335,929.0,0,0,0.12
929.5,12,0,0,1,1,0,0,1,1,10.80008560294972,0.0033333333333333335,929.5,0,0,0.12
930.0,12,0,0,1,1,0,0,1,1,10.885131750113871,0.0033333333333333335,930.0,0,0,0.12
930.5,12,0,0,1,1,0,0,1,1,10.906078688932931,0.0033333333333333335,930.5,0,0,0.12
931.0,12,0,0,1,1,0,0,1,1,10.919179202083305,0.0033333333333333335,931.0,0,0,0.12
931.5,12,0,0,1,1,0,0,1,1,10.870296602869518,0.0033333333333333335,931.5,0,0,0.12
932.0,12,0,0,1,1,0,0,1,1,10.805832335955033,0.0033333333333333335,932.0,0,0,0.12
932.5,12,0,0,1,1,0,0,1,1,10.837921546465251,0.0033333333333333335,932.5,0,0,0.12
933.0,12,0,0,1,1,0,0,1,1,10.930185531431611,0.0033333333333333335,933.0,0,0,0.12
933.5,12,0,0,1,1,0,0,1,1,10.86126909975688,0.0033333333333333335,933.5,0,0,0.12
934.0,12,0,0,1,1,0,0,1,1,10.927941111180965,0.0033333333333333335,934.0,0,0,0.12
934.5,12,0,0,1,1,0,0,1,1,10.857787265033574,0.0033333333333333335,934.5,0,0,0.12
935.0,12,0,0,1,1,0,0,1,1,10.817064771807713,0.0033333333333333335,935.0,0,0,0.12
935.5,12,0,0,1,1,0,0,1,1,10.94590134505772,0.0033333333333333335,935.5,0,0,0.12
936.0,12,0,0,1,1,0,0,1,1,10.935668111821167,0.0033333333333333335,936.0,0,0,0.12
936.5,12,0,0,1,1,0,0,1,1,10.900259116832046,0.0033333333333333335,936.5,0,0,0.12
937.0,12,0,0,1,1,0,0,1,1,10.871064705381942,0.0033333333333333335,937.0,0,0,0.12
937.5,12,0,0,1,1,0,0,1,1,10.790027392853203,0.0033333333333333335,937.5,0,0,0.12
938.0,16,0,0,1,1,0,0,1,1,11.492463691275649,0.0044444444444444444,938.0,0,0,0.16
938.5,16,0,0,1,1,0,0,1,1,11.40362091923659,0.0044444444444444444,938.5,0,0,0.16
939.0,16,0,0,1,1,0,0,1,1,11.387700318054582,0.0044444444444444444,939.0,0,0,0.16
939.5,16,0,0,1,1,0,0,1,1,11.427133650464263,0.0044444444444444444,939.5,0,0,0.16
940.0,16,0,0,1,1,0,0,1,1,11.447181653499744,0.0044444444444444444,940.0,0,0,0.16
940.5,15,0,0,1,1,0,0,1,1,11.239435820267563,0.004166666666666667,940.5,0,0,0.15
941.0,15,0,0,1,1,0,0,1,1,11.232234492333786,0.004166666666666667,941.0,0,0,0.15
941.5,15,0,0,1,1,0,0,1,1,11.303118701653272,0.004166666666666667,941.5,0,0,0.15
942.0,15,0,0,1,1,0,0,1,1,11.334785033020527,0.004166666666666667,942.0,0,1,0.15
942.5,15,0,0,1,1,0,0,1,1,11.048081497438769,0.004166666666666667,942.5,0,1,0.15
943.0,15,0,0,1,1,0,0,1,1,10.696035290357553,0.004166666666666667,943.0,0,1,0.15
943.5,13,0,0,1,1,0,0,1,1,9.997753405917486,0.003611111111111111,943.5,0,1,0.13
944.0,13,0,0,1,1,0,0,1,1,9.400163203113978,0.003611111111111111,944.0,0,1,0.13
944.5,13,0,0,1,1,0,0,1,1,8.979734472479686,0.003611111111111111,944.5,0,1,0.13
945.0,13,0,0,0,0,0,0,0,0,8.923915107553299,0.003611111111111111,945.0,0,2,0.13
945.5,13,0,0,0,0,0,0,0,0,8.749001816826855,0.003611111111111111,945.5,0,2,0.13
946.0,12,1,1,0,0,1,1,0,0,8.586966100532885,0.0033333333333333335,946.0,0,2,0.12
946.5,12,1,1,0,0,1,1,0,0,8.923136518448873,0.0033333333333333335,946.5,0,2,0.12
947.0,12,1,1,0,0,1,1,0,0,8.99995399127538,0.0033333333333333335,947.0,0,2,0.12
947.5,12,1,1,0,0,1,1,0,0,9.237477597459458,0.0033333333333333335,947.5,0,2,0.12
948.0,12,1,1,0,0,1,1,0,0,9.452808382479317,0.0033333333333333335,948.0,0,2,0.12
948.5,12,1,1,0,0,1,1,0,0,9.736283655705043,0.0033333333333333335,948.5,0,2,0.12
949.0,12,1,1,0,0,1,1,0,0,9.994189664069365,0.0033333333333333335,949.0,0,2,0.12
949.5,12,1,1,0,0,1,1,0,0,10.219982652900503,0.0033333333333333335,949.5,0,2,0.12
950.0,12,1,1,0,0,1,1,0,0,10.51404282009223,0.0033333333333333335,950.0,0,2,0.12
950.5,12,1,1,0,0,1,1,0,0,10.64563579892035,0.0033333333333333335,950.5,0,2,0.12
951.0,11,1,1,0,0,1,1,0,0,10.610423595373325,0.0030555555555555557,951.0,0,2,0.11
951.5,11,1,1,0,0,1,1,0,0,10.736451950977791,0.0030555555555555557,951.5,0,2,0.11
952.0,11,1,1,0,0,1,1,0,0,10.787603526530855,0.0030555555555555557,952.0,0,2,0.11
952.5,10,1,1,0,0,1,1,0,0,10.483146025690798,0.002777777777777778,952.5,0,2,0.1
953.0,10,1,1,0,0,1,1,0,0,10.438260157210603,0.002777777777777778,953.0,0,2,0.1
953.5,10,1,1,0,0,1,1,0,0,10.515329228821063,0.002777777777777778,953.5,0,2,0.1
954.0,10,1,1,0,0,1,1,0,0,10.52560536674791,0.002777777777777778,954.0,0,2,0.1
954.5,10,1,1,0,0,1,1,0,0,10.578361155140298,0.002777777777777778,954.5,0,2,0.1
955.0,10,1,1,0,0,1,1,0,0,10.453985660014293,0.002777777777777778,955.0,0,2,0.1
955.5,10,1,1,0,0,1,1,0,0,10.63021078479927,0.002777777777777778,955.5,0,2,0.1
956.0,10,1,1,0,0,1,1,0,0,10.490396388867953,0.002777777777777778,956.0,0,2,0.1
956.5,10,1,1,0,0,1,1,0,0,10.49229127159793,0.002777777777777778,956.5,0,2,0.1
957.0,10,1,1,0,0,1,1,0,0,10.533177122655177,0.002777777777777778,957.0,0,2,0.1
957.5,10,1,1,0,0,1,1,0,0,10.506590642672816,0.002777777777777778,957.5,0,2,0.1
958.0,10,1,1,0,0,1,1,0,0,10.524662660846804,0.002777777777777778,958.0,0,2,0.1
958.5,10,1,1,0,0,1,1,0,0,10.59375506753669,0.002777777777777778,958.5,0,2,0.1
959.0,10,1,1,0,0,1,1,0,0,10.520135510203978,0.002777777777777778,959.0,0,2,0.1
959.5,10,1,1,0,0,1,1,0,0,10.539644041813295,0.002777777777777778,959.5,0,2,0.1
960.0,10,1,1,0,0,1,1,0,0,10.493897090649549,0.002777777777777778,960.0,0,2,0.1
960.5,10,1,1,0,0,1,1,0,0,10.584390264471146,0.002777777777777778,960.5,0,2,0.1
961.0,10,1,1,0,0,1,1,0,0,10.582291168573864,0.002777777777777778,961.0,0,2,0.1
961.5,10,1,1,0,0,1,1,0,0,10.416055630855114,0.002777777777777778,961.5,0,2,0.1
962.0,10,1,1,0,0,1,1,0,0,10.539256325514138,0.002777777777777778,962.0,0,2,0.1
962.5,10,1,1,0,0,1,1,0,0,10.501317184178475,0.002777777777777778,962.5,0,2,0.1
963.0,10,1,1,0,0,1,1,0,0,10.588727043646937,0.002777777777777778,963.0,0,2,0.1
963.5,10,1,1,0,0,1,1,0,0,10.45779057659776,0.002777777777777778,963.5,0,2,0.1
964.0,10,1,1,0,0,1,1,0,0,10.594489520932399,0.002777777777777778,964.0,0,2,0.1
964.5,10,1,1,0,0,1,1,0,0,10.583408199022376,0.002777777777777778,964.5,0,2,0.1
965.0,10,1,1,0,0,1,1,0,0,10.44702749502248,0.002777777777777778,965.0,0,2,0.1
965.5,10,1,1,0,0,1,1,0,0,10.427744202553145,0.002777777777777778,965.5,0,2,0.1
966.0,10,1,1,0,0,1,1,0,0,10.591563576697222,0.002777777777777778,966.0,0,2,0.1
966.5,10,1,1,0,0,1,1,0,0,10.491853638853495,0.002777777777777778,966.5,0,2,0.1
967.0,10,1,1,0,0,1,1,0,0,10.473708498194899,0.002777777777777778,967.0,0,2,0.1
967.5,10,1,1,0,0,1,1,0,0,10.519061916188653,0.002777777777777778,967.5,0,2,0.1
968.0,10,1,1,0,0,1,1,0,0,10.559917025659084,0.002777777777777778,968.0,0,2,0.1
968.5,14,1,1,0,0,1,1,0,0,11.446970446849402,0.0038888888888888888,968.5,0,2,0.14
969.0,14,1,1,0,0,1,1,0,0,11.436558911410618,0.0038888888888888888,969.0,0,2,0.14
969.5,14,1,1,0,0,1,1,0,0,11.394102836225708,0.0038888888888888888,969.5,0,2,0.14
970.0,14,1,1,0,0,1,1,0,0,11.30628114683543,0.0038888888888888888,970.0,0,2,0.14
970.5,14,1,1,0,0,1,1,0,0,11.454810295366311,0.0038888888888888888,970.5,0,2,0.14
971.0,14,1,1,0,0,1,1,0,0,11.363795964602007,0.0038888888888888888,971.0,0,2,0.14
971.5,14,1,1,0,0,1,1,0,0,11.361697073951076,0.0038888888888888888,971.5,0,2,0.14
972.0,14,1,1,0,0,1,1,0,0,11.399275862813123,0.0038888888888888888,972.0,0,2,0.14
972.5,14,1,1,0,0,1,1,0,0,11.290176193731943,0.0038888888888888888,972.5,0,2,0.14
973.0,14,1,1,0,0,1,1,0,0,11.297420651881822,0.0038888888888888888,973.0,0,2,0.14
973.5,14,1,1,0,0,1,1,0,0,11.125429329345497,0.0038888888888888888,973.5,0,2,0.14
974.0,14,1,1,0,0,1,1,0,0,10.882604404129319,0.0038888888888888888,974.0,0,2,0.14
974.5,14,1,1,0,0,1,1,0,0,10.799706865239655,0.0038888888888888888,974.5,0,2,0.14
975.0,14,1,1,0,0,1,1,0,0,10.579923329469475,0.0038888888888888888,975.0,0,2,0.14
975.5,14,1,1,0,0,1,1,0,0,10.384543327335908,0.0038888888888888888,975.5,0,2,0.14
976.0,14,1,1,0,0,1,1,0,0,10.393686583482761,0.0038888888888888888,976.0,0,2,0.14
976.5,14,2,1,0,0,2,1,0,0,10.450942825220435,0.0038888888888888888,976.5,0,2,0.14
977.0,14,2,1,0,0,2,1,0,0,10.470840499223032,0.0038888888888888888,977.0,0,2,0.14
977.5,14,2,1,0,0,2,1,0,0,10.392001498918377,0.0038888888888888888,977.5,0,2,0.14
978.0,14,2,1,0,0,2,1,0,0,10.395702136285731,0.0038888888888888888,978.0,0,2,0.14
978.5,14,2,1,0,0,2,1,0,0,10.395644125306008,0.0038888888888888888,978.5,0,2,0.14
979.0,14,2,1,0,0,2,1,0,0,10.470356314059106,0.0038888888888888888,979.0,0,2,0.14
979.5,14,2,1,0,0,2,1,0,0,10.320483132844346,0.0038888888888888888,979.5,0,2,0.14
980.0,14,2,1,0,0,2,1,0,0,10.522867532017301,0.0038888888888888888,980.0,0,2,0.14
980.5,14,2,1,0,0,2,1,0,0,10.477953507960203,0.0038888888888888888,980.5,0,2,0.14
981.0,14,2,1,0,0,2,1,0,0,10.237607322774055,0.0038888888888888888,981.0,0,2,0.14
981.5,14,2,1,0,0,2,1,0,0,10.110814507337482,0.0038888888888888888,981.5,0,2,0.14
982.0,14,2,1,0,0,2,1,0,0,9.944630400992226,0.0038888888888888888,982.0,0,2,0.14
982.5,14,2,1,0,0,2,1,0,0,9.82911013969471,0.0038888888888888888,982.5,0,2,0.14
983.0,14,2,1,0,0,2,1,0,0,9.73963652031591,0.0038888888888888888,983.0,0,2,0.14
983.5,14,2,2,0,0,2,2,0,0,9.674183703394323,0.0038888888888888888,983.5,0,2,0.14
984.0,14,2,2,0,0,2,2,0,0,9.621315997339414,0.0038888888888888888,984.0,0,2,0.14
984.5,13,2,2,0,0,2,2,0,0,9.306895415088267,0.003611111111111111,984.5,0,2,0.13
985.0,13,2,2,0,0,2,2,0,0,9.337596005480481,0.003611111111111111,985.0,0,2,0.13
985.5,12,2,2,0,0,2,2,0,0,8.938273491518258,0.0033333333333333335,985.5,0,2,0.12
986.0,10,2,2,0,0,2,2,0,0,8.126911506968087,0.002777777777777778,986.0,0,2,0.1
986.5,10,2,2,0,0,2,2,0,0,8.137637163785751,0.002777777777777778,986.5,0,2,0.1
987.0,10,2,2,0,0,2,2,0,0,8.055859653774883,0.002777777777777778,987.0,0,3,0.1
987.5,10,2,2,0,0,2,2,0,0,8.1548171107783,0.002777777777777778,987.5,0,3,0.1
988.0,10,2,2,0,0,2,2,0,0,8.12660526339407,0.002777777777777778,988.0,0,3,0.1
988.5,10,2,2,0,0,2,2,0,0,8.166517287539087,0.002777777777777778,988.5,0,3,0.1
989.0,10,2,2,0,0,2,2,0,0,8.10808279825235,0.002777777777777778,989.0,0,3,0.1
989.5,10,2,2,0,0,2,2,0,0,8.161139794504038,0.002777777777777778,989.5,0,3,0.1
990.0,10,0,0,0,0,0,0,0,0,8.681608207479933,0.002777777777777778,990.0,0,0,0.1
990.5,10,0,0,0,0,0,0,0,0,9.082875832792343,0.002777777777777778,990.5,0,0,0.1
991.0,10,0,0,0,0,0,0,0,0,9.301171958103513,0.002777777777777778,991.0,0,0,0.1
991.5,10,0,0,0,0,0,0,0,0,9.780730068432604,0.002777777777777778,991.5,0,0,0.1
992.0,10,0,0,0,0,0,0,0,0,10.2680118774953,0.002777777777777778,992.0,0,0,0.1
992.5,10,0,0,0,0,0,0,0,0,10.641048851289522,0.002777777777777778,992.5,0,0,0.1
993.0,10,0,0,0,0,0,0,0,0,11.039906009403495,0.002777777777777778,993.0,0,0,0.1
993.5,10,0,0,0,0,0,0,0,0,11.507927388494574,0.002777777777777778,993.5,0,0,0.1
994.0,10,0,0,0,0,0,0,0,0,11.895374568893313,0.002777777777777778,994.0,0,0,0.1
994.5,10,0,0,0,0,0,0,0,0,12.204977293678532,0.002777777777777778,994.5,0,0,0.1
995.0,10,0,0,0,0,0,0,0,0,12.59541814696394,0.002777777777777778,995.0,0,0,0.1
995.5,10,0,0,0,0,0,0,0,0,12.920965934057032,0.002777777777777778,995.5,0,0,0.1
996.0,10,0,0,0,0,0,0,0,0,13.249214007560008,0.002777777777777778,996.0,0,0,0.1
996.5,10,0,0,0,0,0,0,0,0,13.288057111073234,0.002777777777777778,996.5,0,0,0.1
997.0,10,0,0,0,0,0,0,0,0,13.343042986252064,0.002777777777777778,997.0,0,0,0.1
997.5,10,0,0,0,0,0,0,0,0,13.328891030806068,0.002777777777777778,997.5,0,0,0.1
998.0,10,0,0,0,0,0,0,0,0,13.378596421746721,0.002777777777777778,998.0,0,0,0.1
998.5,14,0,0,0,0,0,0,0,0,13.429119628969307,0.0038888888888888888,998.5,0,0,0.14
999.0,14,0,0,0,0,0,0,0,0,13.359595562571325,0.0038888888888888888,999.0,0,0,0.14
999.5,14,0,0,0,0,0,0,0,0,13.351999336579679,0.0038888888888888888,999.5,0,0,0.14
1000.0,14,0,0,0,0,0,0,0,0,13.459242436119785,0.0038888888888888888,1000.0,0,0,0.14
1000.5,14,0,0,0,0,0,0,0,0,13.42654719176898,0.0038888888888888888,1000.5,0,0,0.14
1001.0,14,0,0,0,0,0,0,0,0,13.371132390037742,0.0038888888888888888,1001.0,0,0,0.14
1001.5,14,0,0,0,0,0,0,0,0,13.353495198288298,0.0038888888888888888,1001.5,0,0,0.14
1002.0,14,0,0,0,0,0,0,0,0,13.355754019688845,0.0038888888888888888,1002.0,0,0,0.14
1002.5,14,0,0,0,0,0,0,0,0,13.30512282890397,0.0038888888888888888,1002.5,0,0,0.14
1003.0,14,0,0,0,0,0,0,0,0,13.17805086988433,0.0038888888888888888,1003.0,0,0,0.14
1003.5,14,0,0,0,0,0,0,0,0,12.799115773152453,0.0038888888888888888,1003.5,0,0,0.14
1004.0,14,0,0,0,0,0,0,0,0,12.479016061835125,0.0038888888888888888,1004.0,0,0,0.14
1004.5,14,0,0,0,0,0,0,0,0,12.26812771361135,0.0038888888888888888,1004.5,0,0,0.14
1005.0,14,0,0,0,0,0,0,0,0,12.030744660562869,0.0038888888888888888,1005.0,0,0,0.14
1005.5,14,0,0,0,0,0,0,0,0,11.69654547729576,0.0038888888888888888,1005.5,0,0,0.14
1006.0,14,0,0,1,1,0,0,1,1,11.497249060966821,0.0038888888888888888,1006.0,0,0,0.14
1006.5,14,0,0,1,1,0,0,1,1,11.406505146539834,0.0038888888888888888,1006.5,0,0,0.14
1007.0,14,0,0,1,1,0,0,1,1,11.353997693665558,0.0038888888888888888,1007.0,0,0,0.14
1007.5,14,0,0,1,1,0,0,1,1,11.300326627395636,0.0038888888888888888,1007.5,0,0,0.14
1008.0,14,0,0,1,1,0,0,1,1,11.412225165312039,0.0038888888888888888,1008.0,0,0,0.14
1008.5,14,0,0,1,1,0,0,1,1,11.30958638633847,0.0038888888888888888,1008.5,0,0,0.14
1009.0,14,0,0,1,1,0,0,1,1,11.432772000884835,0.0038888888888888888,1009.0,0,0,0.14
1009.5,14,0,0,1,1,0,0,1,1,11.319521264856576,0.0038888888888888888,1009.5,0,0,0.14
1010.0,14,0,0,1,1,0,0,1,1,11.411339312525698,0.0038888888888888888,1010.0,0,0,0.14
1010.5,14,0,0,1,1,0,0,1,1,11.425439987646746,0.0038888888888888888,1010.5,0,0,0.14
1011.0,14,0,0,1,1,0,0,1,1,11.326486176086851,0.0038888888888888888,1011.0,0,0,0.14
1011.5,12,0,0,1,1,0,0,1,1,11.079700035589589,0.0033333333333333335,1011.5,0,0,0.12
1012.0,12,0,0,1,1,0,0,1,1,11.115424925291014,0.0033333333333333335,1012.0,0,0,0.12
1012.5,12,0,0,1,1,0,0,1,1,11.100242863620084,0.0033333333333333335,1012.5,0,0,0.12
1013.0,12,0,0,1,1,0,0,1,1,11.06348332900705,0.0033333333333333335,1013.0,0,0,0.12
1013.5,12,0,0,1,1,0,0,1,1,11.069065023863956,0.0033333333333333335,1013.5,0,0,0.12
1014.0,12,0,0,1,1,0,0,1,1,11.17166598347477,0.0033333333333333335,1014.0,0,0,0.12
1014.5,12,0,0,1,1,0,0,1,1,11.09178837028968,0.0033333333333333335,1014.5,0,0,0.12
1015.0,12,0,0,1,1,0,0,1,1,11.016643137447298,0.0033333333333333335,1015.0,0,0,0.12
1015.5,12,0,0,1,1,0,0,1,1,11.04621745019235,0.0033333333333333335,1015.5,0,0,0.12
1016.0,12,0,0,1,1,0,0,1,1,11.104882487071016,0.0033333333333333335,1016.0,0,0,0.12
1016.5,12,0,0,1,1,0,0,1,1,11.062394807576354,0.0033333333333333335,1016.5,0,0,0.12
1017.0,12,0,0,1,1,0,0,1,1,11.108650072192887,0.0033333333333333335,1017.0,0,0,0.12
1017.5,12,0,0,1,1,0,0,1,1,11.048942668094101,0.0033333333333333335,1017.5,0,0,0.12
1018.0,12,0,0,1,1,0,0,1,1,10.984017454205466,0.0033333333333333335,1018.0,0,0,0.12
1018.5,12,0,0,1,1,0,0,1,1,10.959121149103503,0.0033333333333333335,1018.5,0,0,0.12
1019.0,12,0,0,1,1,0,0,1,1,11.024032574765302,0.0033333333333333335,1019.0,0,0,0.12
1019.5,12,0,0,1,1,0,0,1,1,11.018748329210558,0.0033333333333333335,1019.5,0,0,0.12
1020.0,12,0,0,1,1,0,0,1,1,11.115558737398395,0.0033333333333333335,1020.0,0,0,0.12
1020.5,12,0,0,1,1,0,0,1,1,11.095270576186747,0.0033333333333333335,1020.5,0,0,0.12
1021.0,12,0,0,1,1,0,0,1,1,11.051644356434656,0.0033333333333333335,1021.0,0,0,0.12
1021.5,12,0,0,1,1,0,0,1,1,11.07398757258814,0.0033333333333333335,1021.5,0,0,0.12
1022.0,12,0,0,1,1,0,0,1,1,11.030929240140402,0.0033333333333333335,1022.0,0,0,0.12
1022.5,12,0,0,1,1,0,0,1,1,11.012562472548217,0.0033333333333333335,1022.5,0,0,0.12
1023.0,12,0,0,1,1,0,0,1,1,10.981882346727417,0.0033333333333333335,1023.0,0,0,0.12
1023.5,12,0,0,1,1,0,0,1,1,11.153027745300745,0.0033333333333333335,1023.5,0,0,0.12
1024.0,12,0,0,1,1,0,0,1,1,11.007347773613445,0.0033333333333333335,1024.0,0,0,0.12
1024.5,12,0,0,1,1,0,0,1,1,11.087124949721192,0.0033333333333333335,1024.5,0,0,0.12
1025.0,12,0,0,1,1,0,0,1,1,11.104877979916013,0.0033333333333333335,1025.0,0,0,0.12
1025.5,12,0,0,1,1,0,0,1,1,11.083104757504145,0.0033333333333333335,1025.5,0,0,0.12
1026.0,12,0,0,1,1,0,0,1,1,11.01334216005572,0.0033333333333333335,1026.0,0,0,0.12
1026.5,12,0,0,1,1,0,0,1,1,11.079966799197287,0.0033333333333333335,1026.5,0,0,0.12
1027.0,12,0,0,1,1,0,0,1,1,11.037622919311353,0.0033333333333333335,1027.0,0,0,0.12
1027.5,12,0,0,1,1,0,0,1,1,11.061693438703616,0.0033333333333333335,1027.5,0,0,0.12
1028.0,12,0,0,1,1,0,0,1,1,11.063095638322174,0.0033333333333333335,1028.0,0,0,0.12
1028.5,12,0,0,1,1,0,0,1,1,11.10690399507328,0.0033333333333333335,1028.5,0,0,0.12
1029.0,16,0,0,1,1,0,0,1,1,11.690357725886873,0.0044444444444444444,1029.0,0,0,0.16
1029.5,16,0,0,1,1,0,0,1,1,11.584490125175229,0.0044444444444444444,1029.5,0,0,0.16
1030.0,16,0,0,1,1,0,0,1,1,11.749852529487555,0.0044444444444444444,1030.0,0,0,0.16
1030.5,13,0,0,1,1,0,0,1,1,11.190320007408662,0.003611111111111111,1030.5,0,0,0.13
1031.0,13,0,0,1,1,0,0,1,1,11.19618686672642,0.003611111111111111,1031.0,0,0,0.13
1031.5,13,0,0,1,1,0,0,1,1,11.28453700564445,0.003611111111111111,1031.5,0,0,0.13
1032.0,13,0,0,1,1,0,0,1,1,11.10945043430259,0.003611111111111111,1032.0,0,1,0.13
1032.5,13,0,0,1,1,0,0,1,1,11.165892942446444,0.003611111111111111,1032.5,0,1,0.13
1033.0,13,0,0,1,1,0,0,1,1,10.97826487992331,0.003611111111111111,1033.0,0,1,0.13
1033.5,13,0,0,1,1,0,0,1,1,10.37264895181736,0.003611111111111111,1033.5,0,1,0.13
1034.0,13,0,0,1,1,0,0,1,1,10.087326120188768,0.003611111111111111,1034.0,0,1,0.13
1034.5,13,0,0,1,1,0,0,1,1,9.58214048455895,0.003611111111111111,1034.5,0,1,0.13
1035.0,13,0,0,0,0,0,0,0,0,9.418930190879353,0.003611111111111111,1035.0,0,2,0.13
1035.5,13,0,0,0,0,0,0,0,0,9.391401746642163,0.003611111111111111,1035.5,0,2,0.13
1036.0,13,0,0,0,0,0,0,0,0,9.425879226835688,0.003611111111111111,1036.0,0,2,0.13
1036.5,13,1,1,0,0,1,1,0,0,9.59355771581353,0.003611111111111111,1036.5,0,2,0.13
1037.0,13,1,1,0,0,1,1,0,0,9.778579940909127,0.003611111111111111,1037.0,0,2,0.13
1037.5,13,1,1,0,0,1,1,0,0,9.996688256814622,0.003611111111111111,1037.5,0,2,0.13
1038.0,12,1,1,0,0,1,1,0,0,10.088306438093296,0.0033333333333333335,1038.0,0,2,0.12
1038.5,12,1,1,0,0,1,1,0,0,10.293208846548678,0.0033333333333333335,1038.5,0,2,0.12
1039.0,12,1,1,0,0,1,1,0,0,10.378890965025127,0.0033333333333333335,1039.0,0,2,0.12
1039.5,12,1,1,0,0,1,1,0,0,10.615848958757969,0.0033333333333333335,1039.5,0,2,0.12
1040.0,12,1,1,0,0,1,1,0,0,10.823464567880604,0.0033333333333333335,1040.0,0,2,0.12
1040.5,12,1,1,0,0,1,1,0,0,11.01252304867654,0.0033333333333333335,1040.5,0,2,0.12
1041.0,12,1,1,0,0,1,1,0,0,11.1417928214793,0.0033333333333333335,1041.0,0,2,0.12
1041.5,12,1,1,0,0,1,1,0,0,11.204826722812006,0.0033333333333333335,1041.5,0,2,0.12
1042.0,10,1,1,0,0,1,1,0,0,10.687456448937603,0.002777777777777778,1042.0,0,2,0.1
1042.5,10,1,1,0,0,1,1,0,0,10.77974638267916,0.002777777777777778,1042.5,0,2,0.1
1043.0,10,1,1,0,0,1,1,0,0,10.78705145846035,0.002777777777777778,1043.0,0,2,0.1
1043.5,10,1,1,0,0,1,1,0,0,10.743672317646281,0.002777777777777778,1043.5,0,2,0.1
1044.0,10,1,1,0,0,1,1,0,0,10.740224052740098,0.002777777777777778,1044.0,0,2,0.1
1044.5,10,1,1,0,0,1,1,0,0,10.731445524551976,0.002777777777777778,1044.5,0,2,0.1
1045.0,10,1,1,0,0,1,1,0,0,10.815070968290396,0.002777777777777778,1045.0,0,2,0.1
1045.5,10,1,1,0,0,1,1,0,0,10.74436780413061,0.002777777777777778,1045.5,0,2,0.1
1046.0,10,1,1,0,0,1,1,0,0,10.740660779639452,0.002777777777777778,1046.0,0,2,0.1
1046.5,10,1,1,0,0,1,1,0,0,10.603169065704872,0.002777777777777778,1046.5,0,2,0.1
1047.0,10,1,1,0,0,1,1,0,0,10.722949881968393,0.002777777777777778,1047.0,0,2,0.1
1047.5,10,1,1,0,0,1,1,0,0,10.755162981194747,0.002777777777777778,1047.5,0,2,0.1
1048.0,10,1,1,0,0,1,1,0,0,10.771874634580758,0.002777777777777778,1048.0,0,2,0.1
1048.5,10,1,1,0,0,1,1,0,0,10.798713107407398,0.002777777777777778,1048.5,0,2,0.1
1049.0,10,1,1,0,0,1,1,0,0,10.747510685482132,0.002777777777777778,1049.0,0,2,0.1
1049.5,10,1,1,0,0,1,1,0,0,10.711456273829402,0.002777777777777778,1049.5,0,2,0.1
1050.0,10,1,1,0,0,1,1,0,0,10.727761951043806,0.002777777777777778,1050.0,0,2,0.1
1050.5,10,1,1,0,0,1,1,0,0,10.776932940892015,0.002777777777777778,1050.5,0,2,0.1
1051.0,10,1,1,0,0,1,1,0,0,10.767693202758977,0.002777777777777778,1051.0,0,2,0.1
1051.5,10,1,1,0,0,1,1,0,0,10.717064584651101,0.002777777777777778,1051.5,0,2,0.1
1052.0,10,1,1,0,0,1,1,0,0,10.708576358707226,0.002777777777777778,1052.0,0,2,0.1
1052.5,10,1,1,0,0,1,1,0,0,10.720365552881571,0.002777777777777778,1052.5,0,2,0.1
1053.0,10,1,1,0,0,1,1,0,0,10.75042591683364,0.002777777777777778,1053.0,0,2,0.1
1053.5,10,1,1,0,0,1,1,0,0,10.689814974704364,0.002777777777777778,1053.5,0,2,0.1
1054.0,10,1,1,0,0,1,1,0,0,10.637421846562368,0.002777777777777778,1054.0,0,2,0.1
1054.5,10,1,1,0,0,1,1,0,0,10.718340892251884,0.002777777777777778,1054.5,0,2,0.1
1055.0,10,1,1,0,0,1,1,0,0,10.681016597498976,0.002777777777777778,1055.0,0,2,0.1
1055.5,10,1,1,0,0,1,1,0,0,10.62089673730226,0.002777777777777778,1055.5,0,2,0.1
1056.0,10,1,1,0,0,1,1,0,0,10.685510626825575,0.002777777777777778,1056.0,0,2,0.1
1056.5,10,1,1,0,0,1,1,0,0,10.691933767476886,0.002777777777777778,1056.5,0,2,0.1
1057.0,10,1,1,0,0,1,1,0,0,10.631590567531834,0.002777777777777778,1057.0,0,2,0.1
1057.5,10,1,1,0,0,1,1,0,0,10.755511617259193,0.002777777777777778,1057.5,0,2,0.1
1058.0,10,1,1,0,0,1,1,0,0,10.713435904280352,0.002777777777777778,1058.0,0,2,0.1
1058.5,10,1,1,0,0,1,1,0,0,10.676062954046369,0.002777777777777778,1058.5,0,2,0.1
1059.0,14,1,1,0,0,1,1,0,0,11.148211081684034,0.0038888888888888888,1059.0,0,2,0.14
1059.5,14,1,1,0,0,1,1,0,0,11.079891140233928,0.0038888888888888888,1059.5,0,2,0.14
1060.0,14,1,1,0,0,1,1,0,0,11.248602715520919,0.0038888888888888888,1060.0,0,2,0.14
1060.5,14,1,1,0,0,1,1,0,0,11.297918875660615,0.0038888888888888888,1060.5,0,2,0.14
1061.0,14,1,1,0,0,1,1,0,0,11.344375083768938,0.0038888888888888888,1061.0,0,2,0.14
1061.5,14,1,1,0,0,1,1,0,0,11.296839412992421,0.0038888888888888888,1061.5,0,2,0.14
1062.0,14,1,1,0,0,1,1,0,0,11.450395740771997,0.0038888888888888888,1062.0,0,2,0.14
1062.5,14,1,1,0,0,1,1,0,0,11.437239420761843,0.0038888888888888888,1062.5,0,2,0.14
1063.0,14,1,1,0,0,1,1,0,0,11.455637694528852,0.0038888888888888888,1063.0,0,2,0.14
1063.5,14,1,1,0,0,1,1,0,0,11.391941133570873,0.0038888888888888888,1063.5,0,2,0.14
1064.0,14,1,1,0,0,1,1,0,0,11.342029275382886,0.0038888888888888888,1064.0,0,2,0.14
1064.5,14,1,1,0,0,1,1,0,0,11.0957709816595,0.0038888888888888888,1064.5,0,2,0.14
1065.0,14,1,1,0,0,1,1,0,0,10.923698513285775,0.0038888888888888888,1065.0,0,2,0.14
1065.5,14,1,1,0,0,1,1,0,0,10.720903277143236,0.0038888888888888888,1065.5,0,2,0.14
1066.0,14,1,1,0,0,1,1,0,0,10.389241032266323,0.0038888888888888888,1066.0,0,2,0.14
1066.5,14,2,1,0,0,2,1,0,0,10.095182722494599,0.0038888888888888888,1066.5,0,2,0.14
1067.0,14,2,1,0,0,2,1,0,0,9.950006716169609,0.0038888888888888888,1067.0,0,2,0.14
1067.5,14,2,1,0,0,2,1,0,0,9.782658738585992,0.0038888888888888888,1067.5,0,2,0.14
1068.0,14,2,1,0,0,2,1,0,0,9.61943132508195,0.0038888888888888888,1068.0,0,2,0.14
1068.5,14,2,2,0,0,2,2,0,0,9.596519137710624,0.0038888888888888888,1068.5,0,2,0.14
1069.0,14,2,2,0,0,2,2,0,0,9.578061248284017,0.0038888888888888888,1069.0,0,2,0.14
1069.5,14,2,2,0,0,2,2,0,0,9.601290277417316,0.0038888888888888888,1069.5,0,2,0.14
1070.0,14,2,2,0,0,2,2,0,0,9.620439320639948,0.0038888888888888888,1070.0,0,2,0.14
1070.5,14,2,2,0,0,2,2,0,0,9.653635561769969,0.0038888888888888888,1070.5,0,2,0.14
1071.0,14,2,2,0,0,2,2,0,0,9.557521813084511,0.0038888888888888888,1071.0,0,2,0.14
1071.5,14,2,2,0,0,2,2,0,0,9.562053424343874,0.0038888888888888888,1071.5,0,2,0.14
1072.0,14,2,2,0,0,2,2,0,0,9.522438281913626,0.0038888888888888888,1072.0,0,2,0.14
1072.5,14,2,2,0,0,2,2,0,0,9.611878238576207,0.0038888888888888888,1072.5,0,2,0.14
1073.0,14,2,2,0,0,2,2,0,0,9.543663891311143,0.0038888888888888888,1073.0,0,2,0.14
1073.5,13,2,2,0,0,2,2,0,0,9.289975292873649,0.003611111111111111,1073.5,0,2,0.13
1074.0,13,2,2,0,0,2,2,0,0,9.264022861383937,0.003611111111111111,1074.0,0,2,0.13
1074.5,13,2,2,0,0,2,2,0,0,9.226730283452277,0.003611111111111111,1074.5,0,2,0.13
1075.0,13,2,2,0,0,2,2,0,0,9.186707611857061,0.003611111111111111,1075.0,0,2,0.13
1075.5,11,2,2,0,0,2,2,0,0,8.583966072325437,0.0030555555555555557,1075.5,0,2,0.11
1076.0,10,2,2,0,0,2,2,0,0,8.036137445517452,0.002777777777777778,1076.0,0,2,0.1
1076.5,10,2,2,0,0,2,2,0,0,8.070032987241502,0.002777777777777778,1076.5,0,2,0.1
1077.0,10,2,2,0,0,2,2,0,0,8.006339951406336,0.002777777777777778,1077.0,0,3,0.1
1077.5,10,2,2,0,0,2,2,0,0,7.9957408169699935,0.002777777777777778,1077.5,0,3,0.1
1078.0,10,2,2,0,0,2,2,0,0,8.076377025059992,0.002777777777777778,1078.0,0,3,0.1
1078.5,10,2,2,0,0,2,2,0,0,8.076773785568879,0.002777777777777778,1078.5,0,3,0.1
1079.0,10,2,2,0,0,2,2,0,0,8.066941692386392,0.002777777777777778,1079.0,0,3,0.1
1079.5,10,2,2,0,0,2,2,0,0,8.091074649248842,0.002777777777777778,1079.5,0,3,0.1
1080.0,10,0,0,0,0,0,0,0,0,8.506216528447913,0.002777777777777778,1080.0,0,0,0.1
1080.5,10,0,0,0,0,0,0,0,0,8.856309691108347,0.002777777777777778,1080.5,0,0,0.1
1081.0,10,0,0,0,0,0,0,0,0,9.364860352710405,0.002777777777777778,1081.0,0,0,0.1
1081.5,10,0,0,0,0,0,0,0,0,9.825685312905865,0.002777777777777778,1081.5,0,0,0.1
1082.0,10,0,0,0,0,0,0,0,0,10.20511346204514,0.002777777777777778,1082.0,0,0,0.1
1082.5,10,0,0,0,0,0,0,0,0,10.557646180595787,0.002777777777777778,1082.5,0,0,0.1
1083.0,10,0,0,0,0,0,0,0,0,11.026368435340284,0.002777777777777778,1083.0,0,0,0.1
1083.5,10,0,0,0,0,0,0,0,0,11.532354095612703,0.002777777777777778,1083.5,0,0,0.1
1084.0,10,0,0,0,0,0,0,0,0,11.98255125569953,0.002777777777777778,1084.0,0,0,0.1
1084.5,10,0,0,0,0,0,0,0,0,12.328847959989966,0.002777777777777778,1084.5,0,0,0.1
1085.0,10,0,0,0,0,0,0,0,0,12.711302254586068,0.002777777777777778,1085.0,0,0,0.1
1085.5,10,0,0,0,0,0,0,0,0,13.186458625471014,0.002777777777777778,1085.5,0,0,0.1
1086.0,10,0,0,0,0,0,0,0,0,13.386808668936999,0.002777777777777778,1086.0,0,0,0.1
1086.5,10,0,0,0,0,0,0,0,0,13.462040934625955,0.002777777777777778,1086.5,0,0,0.1
1087.0,10,0,0,0,0,0,0,0,0,13.444206628135111,0.002777777777777778,1087.0,0,0,0.1
1087.5,10,0,0,0,0,0,0,0,0,13.508868617782545,0.002777777777777778,1087.5,0,0,0.1
1088.0,10,0,0,0,0,0,0,0,0,13.379882165475689,0.002777777777777778,1088.0,0,0,0.1
1088.5,10,0,0,0,0,0,0,0,0,13.340260133237285,0.002777777777777778,1088.5,0,0,0.1
1089.0,10,0,0,0,0,0,0,0,0,13.397646408772967,0.002777777777777778,1089.0,0,0,0.1
1089.5,14,0,0,0,0,0,0,0,0,13.166820726122523,0.0038888888888888888,1089.5,0,0,0.14
1090.0,14,0,0,0,0,0,0,0,0,13.150263028368633,0.0038888888888888888,1090.0,0,0,0.14
1090.5,14,0,0,0,0,0,0,0,0,13.0957267184555,0.0038888888888888888,1090.5,0,0,0.14
1091.0,14,0,0,0,0,0,0,0,0,12.99226188791844,0.0038888888888888888,1091.0,0,0,0.14
1091.5,14,0,0,0,0,0,0,0,0,13.104897610721393,0.0038888888888888888,1091.5,0,0,0.14
1092.0,14,0,0,0,0,0,0,0,0,13.054149276677999,0.0038888888888888888,1092.0,0,0,0.14
1092.5,14,0,0,0,0,0,0,0,0,13.107251298414724,0.0038888888888888888,1092.5,0,0,0.14
1093.0,14,0,0,0,0,0,0,0,0,13.190495769882885,0.0038888888888888888,1093.0,0,0,0.14
1093.5,14,0,0,0,0,0,0,0,0,12.980827947522092,0.0038888888888888888,1093.5,0,0,0.14
1094.0,14,0,0,0,0,0,0,0,0,12.69319132995638,0.0038888888888888888,1094.0,0,0,0.14
1094.5,14,0,0,0,0,0,0,0,0,12.42190278652785,0.0038888888888888888,1094.5,0,0,0.14
1095.0,14,0,0,0,0,0,0,0,0,12.048545106344013,0.0038888888888888888,1095.0,0,0,0.14
1095.5,14,0,0,0,0,0,0,0,0,11.755813772468315,0.0038888888888888888,1095.5,0,0,0.14
1096.0,14,0,0,0,0,0,0,0,0,11.403070713857867,0.0038888888888888888,1096.0,0,0,0.14
1096.5,14,0,0,0,0,0,0,0,0,11.292498467540957,0.0038888888888888888,1096.5,0,0,0.14
1097.0,14,0,0,1,1,0,0,1,1,11.241820573198657,0.0038888888888888888,1097.0,0,0,0.14
1097.5,14,0,0,1,1,0,0,1,1,11.140535056937127,0.0038888888888888888,1097.5,0,0,0.14
1098.0,14,0,0,1,1,0,0,1,1,11.118204022876839,0.0038888888888888888,1098.0,0,0,0.14
1098.5,14,0,0,1,1,0,0,1,1,11.131993765467891,0.0038888888888888888,1098.5,0,0,0.14
1099.0,14,0,0,1,1,0,0,1,1,11.105750578117972,0.0038888888888888888,1099.0,0,0,0.14
1099.5,14,0,0,1,1,0,0,1,1,11.155267316596863,0.0038888888888888888,1099.5,0,0,0.14
1100.0,14,0,0,1,1,0,0,1,1,11.16268737455132,0.0038888888888888888,1100.0,0,0,0.14
1100.5,14,0,0,1,1,0,0,1,1,11.217019578883471,0.0038888888888888888,1100.5,0,0,0.14
1101.0,14,0,0,1,1,0,0,1,1,11.115271900029569,0.0038888888888888888,1101.0,0,0,0.14
1101.5,14,0,0,1,1,0,0,1,1,11.124188697123516,0.0038888888888888888,1101.5,0,0,0.14
1102.0,14,0,0,1,1,0,0,1,1,11.184449764354369,0.0038888888888888888,1102.0,0,0,0.14
1102.5,12,0,0,1,1,0,0,1,1,10.779394526155217,0.0033333333333333335,1102.5,0,0,0.12
1103.0,12,0,0,1,1,0,0,1,1,10.70453722607086,0.0033333333333333335,1103.0,0,0,0.12
1103.5,12,0,0,1,1,0,0,1,1,10.71511671824297,0.0033333333333333335,1103.5,0,0,0.12
1104.0,12,0,0,1,1,0,0,1,1,10.711575223785223,0.0033333333333333335,1104.0,0,0,0.12
1104.5,12,0,0,1,1,0,0,1,1,10.737487033940207,0.0033333333333333335,1104.5,0,0,0.12
1105.0,12,0,0,1,1,0,0,1,1,10.645995218380838,0.0033333333333333335,1105.0,0,0,0.12
1105.5,12,0,0,1,1,0,0,1,1,10.667636615475773,0.0033333333333333335,1105.5,0,0,0.12
1106.0,12,0,0,1,1,0,0,1,1,10.758028624880376,0.0033333333333333335,1106.0,0,0,0.12
1106.5,12,0,0,1,1,0,0,1,1,10.675193994385905,0.0033333333333333335,1106.5,0,0,0.12
1107.0,12,0,0,1,1,0,0,1,1,10.714799101383287,0.0033333333333333335,1107.0,0,0,0.12
1107.5,12,0,0,1,1,0,0,1,1,10.724503826126202,0.0033333333333333335,1107.5,0,0,0.12
1108.0,12,0,0,1,1,0,0,1,1,10.75912047991329,0.0033333333333333335,1108.0,0,0,0.12
1108.5,12,0,0,1,1,0,0,1,1,10.78034712646849,0.0033333333333333335,1108.5,0,0,0.12
1109.0,12,0,0,1,1,0,0,1,1,10.765655632625894,0.0033333333333333335,1109.0,0,0,0.12
1109.5,12,0,0,1,1,0,0,1,1,10.799431091903374,0.0033333333333333335,1109.5,0,0,0.12
1110.0,12,0,0,1,1,0,0,1,1,10.758351512051824,0.0033333333333333335,1110.0,0,0,0.12
1110.5,12,0,0,1,1,0,0,1,1,10.787624202901824,0.0033333333333333335,1110.5,0,0,0.12
1111.0,12,0,0,1,1,0,0,1,1,10.706170441408503,0.0033333333333333335,1111.0,0,0,0.12
1111.5,12,0,0,1,1,0,0,1,1,10.702303330893566,0.0033333333333333335,1111.5,0,0,0.12
1112.0,12,0,0,1,1,0,0,1,1,10.788941822713566,0.0033333333333333335,1112.0,0,0,0.12
1112.5,12,0,0,1,1,0,0,1,1,10.716142910176943,0.0033333333333333335,1112.5,0,0,0.12
1113.0,12,0,0,1,1,0,0,1,1,10.663864003367651,0.0033333333333333335,1113.0,0,0,0.12
1113.5,12,0,0,1,1,0,0,1,1,10.777034347869987,0.0033333333333333335,1113.5,0,0,0.12
1114.0,12,0,0,1,1,0,0,1,1,10.789346420829277,0.0033333333333333335,1114.0,0,0,0.12
1114.5,12,0,0,1,1,0,0,1,1,10.679720010352648,0.0033333333333333335,1114.5,0,0,0.12
1115.0,12,0,0,1,1,0,0,1,1,10.674042788906894,0.0033333333333333335,1115.0,0,0,0.12
1115.5,12,0,0,1,1,0,0,1,1,10.627494640194673,0.0033333333333333335,1115.5,0,0,0.12
1116.0,12,0,0,1,1,0,0,1,1,10.823594498453252,0.0033333333333333335,1116.0,0,0,0.12
1116.5,12,0,0,1,1,0,0,1,1,10.697243828510146,0.0033333333333333335,1116.5,0,0,0.12
1117.0,12,0,0,1,1,0,0,1,1,10.754918498526811,0.0033333333333333335,1117.0,0,0,0.12
1117.5,12,0,0,1,1,0,0,1,1,10.76267732636803,0.0033333333333333335,1117.5,0,0,0.12
1118.0,12,0,0,1,1,0,0,1,1,10.76641525770667,0.0033333333333333335,1118.0,0,0,0.12
1118.5,12,0,0,1,1,0,0,1,1,10.803326014861364,0.0033333333333333335,1118.5,0,0,0.12
1119.0,12,0,0,1,1,0,0,1,1,10.800303186278652,0.0033333333333333335,1119.0,0,0,0.12
1119.5,16,0,0,1,1,0,0,1,1,11.43469063165798,0.0044444444444444444,1119.5,0,0,0.16
1120.0,15,0,0,1,1,0,0,1,1,11.181090978402453,0.004166666666666667,1120.0,0,0,0.15
1120.5,13,0,0,1,1,0,0,1,1,10.833824462671187,0.003611111111111111,1120.5,0,0,0.13
1121.0,13,0,0,1,1,0,0,1,1,10.877452050714641,0.003611111111111111,1121.0,0,0,0.13
1121.5,13,0,0,1,1,0,0,1,1,10.767343383905832,0.003611111111111111,1121.5,0,0,0.13
1122.0,12,0,0,1,1,0,0,1,1,10.812022058747141,0.0033333333333333335,1122.0,0,1,0.12
1122.5,12,0,0,1,1,0,0,1,1,10.750372725261352,0.0033333333333333335,1122.5,0,1,0.12
1123.0,12,0,0,1,1,0,0,1,1,10.6313018939884,0.0033333333333333335,1123.0,0,1,0.12
1123.5,12,0,0,1,1,0,0,1,1,10.646360189855619,0.0033333333333333335,1123.5,0,1,0.12
1124.0,12,0,0,1,1,0,0,1,1,10.61452402721644,0.0033333333333333335,1124.0,0,1,0.12
1124.5,12,0,0,1,1,0,0,1,1,10.22517228711183,0.0033333333333333335,1124.5,0,1,0.12
1125.0,12,0,0,0,0,0,0,0,0,10.301248425833279,0.0033333333333333335,1125.0,0,2,0.12
1125.5,12,0,0,0,0,0,0,0,0,10.282301307881143,0.0033333333333333335,1125.5,0,2,0.12
1126.0,12,0,0,0,0,0,0,0,0,10.44771707684548,0.0033333333333333335,1126.0,0,2,0.12
1126.5,12,0,0,0,0,0,0,0,0,10.333167982109073,0.0033333333333333335,1126.5,0,2,0.12
1127.0,12,0,0,0,0,0,0,0,0,10.348349600208696,0.0033333333333333335,1127.0,0,2,0.12
1127.5,12,0,1,0,0,0,1,0,0,10.502124959134367,0.0033333333333333335,1127.5,0,2,0.12
1128.0,12,0,1,0,0,0,1,0,0,10.792867709664,0.0033333333333333335,1128.0,0,2,0.12
1128.5,12,0,1,0,0,0,1,0,0,10.969634253601113,0.0033333333333333335,1128.5,0,2,0.12
1129.0,12,0,1,0,0,0,1,0,0,10.864596871670694,0.0033333333333333335,1129.0,0,2,0.12
1129.5,12,0,1,0,0,0,1,0,0,10.908121321856713,0.0033333333333333335,1129.5,0,2,0.12
1130.0,12,0,1,0,0,0,1,0,0,10.96976587526867,0.0033333333333333335,1130.0,0,2,0.12
1130.5,12,0,1,0,0,0,1,0,0,10.943641650001888,0.0033333333333333335,1130.5,0,2,0.12
1131.0,12,0,1,0,0,0,1,0,0,10.840129343682982,0.0033333333333333335,1131.0,0,2,0.12
1131.5,12,0,1,0,0,0,1,0,0,10.88771938421516,0.0033333333333333335,1131.5,0,2,0.12
1132.0,12,1,1,0,0,1,1,0,0,10.765311600403416,0.0033333333333333335,1132.0,0,2,0.12
1132.5,11,1,1,0,0,1,1,0,0,10.576662574110886,0.0030555555555555557,1132.5,0,2,0.11
1133.0,11,1,1,0,0,1,1,0,0,10.613659079113553,0.0030555555555555557,1133.0,0,2,0.11
1133.5,11,1,1,0,0,1,1,0,0,10.653947871290269,0.0030555555555555557,1133.5,0,2,0.11
1134.0,11,1,1,0,0,1,1,0,0,10.68725102121954,0.0030555555555555557,1134.0,0,2,0.11
1134.5,11,1,1,0,0,1,1,0,0,10.571892892434594,0.0030555555555555557,1134.5,0,2,0.11
1135.0,11,1,1,0,0,1,1,0,0,10.626471412161443,0.0030555555555555557,1135.0,0,2,0.11
1135.5,11,1,1,0,0,1,1,0,0,10.53943303604686,0.0030555555555555557,1135.5,0,2,0.11
1136.0,11,1,1,0,0,1,1,0,0,10.532204870421095,0.0030555555555555557,1136.0,0,2,0.11
1136.5,11,1,1,0,0,1,1,0,0,10.576567549518515,0.0030555555555555557,1136.5,0,2,0.11
1137.0,11,1,1,0,0,1,1,0,0,10.620234799994362,0.0030555555555555557,1137.0,0,2,0.11
1137.5,11,1,1,0,0,1,1,0,0,10.60468543274721,0.0030555555555555557,1137.5,0,2,0.11
1138.0,11,1,1,0,0,1,1,0,0,10.479699436581223,0.0030555555555555557,1138.0,0,2,0.11
1138.5,10,1,1,0,0,1,1,0,0,10.307019000562171,0.002777777777777778,1138.5,0,2,0.1
1139.0,10,1,1,0,0,1,1,0,0,10.472490091386746,0.002777777777777778,1139.0,0,2,0.1
1139.5,10,1,1,0,0,1,1,0,0,10.3378533173865,0.002777777777777778,1139.5,0,2,0.1
1140.0,10,1,1,0,0,1,1,0,0,10.330986950376566,0.002777777777777778,1140.0,0,2,0.1
1140.5,10,1,1,0,0,1,1,0,0,10.384660248238392,0.002777777777777778,1140.5,0,2,0.1
1141.0,10,1,1,0,0,1,1,0,0,10.351055447462745,0.002777777777777778,1141.0,0,2,0.1
1141.5,10,1,1,0,0,1,1,0,0,10.423542265853643,0.002777777777777778,1141.5,0,2,0.1
1142.0,10,1,1,0,0,1,1,0,0,10.354377656205354,0.002777777777777778,1142.0,0,2,0.1
1142.5,10,1,1,0,0,1,1,0,0,10.313911273530714,0.002777777777777778,1142.5,0,2,0.1
1143.0,10,1,1,0,0,1,1,0,0,10.42265335884181,0.002777777777777778,1143.0,0,2,0.1
1143.5,10,1,1,0,0,1,1,0,0,10.386737097939507,0.002777777777777778,1143.5,0,2,0.1
1144.0,10,1,1,0,0,1,1,0,0,10.42801776070151,0.002777777777777778,1144.0,0,2,0.1
1144.5,10,1,1,0,0,1,1,0,0,10.309335034620045,0.002777777777777778,1144.5,0,2,0.1
1145.0,10,1,1,0,0,1,1,0,0,10.32995262598273,0.002777777777777778,1145.0,0,2,0.1
1145.5,10,1,1,0,0,1,1,0,0,10.421737181072851,0.002777777777777778,1145.5,0,2,0.1
1146.0,10,1,1,0,0,1,1,0,0,10.369567451353682,0.002777777777777778,1146.0,0,2,0.1
1146.5,10,1,1,0,0,1,1,0,0,10.395201195654257,0.002777777777777778,1146.5,0,2,0.1
1147.0,10,1,1,0,0,1,1,0,0,10.375155378050435,0.002777777777777778,1147.0,0,2,0.1
1147.5,10,1,1,0,0,1,1,0,0,10.342702126981488,0.002777777777777778,1147.5,0,2,0.1
1148.0,10,1,1,0,0,1,1,0,0,10.488112521369509,0.002777777777777778,1148.0,0,2,0.1
1148.5,10,1,1,0,0,1,1,0,0,10.358280566990175,0.002777777777777778,1148.5,0,2,0.1
1149.0,10,1,1,0,0,1,1,0,0,10.378868704986555,0.002777777777777778,1149.0,0,2,0.1
1149.5,10,1,1,0,0,1,1,0,0,10.461291883437692,0.002777777777777778,1149.5,0,2,0.1
1150.0,14,1,1,0,0,1,1,0,0,11.252391889614623,0.0038888888888888888,1150.0,0,2,0.14
1150.5,14,1,1,0,0,1,1,0,0,11.20599155886342,0.0038888888888888888,1150.5,0,2,0.14
1151.0,14,1,1,0,0,1,1,0,0,11.252270050635165,0.0038888888888888888,1151.0,0,2,0.14
1151.5,14,1,1,0,0,1,1,0,0,11.348979403914853,0.0038888888888888888,1151.5,0,2,0.14
1152.0,14,1,1,0,0,1,1,0,0,11.16219341249232,0.0038888888888888888,1152.0,0,2,0.14
1152.5,14,1,1,0,0,1,1,0,0,11.184858504927856,0.0038888888888888888,1152.5,0,2,0.14
1153.0,14,1,1,0,0,1,1,0,0,11.264570345478006,0.0038888888888888888,1153.0,0,2,0.14
1153.5,14,1,1,0,0,1,1,0,0,11.238048567137884,0.0038888888888888888,1153.5,0,2,0.14
1154.0,14,1,1,0,0,1,1,0,0,11.082887187016471,0.0038888888888888888,1154.0,0,2,0.14
1154.5,14,1,1,0,0,1,1,0,0,11.024268865758362,0.0038888888888888888,1154.5,0,2,0.14
1155.0,14,1,1,0,0,1,1,0,0,10.836662975419385,0.0038888888888888888,1155.0,0,2,0.14
1155.5,14,1,1,0,0,1,1,0,0,10.689552474331048,0.0038888888888888888,1155.5,0,2,0.14
1156.0,14,1,1,0,0,1,1,0,0,10.270716942820801,0.0038888888888888888,1156.0,0,2,0.14
1156.5,14,1,1,0,0,1,1,0,0,10.075494000667211,0.0038888888888888888,1156.5,0,2,0.14
1157.0,14,1,1,0,0,1,1,0,0,9.84203460415316,0.0038888888888888888,1157.0,0,2,0.14
1157.5,14,1,1,0,0,1,1,0,0,9.586347533857419,0.0038888888888888888,1157.5,0,2,0.14
1158.0,14,1,2,0,0,1,2,0,0,9.43054673481807,0.0038888888888888888,1158.0,0,2,0.14
1158.5,14,1,2,0,0,1,2,0,0,9.37157955485428,0.0038888888888888888,1158.5,0,2,0.14
1159.0,14,2,2,0,0,2,2,0,0,9.24440669879524,0.0038888888888888888,1159.0,0,2,0.14
1159.5,14,2,2,0,0,2,2,0,0,9.285483214722273,0.0038888888888888888,1159.5,0,2,0.14
1160.0,14,2,2,0,0,2,2,0,0,9.382004111825447,0.0038888888888888888,1160.0,0,2,0.14
1160.5,14,2,2,0,0,2,2,0,0,9.283901635767618,0.0038888888888888888,1160.5,0,2,0.14
1161.0,14,2,2,0,0,2,2,0,0,9.30581182028133,0.0038888888888888888,1161.0,0,2,0.14
1161.5,14,2,2,0,0,2,2,0,0,9.376941120320025,0.0038888888888888888,1161.5,0,2,0.14
1162.0,14,2,2,0,0,2,2,0,0,9.282104458324605,0.0038888888888888888,1162.0,0,2,0.14
1162.5,14,2,2,0,0,2,2,0,0,9.267912795179948,0.0038888888888888888,1162.5,0,2,0.14
1163.0,14,2,2,0,0,2,2,0,0,9.324482793749935,0.0038888888888888888,1163.0,0,2,0.14
1163.5,13,2,2,0,0,2,2,0,0,9.028739595946023,0.003611111111111111,1163.5,0,2,0.13
1164.0,13,2,2,0,0,2,2,0,0,8.934033590773684,0.003611111111111111,1164.0,0,2,0.13
1164.5,13,2,2,0,0,2,2,0,0,9.03176178914458,0.003611111111111111,1164.5,0,2,0.13
1165.0,13,2,2,0,0,2,2,0,0,8.954961054618103,0.003611111111111111,1165.0,0,2,0.13
1165.5,11,2,2,0,0,2,2,0,0,8.244687379852603,0.0030555555555555557,1165.5,0,2,0.11
1166.0,11,2,2,0,0,2,2,0,0,8.110910021990357,0.0030555555555555557,1166.0,0,2,0.11
1166.5,11,2,2,0,0,2,2,0,0,8.165498893408898,0.0030555555555555557,1166.5,0,2,0.11
1167.0,11,2,2,0,0,2,2,0,0,8.077904306153586,0.0030555555555555557,1167.0,0,3,0.11
1167.5,11,2,2,0,0,2,2,0,0,8.136041680891056,0.0030555555555555557,1167.5,0,3,0.11
1168.0,11,2,2,0,0,2,2,0,0,8.209163123153731,0.0030555555555555557,1168.0,0,3,0.11
1168.5,11,2,2,0,0,2,2,0,0,8.183143262090361,0.0030555555555555557,1168.5,0,3,0.11
1169.0,11,2,2,0,0,2,2,0,0,8.192270560006346,0.0030555555555555557,1169.0,0,3,0.11
1169.5,11,2,2,0,0,2,2,0,0,8.147532911303824,0.0030555555555555557,1169.5,0,3,0.11
1170.0,11,0,0,0,0,0,0,0,0,8.57258784466422,0.0030555555555555557,1170.0,0,0,0.11
1170.5,11,0,0,0,0,0,0,0,0,8.980078822044261,0.0030555555555555557,1170.5,0,0,0.11
1171.0,11,0,0,0,0,0,0,0,0,9.347678922213177,0.0030555555555555557,1171.0,0,0,0.11
1171.5,11,0,0,0,0,0,0,0,0,9.789235995796792,0.0030555555555555557,1171.5,0,0,0.11
1172.0,11,0,0,0,0,0,0,0,0,10.093115720261975,0.0030555555555555557,1172.0,0,0,0.11
1172.5,11,0,0,0,0,0,0,0,0,10.422593949963874,0.0030555555555555557,1172.5,0,0,0.11
1173.0,11,0,0,0,0,0,0,0,0,10.8322167183189,0.0030555555555555557,1173.0,0,0,0.11
1173.5,11,0,0,0,0,0,0,0,0,11.197363619144527,0.0030555555555555557,1173.5,0,0,0.11
1174.0,11,0,0,0,0,0,0,0,0,11.501136453326014,0.0030555555555555557,1174.0,0,0,0.11
1174.5,11,0,0,0,0,0,0,0,0,11.85170380218622,0.0030555555555555557,1174.5,0,0,0.11
1175.0,11,0,0,0,0,0,0,0,0,12.31464581814479,0.0030555555555555557,1175.0,0,0,0.11
1175.5,11,0,0,0,0,0,0,0,0,12.505613080982805,0.0030555555555555557,1175.5,0,0,0.11
1176.0,11,0,0,0,0,0,0,0,0,12.825551338087616,0.0030555555555555557,1176.0,0,0,0.11
1176.5,11,0,0,0,0,0,0,0,0,12.936292260741629,0.0030555555555555557,1176.5,0,0,0.11
1177.0,11,0,0,0,0,0,0,0,0,12.947161922260214,0.0030555555555555557,1177.0,0,0,0.11
1177.5,11,0,0,0,0,0,0,0,0,12.890784678115324,0.0030555555555555557,1177.5,0,0,0.11
1178.0,11,0,0,0,0,0,0,0,0,12.894179555760301,0.0030555555555555557,1178.0,0,0,0.11
1178.5,11,0,0,0,0,0,0,0,0,12.866475459119753,0.0030555555555555557,1178.5,0,0,0.11
1179.0,11,0,0,0,0,0,0,0,0,12.945670984300513,0.0030555555555555557,1179.0,0,0,0.11
1179.5,11,0,0,0,0,0,0,0,0,12.944144111970466,0.0030555555555555557,1179.5,0,0,0.11
1180.0,15,0,0,0,0,0,0,0,0,13.095772342765288,0.004166666666666667,1180.0,0,0,0.15
1180.5,15,0,0,0,0,0,0,0,0,12.952776748732406,0.004166666666666667,1180.5,0,0,0.15
1181.0,15,0,0,0,0,0,0,0,0,12.94882762925968,0.004166666666666667,1181.0,0,0,0.15
1181.5,15,0,0,0,0,0,0,0,0,12.948223995042863,0.004166666666666667,1181.5,0,0,0.15
1182.0,15,0,0,0,0,0,0,0,0,13.015284159886237,0.004166666666666667,1182.0,0,0,0.15
1182.5,15,0,0,0,0,0,0,0,0,13.025168943837027,0.004166666666666667,1182.5,0,0,0.15
1183.0,15,0,0,0,0,0,0,0,0,13.062749153867259,0.004166666666666667,1183.0,0,0,0.15
1183.5,15,0,0,0,0,0,0,0,0,12.94970405359866,0.004166666666666667,1183.5,0,0,0.15
1184.0,15,0,0,0,0,0,0,0,0,12.977527500062301,0.004166666666666667,1184.0,0,0,0.15
1184.5,15,0,0,0,0,0,0,0,0,12.996293959260836,0.004166666666666667,1184.5,0,0,0.15
1185.0,15,0,0,0,0,0,0,0,0,12.827547511622068,0.004166666666666667,1185.0,0,0,0.15
1185.5,15,0,0,0,0,0,0,0,0,12.697119403910387,0.004166666666666667,1185.5,0,0,0.15
1186.0,15,0,0,0,0,0,0,0,0,12.53281745663661,0.004166666666666667,1186.0,0,0,0.15
1186.5,15,0,0,0,0,0,0,0,0,12.475579365272726,0.004166666666666667,1186.5,0,0,0.15
1187.0,15,0,0,0,0,0,0,0,0,12.266830100212424,0.004166666666666667,1187.0,0,0,0.15
1187.5,15,0,0,0,0,0,0,0,0,12.048040486707082,0.004166666666666667,1187.5,0,0,0.15
1188.0,15,0,0,0,1,0,0,0,1,11.864138059324752,0.004166666666666667,1188.0,0,0,0.15
1188.5,15,0,0,0,1,0,0,0,1,11.757484808222971,0.004166666666666667,1188.5,0,0,0.15
1189.0,15,0,0,0,1,0,0,0,1,11.623397975257278,0.004166666666666667,1189.0,0,0,0.15
1189.5,15,0,0,0,1,0,0,0,1,11.437774017961999,0.004166666666666667,1189.5,0,0,0.15
1190.0,15,0,0,0,1,0,0,0,1,11.376390814343926,0.004166666666666667,1190.0,0,0,0.15
1190.5,14,0,0,1,1,0,0,1,1,11.343108372374823,0.0038888888888888888,1190.5,0,0,0.14
1191.0,14,0,0,1,1,0,0,1,1,11.353676805831599,0.0038888888888888888,1191.0,0,0,0.14
1191.5,14,0,0,1,1,0,0,1,1,11.351977222485967,0.0038888888888888888,1191.5,0,0,0.14
1192.0,14,0,0,1,1,0,0,1,1,11.370303894742209,0.0038888888888888888,1192.0,0,0,0.14
1192.5,14,0,0,1,1,0,0,1,1,11.361323326054974,0.0038888888888888888,1192.5,0,0,0.14
1193.0,13,0,0,1,1,0,0,1,1,11.211165396767639,0.003611111111111111,1193.0,0,0,0.13
1193.5,13,0,0,1,1,0,0,1,1,11.159018933519755,0.003611111111111111,1193.5,0,0,0.13
1194.0,13,0,0,1,1,0,0,1,1,11.283232398031315,0.003611111111111111,1194.0,0,0,0.13
1194.5,13,0,0,1,1,0,0,1,1,11.195636631865556,0.003611111111111111,1194.5,0,0,0.13
1195.0,13,0,0,1,1,0,0,1,1,11.288896430926899,0.003611111111111111,1195.0,0,0,0.13
1195.5,12,0,0,1,1,0,0,1,1,10.947967838619832,0.0033333333333333335,1195.5,0,0,0.12
1196.0,12,0,0,1,1,0,0,1,1,10.995634974837763,0.0033333333333333335,1196.0,0,0,0.12
1196.5,12,0,0,1,1,0,0,1,1,10.987842246438644,0.0033333333333333335,1196.5,0,0,0.12
1197.0,12,0,0,1,1,0,0,1,1,11.064429763244382,0.0033333333333333335,1197.0,0,0,0.12
1197.5,12,0,0,1,1,0,0,1,1,11.080275524677004,0.0033333333333333335,1197.5,0,0,0.12
1198.0,12,0,0,1,1,0,0,1,1,11.009932958395487,0.0033333333333333335,1198.0,0,0,0.12
1198.5,12,0,0,1,1,0,0,1,1,11.026964801994884,0.0033333333333333335,1198.5,0,0,0.12
1199.0,12,0,0,1,1,0,0,1,1,10.957708973060823,0.0033333333333333335,1199.0,0,0,0.12
1199.5,12,0,0,1,1,0,0,1,1,10.938165585943764,0.0033333333333333335,1199.5,0,0,0.12
1200.0,16,0,0,1,1,0,0,1,1,10.54501340091765,0.0044444444444444444,1200.0,0,0,0.16
1200.5,16,0,0,1,1,0,0,1,1,10.564265404383605,0.0044444444444444444,1200.5,0,0,0.16
1201.0,16,0,0,1,1,0,0,1,1,10.584079755868423,0.0044444444444444444,1201.0,0,0,0.16
1201.5,16,0,0,1,1,0,0,1,1,10.7129655993539,0.0044444444444444444,1201.5,0,0,0.16
1202.0,16,0,0,1,1,0,0,1,1,10.768094431780899,0.0044444444444444444,1202.0,0,0,0.16
1202.5,16,0,0,1,1,0,0,1,1,10.778324658097244,0.0044444444444444444,1202.5,0,0,0.16
1203.0,16,0,0,1,1,0,0,1,1,10.81502169698242,0.0044444444444444444,1203.0,0,0,0.16
1203.5,16,0,0,1,1,0,0,1,1,10.874076979251821,0.0044444444444444444,1203.5,0,0,0.16
1204.0,16,0,0,1,1,0,0,1,1,10.932751025247397,0.0044444444444444444,1204.0,0,0,0.16
1204.5,16,0,0,1,1,0,0,1,1,11.047212438073746,0.0044444444444444444,1204.5,0,0,0.16
1205.0,16,0,0,1,1,0,0,1,1,10.97336689318652,0.0044444444444444444,1205.0,0,0,0.16
1205.5,16,0,0,1,1,0,0,1,1,10.997423681246781,0.0044444444444444444,1205.5,0,0,0.16
1206.0,16,0,0,1,1,0,0,1,1,10.950501525664349,0.0044444444444444444,1206.0,0,0,0.16
1206.5,16,0,0,1,1,0,0,1,1,10.948396743170797,0.0044444444444444444,1206.5,0,0,0.16
1207.0,16,0,0,1,1,0,0,1,1,10.988470718073568,0.0044444444444444444,1207.0,0,0,0.16
1207.5,16,0,0,1,1,0,0,1,1,10.960108100092093,0.0044444444444444444,1207.5,0,0,0.16
1208.0,16,0,0,1,1,0,0,1,1,10.979129110587728,0.0044444444444444444,1208.0,0,0,0.16
1208.5,16,0,0,1,1,0,0,1,1,10.983196364312953,0.0044444444444444444,1208.5,0,0,0.16
1209.0,16,0,0,1,1,0,0,1,1,11.020998946897798,0.0044444444444444444,1209.0,0,0,0.16
1209.5,16,0,0,1,1,0,0,1,1,10.935242120510864,0.0044444444444444444,1209.5,0,0,0.16
1210.0,16,0,0,1,1,0,0,1,1,11.02971893545726,0.0044444444444444444,1210.0,0,0,0.16
1210.5,18,0,0,1,1,0,0,1,1,11.275332929677802,0.005,1210.5,0,0,0.18
1211.0,18,0,0,1,1,0,0,1,1,11.231417918093433,0.005,1211.0,0,0,0.18
1211.5,17,0,0,1,1,0,0,1,1,11.028624776105696,0.004722222222222222,1211.5,0,0,0.17
1212.0,17,0,0,1,1,0,0,1,1,11.094418660193817,0.004722222222222222,1212.0,0,1,0.17
1212.5,17,0,0,1,1,0,0,1,1,11.0998837891418,0.004722222222222222,1212.5,0,1,0.17
1213.0,17,0,0,1,1,0,0,1,1,11.130504002187864,0.004722222222222222,1213.0,0,1,0.17
1213.5,17,0,0,1,1,0,0,1,1,11.151561961527063,0.004722222222222222,1213.5,0,1,0.17
1214.0,17,0,0,1,1,0,0,1,1,11.095959706876314,0.004722222222222222,1214.0,0,1,0.17
1214.5,17,0,0,1,1,0,0,1,1,10.903695472955482,0.004722222222222222,1214.5,0,1,0.17
1215.0,16,0,0,0,0,0,0,0,0,11.043672014145967,0.0044444444444444444,1215.0,0,2,0.16
1215.5,16,0,0,0,0,0,0,0,0,10.963886332966801,0.0044444444444444444,1215.5,0,2,0.16
1216.0,16,0,0,0,0,0,0,0,0,10.93865462212431,0.0044444444444444444,1216.0,0,2,0.16
1216.5,16,0,0,0,0,0,0,0,0,10.980201752742294,0.0044444444444444444,1216.5,0,2,0.16
1217.0,16,0,0,0,0,0,0,0,0,10.894046534766732,0.0044444444444444444,1217.0,0,2,0.16
1217.5,16,0,0,0,0,0,0,0,0,11.029289125931834,0.0044444444444444444,1217.5,0,2,0.16
1218.0,16,0,1,0,0,0,1,0,0,11.0619485975575,0.0044444444444444444,1218.0,0,2,0.16
1218.5,16,0,1,0,0,0,1,0,0,11.06888367401006,0.0044444444444444444,1218.5,0,2,0.16
1219.0,16,0,1,0,0,0,1,0,0,10.99899461957523,0.0044444444444444444,1219.0,0,2,0.16
1219.5,16,0,1,0,0,0,1,0,0,11.139130650547594,0.0044444444444444444,1219.5,0,2,0.16
1220.0,16,0,1,0,0,0,1,0,0,11.028896503083814,0.0044444444444444444,1220.0,0,2,0.16
1220.5,16,0,1,0,0,0,1,0,0,11.045623732574601,0.0044444444444444444,1220.5,0,2,0.16
1221.0,16,0,1,0,0,0,1,0,0,11.02811824828157,0.0044444444444444444,1221.0,0,2,0.16
1221.5,16,1,1,0,0,1,1,0,0,11.0179327694651,0.0044444444444444444,1221.5,0,2,0.16
1222.0,16,1,1,0,0,1,1,0,0,11.013721040497526,0.0044444444444444444,1222.0,0,2,0.16
1222.5,16,1,1,0,0,1,1,0,0,11.079794282544379,0.0044444444444444444,1222.5,0,2,0.16
1223.0,16,1,1,0,0,1,1,0,0,10.99451856371269,0.0044444444444444444,1223.0,0,2,0.16
1223.5,15,1,1,0,0,1,1,0,0,10.916977924680115,0.004166666666666667,1223.5,0,2,0.15
1224.0,14,1,1,0,0,1,1,0,0,10.688573610488021,0.0038888888888888888,1224.0,0,2,0.14
1224.5,14,1,1,0,0,1,1,0,0,10.755216708835643,0.0038888888888888888,1224.5,0,2,0.14
1225.0,14,1,1,0,0,1,1,0,0,10.642341428231543,0.0038888888888888888,1225.0,0,2,0.14
1225.5,14,1,1,0,0,1,1,0,0,10.659264917724661,0.0038888888888888888,1225.5,0,2,0.14
1226.0,14,1,1,0,0,1,1,0,0,10.674113477749646,0.0038888888888888888,1226.0,0,2,0.14
1226.5,14,1,1,0,0,1,1,0,0,10.735531536523581,0.0038888888888888888,1226.5,0,2,0.14
1227.0,14,1,1,0,0,1,1,0,0,10.66351773351424,0.0038888888888888888,1227.0,0,2,0.14
1227.5,14,1,1,0,0,1,1,0,0,10.722190362555734,0.0038888888888888888,1227.5,0,2,0.14
1228.0,14,1,1,0,0,1,1,0,0,10.724984284365378,0.0038888888888888888,1228.0,0,2,0.14
1228.5,14,1,1,0,0,1,1,0,0,10.768393063007816,0.0038888888888888888,1228.5,0,2,0.14
1229.0,14,1,1,0,0,1,1,0,0,10.686743051911069,0.0038888888888888888,1229.0,0,2,0.14
1229.5,14,1,1,0,0,1,1,0,0,10.735776797248578,0.0038888888888888888,1229.5,0,2,0.14
1230.0,14,1,1,0,0,1,1,0,0,10.711673396379016,0.0038888888888888888,1230.0,0,2,0.14
1230.5,14,1,1,0,0,1,1,0,0,10.727462002308801,0.0038888888888888888,1230.5,0,2,0.14
1231.0,14,1,1,0,0,1,1,0,0,10.635864838008766,0.0038888888888888888,1231.0,0,2,0.14
1231.5,14,1,1,0,0,1,1,0,0,10.676404827451261,0.0038888888888888888,1231.5,0,2,0.14
1232.0,14,1,1,0,0,1,1,0,0,10.666743135852004,0.0038888888888888888,1232.0,0,2,0.14
1232.5,14,1,1,0,0,1,1,0,0,10.703546278352245,0.0038888888888888888,1232.5,0,2,0.14
1233.0,14,1,1,0,0,1,1,0,0,10.646388725249325,0.0038888888888888888,1233.0,0,2,0.14
1233.5,14,1,1,0,0,1,1,0,0,10.651833539457556,0.0038888888888888888,1233.5,0,2,0.14
1234.0,14,1,1,0,0,1,1,0,0,10.613232131510005,0.0038888888888888888,1234.0,0,2,0.14
1234.5,14,1,1,0,0,1,1,0,0,10.682771548575351,0.0038888888888888888,1234.5,0,2,0.14
1235.0,14,1,1,0,0,1,1,0,0,10.695055369153613,0.0038888888888888888,1235.0,0,2,0.14
1235.5,14,1,1,0,0,1,1,0,0,10.737631209650937,0.0038888888888888888,1235.5,0,2,0.14
1236.0,14,1,1,0,0,1,1,0,0,10.650227514590132,0.0038888888888888888,1236.0,0,2,0.14
1236.5,14,1,1,0,0,1,1,0,0,10.64239111061384,0.0038888888888888888,1236.5,0,2,0.14
1237.0,14,1,1,0,0,1,1,0,0,10.64595313171217,0.0038888888888888888,1237.0,0,2,0.14
1237.5,14,1,1,0,0,1,1,0,0,10.723594850816228,0.0038888888888888888,1237.5,0,2,0.14
1238.0,14,1,1,0,0,1,1,0,0,10.669728562665501,0.0038888888888888888,1238.0,0,2,0.14
1238.5,14,1,1,0,0,1,1,0,0,10.64679405058827,0.0038888888888888888,1238.5,0,2,0.14
1239.0,14,1,1,0,0,1,1,0,0,10.731668153414931,0.0038888888888888888,1239.0,0,2,0.14
1239.5,14,1,1,0,0,1,1,0,0,10.662900988113762,0.0038888888888888888,1239.5,0,2,0.14
1240.0,14,1,1,0,0,1,1,0,0,10.6854805168868,0.0038888888888888888,1240.0,0,2,0.14
1240.5,18,1,2,0,0,1,2,0,0,10.295012949518934,0.005,1240.5,0,2,0.18
1241.0,18,1,1,0,0,1,1,0,0,10.481741760065724,0.005,1241.0,0,2,0.18
1241.5,18,1,1,0,0,1,1,0,0,10.52961102269738,0.005,1241.5,0,2,0.18
1242.0,18,1,1,0,0,1,1,0,0,10.661573326883687,0.005,1242.0,0,2,0.18
1242.5,18,1,1,0,0,1,1,0,0,10.688800778144376,0.005,1242.5,0,2,0.18
1243.0,18,1,1,0,0,1,1,0,0,10.581576278823198,0.005,1243.0,0,2,0.18
1243.5,18,1,1,0,0,1,1,0,0,10.253800255851154,0.005,1243.5,0,2,0.18
1244.0,18,1,1,0,0,1,1,0,0,9.887129754516895,0.005,1244.0,0,2,0.18
1244.5,18,1,1,0,0,1,1,0,0,9.538333076208316,0.005,1244.5,0,2,0.18
1245.0,18,1,1,0,0,1,1,0,0,9.238594771457606,0.005,1245.0,0,2,0.18
1245.5,18,2,2,0,0,2,2,0,0,9.030339839315644,0.005,1245.5,0,2,0.18
1246.0,18,2,2,0,0,2,2,0,0,8.924806030925092,0.005,1246.0,0,2,0.18
1246.5,18,2,2,0,0,2,2,0,0,8.798427152957466,0.005,1246.5,0,2,0.18
1247.0,18,2,2,0,0,2,2,0,0,8.725918854307197,0.005,1247.0,0,2,0.18
1247.5,18,2,2,0,0,2,2,0,0,8.68962357210776,0.005,1247.5,0,2,0.18
1248.0,18,2,2,0,0,2,2,0,0,8.625675861822796,0.005,1248.0,0,2,0.18
1248.5,18,2,2,0,0,2,2,0,0,8.587920582594707,0.005,1248.5,0,2,0.18
1249.0,18,2,2,0,0,2,2,0,0,8.604045963977496,0.005,1249.0,0,2,0.18
1249.5,18,2,3,0,0,2,3,0,0,8.492564372780784,0.005,1249.5,0,2,0.18
1250.0,18,3,3,0,0,3,3,0,0,8.531976024418991,0.005,1250.0,0,2,0.18
1250.5,18,3,3,0,0,3,3,0,0,8.562935109457902,0.005,1250.5,0,2,0.18
1251.0,18,3,3,0,0,3,3,0,0,8.605632841397409,0.005,1251.0,0,2,0.18
1251.5,18,3,3,0,0,3,3,0,0,8.48328354581636,0.005,1251.5,0,2,0.18
1252.0,18,3,3,0,0,3,3,0,0,8.589215361391407,0.005,1252.0,0,2,0.18
1252.5,18,3,3,0,0,3,3,0,0,8.477416119910009,0.005,1252.5,0,2,0.18
1253.0,18,3,3,0,0,3,3,0,0,8.626536346412795,0.005,1253.0,0,2,0.18
1253.5,16,3,3,0,0,3,3,0,0,7.921535363815873,0.0044444444444444444,1253.5,0,2,0.16
1254.0,16,3,3,0,0,3,3,0,0,7.915364012001146,0.0044444444444444444,1254.0,0,2,0.16
1254.5,16,3,3,0,0,3,3,0,0,7.904583120851661,0.0044444444444444444,1254.5,0,2,0.16
1255.0,16,3,3,0,0,3,3,0,0,7.916057242774723,0.0044444444444444444,1255.0,0,2,0.16
1255.5,15,3,3,0,0,3,3,0,0,7.55629829896789,0.004166666666666667,1255.5,0,2,0.15
1256.0,15,3,3,0,0,3,3,0,0,7.504462685138292,0.004166666666666667,1256.0,0,2,0.15
1256.5,15,3,3,0,0,3,3,0,0,7.532328621637959,0.004166666666666667,1256.5,0,2,0.15
1257.0,15,3,3,0,0,3,3,0,0,7.468065747203411,0.004166666666666667,1257.0,0,3,0.15
1257.5,15,3,3,0,0,3,3,0,0,7.55070441847895,0.004166666666666667,1257.5,0,3,0.15
1258.0,15,3,3,0,0,3,3,0,0,7.53034076115034,0.004166666666666667,1258.0,0,3,0.15
1258.5,14,3,3,0,0,3,3,0,0,7.138629834238039,0.0038888888888888888,1258.5,0,3,0.14
1259.0,14,3,3,0,0,3,3,0,0,7.150462163318414,0.0038888888888888888,1259.0,0,3,0.14
1259.5,14,3,3,0,0,3,3,0,0,7.124176489035963,0.0038888888888888888,1259.5,0,3,0.14
1260.0,14,1,1,0,0,1,1,0,0,7.372185374945768,0.0038888888888888888,1260.0,0,0,0.14
1260.5,14,0,0,0,0,0,0,0,0,7.661649393896624,0.0038888888888888888,1260.5,0,0,0.14
1261.0,14,0,0,0,0,0,0,0,0,7.86853292947802,0.0038888888888888888,1261.0,0,0,0.14
1261.5,14,0,0,0,0,0,0,0,0,8.115498134702333,0.0038888888888888888,1261.5,0,0,0.14
1262.0,14,0,0,0,0,0,0,0,0,8.353714314352246,0.0038888888888888888,1262.0,0,0,0.14
1262.5,14,0,0,0,0,0,0,0,0,8.598246358938008,0.0038888888888888888,1262.5,0,0,0.14
1263.0,14,0,0,0,0,0,0,0,0,8.877051980145547,0.0038888888888888888,1263.0,0,0,0.14
1263.5,14,0,0,0,0,0,0,0,0,9.247746602912779,0.0038888888888888888,1263.5,0,0,0.14
1264.0,14,0,0,0,0,0,0,0,0,9.448818076510475,0.0038888888888888888,1264.0,0,0,0.14
1264.5,14,0,0,0,0,0,0,0,0,9.666522152077023,0.0038888888888888888,1264.5,0,0,0.14
1265.0,14,0,0,0,0,0,0,0,0,10.083836386474298,0.0038888888888888888,1265.0,0,0,0.14
1265.5,14,0,0,0,0,0,0,0,0,10.348846729592044,0.0038888888888888888,1265.5,0,0,0.14
1266.0,14,0,0,0,0,0,0,0,0,10.5318257350802,0.0038888888888888888,1266.0,0,0,0.14
1266.5,14,0,0,0,0,0,0,0,0,10.847123812832589,0.0038888888888888888,1266.5,0,0,0.14
1267.0,14,0,0,0,0,0,0,0,0,11.027301975024658,0.0038888888888888888,1267.0,0,0,0.14
1267.5,14,0,0,0,0,0,0,0,0,11.13471288303225,0.0038888888888888888,1267.5,0,0,0.14
1268.0,14,0,0,0,0,0,0,0,0,11.333581193847985,0.0038888888888888888,1268.0,0,0,0.14
1268.5,14,0,0,0,0,0,0,0,0,11.574232728331761,0.0038888888888888888,1268.5,0,0,0.14
1269.0,14,0,0,0,0,0,0,0,0,11.65843287904093,0.0038888888888888888,1269.0,0,0,0.14
1269.5,14,0,0,0,0,0,0,0,0,11.862328410441917,0.0038888888888888888,1269.5,0,0,0.14
1270.0,14,0,0,0,0,0,0,0,0,11.9570828666719,0.0038888888888888888,1270.0,0,0,0.14
1270.5,14,0,0,0,0,0,0,0,0,12.032241416648649,0.0038888888888888888,1270.5,0,0,0.14
1271.0,18,0,0,0,0,0,0,0,0,12.368693158693093,0.005,1271.0,0,0,0.18
1271.5,18,0,0,0,0,0,0,0,0,12.323490317066389,0.005,1271.5,0,0,0.18
1272.0,18,0,0,0,0,0,0,0,0,12.409167038658403,0.005,1272.0,0,0,0.18
1272.5,18,0,0,0,0,0,0,0,0,12.451150998287007,0.005,1272.5,0,0,0.18
1273.0,18,0,0,0,0,0,0,0,0,12.429270817342392,0.005,1273.0,0,0,0.18
1273.5,18,0,0,0,0,0,0,0,0,12.411495088301258,0.005,1273.5,0,0,0.18
1274.0,18,0,0,0,0,0,0,0,0,12.465493547185627,0.005,1274.0,0,0,0.18
1274.5,18,0,0,0,0,0,0,0,0,12.456155461599216,0.005,1274.5,0,0,0.18
1275.0,18,0,0,0,0,0,0,0,0,12.43812616344718,0.005,1275.0,0,0,0.18
1275.5,18,0,0,0,0,0,0,0,0,12.263743150505086,0.005,1275.5,0,0,0.18
1276.0,18,0,0,0,0,0,0,0,0,12.135721336101849,0.005,1276.0,0,0,0.18
1276.5,18,0,0,0,0,0,0,0,0,12.077379922169039,0.005,1276.5,0,0,0.18
1277.0,18,0,0,0,0,0,0,0,0,11.95526276510733,0.005,1277.0,0,0,0.18
1277.5,18,0,0,0,0,0,0,0,0,11.938485534865329,0.005,1277.5,0,0,0.18
1278.0,18,0,0,0,0,0,0,0,0,11.656165022583462,0.005,1278.0,0,0,0.18
1278.5,18,0,0,0,1,0,0,0,1,11.747666476613176,0.005,1278.5,0,0,0.18
1279.0,18,0,0,0,1,0,0,0,1,11.73398459869325,0.005,1279.0,0,0,0.18
1279.5,18,0,0,0,1,0,0,0,1,11.591942337667799,0.005,1279.5,0,0,0.18
1280.0,18,0,0,0,1,0,0,0,1,11.425906024813338,0.005,1280.0,0,0,0.18
1280.5,18,0,0,0,1,0,0,0,1,11.339712410401654,0.005,1280.5,0,0,0.18
1281.0,18,0,0,0,1,0,0,0,1,11.186060917523761,0.005,1281.0,0,0,0.18
1281.5,18,0,0,0,1,0,0,0,1,11.1865622806648,0.005,1281.5,0,0,0.18
1282.0,18,0,0,1,1,0,0,1,1,11.172013960661175,0.005,1282.0,0,0,0.18
1282.5,18,0,0,1,1,0,0,1,1,11.183305395842702,0.005,1282.5,0,0,0.18
1283.0,18,0,0,1,1,0,0,1,1,11.137231321352289,0.005,1283.0,0,0,0.18
1283.5,18,0,0,1,1,0,0,1,1,11.172337559860665,0.005,1283.5,0,0,0.18
1284.0,17,0,0,1,1,0,0,1,1,11.081867487512778,0.004722222222222222,1284.0,0,0,0.17
1284.5,17,0,0,1,1,0,0,1,1,11.008888873280437,0.004722222222222222,1284.5,0,0,0.17
1285.0,17,0,0,1,1,0,0,1,1,11.02057503367325,0.004722222222222222,1285.0,0,0,0.17
1285.5,17,0,0,1,1,0,0,1,1,11.017883113538051,0.004722222222222222,1285.5,0,0,0.17
1286.0,17,0,0,1,1,0,0,1,1,11.029014235969715,0.004722222222222222,1286.0,0,0,0.17
1286.5,17,0,0,1,1,0,0,1,1,11.022818832036327,0.004722222222222222,1286.5,0,0,0.17
1287.0,17,0,0,1,1,0,0,1,1,11.064959584537318,0.004722222222222222,1287.0,0,0,0.17
1287.5,17,0,0,1,1,0,0,1,1,11.014056775536663,0.004722222222222222,1287.5,0,0,0.17
1288.0,17,0,0,1,1,0,0,1,1,11.028200548487224,0.004722222222222222,1288.0,0,0,0.17
1288.5,17,0,0,1,1,0,0,1,1,11.013875644866214,0.004722222222222222,1288.5,0,0,0.17
1289.0,17,0,0,1,1,0,0,1,1,11.043503822545713,0.004722222222222222,1289.0,0,0,0.17
1289.5,17,0,0,1,1,0,0,1,1,11.068819946780525,0.004722222222222222,1289.5,0,0,0.17
1290.0,17,0,0,1,1,0,0,1,1,11.080415136669654,0.004722222222222222,1290.0,0,0,0.17
1290.5,17,0,0,1,1,0,0,1,1,11.051997756714794,0.004722222222222222,1290.5,0,0,0.17
1291.0,15,0,0,1,1,0,0,1,1,11.088288952512233,0.004166666666666667,1291.0,0,0,0.15
1291.5,15,0,0,1,1,0,0,1,1,11.019377364435886,0.004166666666666667,1291.5,0,0,0.15
1292.0,15,0,0,1,1,0,0,1,1,11.072040351732044,0.004166666666666667,1292.0,0,0,0.15
1292.5,15,0,0,1,1,0,0,1,1,11.061077089486988,0.004166666666666667,1292.5,0,0,0.15
1293.0,15,0,0,1,1,0,0,1,1,11.078142101759587,0.004166666666666667,1293.0,0,0,0.15
1293.5,15,0,0,1,1,0,0,1,1,11.106512982494076,0.004166666666666667,1293.5,0,0,0.15
1294.0,15,0,0,1,1,0,0,1,1,11.059909382119805,0.004166666666666667,1294.0,0,0,0.15
1294.5,14,0,0,1,1,0,0,1,1,10.90831813183435,0.0038888888888888888,1294.5,0,0,0.14
1295.0,14,0,0,1,1,0,0,1,1,10.976986333884046,0.0038888888888888888,1295.0,0,0,0.14
1295.5,14,0,0,1,1,0,0,1,1,11.00110784111965,0.0038888888888888888,1295.5,0,0,0.14
1296.0,14,0,0,1,1,0,0,1,1,10.980900839273698,0.0038888888888888888,1296.0,0,0,0.14
1296.5,14,0,0,1,1,0,0,1,1,10.997407974938776,0.0038888888888888888,1296.5,0,0,0.14
1297.0,14,0,0,1,1,0,0,1,1,10.985418489790636,0.0038888888888888888,1297.0,0,0,0.14
1297.5,14,0,0,1,1,0,0,1,1,10.91163556373533,0.0038888888888888888,1297.5,0,0,0.14
1298.0,14,0,0,1,1,0,0,1,1,11.070765382714919,0.0038888888888888888,1298.0,0,0,0.14
1298.5,14,0,0,1,1,0,0,1,1,10.917470131555755,0.0038888888888888888,1298.5,0,0,0.14
1299.0,14,0,0,1,1,0,0,1,1,11.038170234993581,0.0038888888888888888,1299.0,0,0,0.14
1299.5,14,0,0,1,1,0,0,1,1,10.958183179132886,0.0038888888888888888,1299.5,0,0,0.14
1300.0,14,0,0,1,1,0,0,1,1,10.939906290590013,0.0038888888888888888,1300.0,0,0,0.14
1300.5,14,0,0,1,1,0,0,1,1,11.010131812197802,0.0038888888888888888,1300.5,0,0,0.14
1301.0,17,0,0,1,1,0,0,1,1,11.062588909743358,0.004722222222222222,1301.0,0,0,0.17
1301.5,17,0,0,1,1,0,0,1,1,10.991650909769271,0.004722222222222222,1301.5,0,0,0.17
1302.0,17,0,0,1,1,0,0,1,1,10.988611782604892,0.004722222222222222,1302.0,0,1,0.17
1302.5,17,0,0,1,1,0,0,1,1,11.074531716829144,0.004722222222222222,1302.5,0,1,0.17
1303.0,17,0,0,1,1,0,0,1,1,11.167250223899925,0.004722222222222222,1303.0,0,1,0.17
1303.5,17,0,0,1,1,0,0,1,1,11.274868681572576,0.004722222222222222,1303.5,0,1,0.17
1304.0,17,0,0,1,1,0,0,1,1,11.18893454795228,0.004722222222222222,1304.0,0,1,0.17
1304.5,15,0,0,1,1,0,0,1,1,11.063870210345604,0.004166666666666667,1304.5,0,1,0.15
1305.0,15,0,0,0,0,0,0,0,0,11.109498522670096,0.004166666666666667,1305.0,0,2,0.15
1305.5,15,0,0,0,0,0,0,0,0,11.261506309370315,0.004166666666666667,1305.5,0,2,0.15
1306.0,15,0,0,0,0,0,0,0,0,11.28710727425661,0.004166666666666667,1306.0,0,2,0.15
1306.5,15,0,0,0,0,0,0,0,0,11.19321498736099,0.004166666666666667,1306.5,0,2,0.15
1307.0,15,0,0,0,0,0,0,0,0,11.238871084543062,0.004166666666666667,1307.0,0,2,0.15
1307.5,15,0,0,0,0,0,0,0,0,11.215616314615867,0.004166666666666667,1307.5,0,2,0.15
1308.0,14,0,0,0,0,0,0,0,0,11.044336527865983,0.0038888888888888888,1308.0,0,2,0.14
1308.5,14,1,0,0,0,1,0,0,0,10.997621755822653,0.0038888888888888888,1308.5,0,2,0.14
1309.0,14,1,0,0,0,1,0,0,0,11.070751815249485,0.0038888888888888888,1309.0,0,2,0.14
1309.5,14,1,0,0,0,1,0,0,0,11.155926346303785,0.0038888888888888888,1309.5,0,2,0.14
1310.0,14,1,0,0,0,1,0,0,0,11.263318963523664,0.0038888888888888888,1310.0,0,2,0.14
1310.5,14,1,0,0,0,1,0,0,0,11.270416823833267,0.0038888888888888888,1310.5,0,2,0.14
1311.0,14,1,0,0,0,1,0,0,0,11.139818143068863,0.0038888888888888888,1311.0,0,2,0.14
1311.5,14,1,0,0,0,1,0,0,0,11.010584106893083,0.0038888888888888888,1311.5,0,2,0.14
1312.0,13,1,0,0,0,1,0,0,0,10.947917169464521,0.003611111111111111,1312.0,0,2,0.13
1312.5,12,1,0,0,0,1,0,0,0,10.681362240764217,0.0033333333333333335,1312.5,0,2,0.12
1313.0,12,1,1,0,0,1,1,0,0,10.720531688424048,0.0033333333333333335,1313.0,0,2,0.12
1313.5,12,1,1,0,0,1,1,0,0,10.869978028805699,0.0033333333333333335,1313.5,0,2,0.12
1314.0,12,1,1,0,0,1,1,0,0,10.862091143596963,0.0033333333333333335,1314.0,0,2,0.12
1314.5,11,1,1,0,0,1,1,0,0,10.705162103783152,0.0030555555555555557,1314.5,0,2,0.11
1315.0,11,1,1,0,0,1,1,0,0,10.569045420435359,0.0030555555555555557,1315.0,0,2,0.11
1315.5,11,1,1,0,0,1,1,0,0,10.590609831632905,0.0030555555555555557,1315.5,0,2,0.11
1316.0,11,1,1,0,0,1,1,0,0,10.637745663146983,0.0030555555555555557,1316.0,0,2,0.11
1316.5,11,1,1,0,0,1,1,0,0,10.545390714640506,0.0030555555555555557,1316.5,0,2,0.11
1317.0,10,1,1,0,0,1,1,0,0,10.269826104498081,0.002777777777777778,1317.0,0,2,0.1
1317.5,10,1,1,0,0,1,1,0,0,10.33497922854762,0.002777777777777778,1317.5,0,2,0.1
1318.0,10,1,1,0,0,1,1,0,0,10.297744589000088,0.002777777777777778,1318.0,0,2,0.1
1318.5,10,1,1,0,0,1,1,0,0,10.372366762410696,0.002777777777777778,1318.5,0,2,0.1
1319.0,10,1,1,0,0,1,1,0,0,10.265318927107458,0.002777777777777778,1319.0,0,2,0.1
1319.5,10,1,1,0,0,1,1,0,0,10.195207414977798,0.002777777777777778,1319.5,0,2,0.1
1320.0,10,1,1,0,0,1,1,0,0,10.260481869934903,0.002777777777777778,1320.0,0,2,0.1
1320.5,10,1,1,0,0,1,1,0,0,10.340044719539893,0.002777777777777778,1320.5,0,2,0.1
1321.0,10,1,1,0,0,1,1,0,0,10.411661428108657,0.002777777777777778,1321.0,0,2,0.1
1321.5,10,1,1,0,0,1,1,0,0,10.43378111211032,0.002777777777777778,1321.5,0,2,0.1
1322.0,10,1,1,0,0,1,1,0,0,10.233304354450976,0.002777777777777778,1322.0,0,2,0.1
1322.5,10,1,1,0,0,1,1,0,0,10.293543642062307,0.002777777777777778,1322.5,0,2,0.1
1323.0,10,1,1,0,0,1,1,0,0,10.265344383298963,0.002777777777777778,1323.0,0,2,0.1
1323.5,10,1,1,0,0,1,1,0,0,10.310116923166516,0.002777777777777778,1323.5,0,2,0.1
1324.0,10,1,1,0,0,1,1,0,0,10.3381254757746,0.002777777777777778,1324.0,0,2,0.1
1324.5,10,1,1,0,0,1,1,0,0,10.291717953168867,0.002777777777777778,1324.5,0,2,0.1
1325.0,10,1,1,0,0,1,1,0,0,10.369218172154236,0.002777777777777778,1325.0,0,2,0.1
1325.5,10,1,1,0,0,1,1,0,0,10.386551793498532,0.002777777777777778,1325.5,0,2,0.1
1326.0,10,1,1,0,0,1,1,0,0,10.31657230314015,0.002777777777777778,1326.0,0,2,0.1
1326.5,10,1,1,0,0,1,1,0,0,10.385504355652104,0.002777777777777778,1326.5,0,2,0.1
1327.0,10,1,1,0,0,1,1,0,0,10.210181674523358,0.002777777777777778,1327.0,0,2,0.1
1327.5,10,1,1,0,0,1,1,0,0,10.29215046346568,0.002777777777777778,1327.5,0,2,0.1
1328.0,10,1,1,0,0,1,1,0,0,10.310760454142311,0.002777777777777778,1328.0,0,2,0.1
1328.5,10,1,1,0,0,1,1,0,0,10.399410829335997,0.002777777777777778,1328.5,0,2,0.1
1329.0,10,1,1,0,0,1,1,0,0,10.320431347035647,0.002777777777777778,1329.0,0,2,0.1
1329.5,10,1,1,0,0,1,1,0,0,10.365793481255263,0.002777777777777778,1329.5,0,2,0.1
1330.0,10,1,1,0,0,1,1,0,0,10.193957685390798,0.002777777777777778,1330.0,0,2,0.1
1330.5,10,1,1,0,0,1,1,0,0,10.3593901334287,0.002777777777777778,1330.5,0,2,0.1
1331.0,10,1,1,0,0,1,1,0,0,10.281056068268683,0.002777777777777778,1331.0,0,2,0.1
1331.5,14,1,1,0,0,1,1,0,0,11.36843090535297,0.0038888888888888888,1331.5,0,2,0.14
1332.0,14,1,1,0,0,1,1,0,0,11.23940587377248,0.0038888888888888888,1332.0,0,2,0.14
1332.5,14,1,1,0,0,1,1,0,0,11.26944162042967,0.0038888888888888888,1332.5,0,2,0.14
1333.0,14,1,1,0,0,1,1,0,0,11.247636268418006,0.0038888888888888888,1333.0,0,2,0.14
1333.5,14,1,1,0,0,1,1,0,0,11.292808732631107,0.0038888888888888888,1333.5,0,2,0.14
1334.0,14,1,1,0,0,1,1,0,0,11.225944860457899,0.0038888888888888888,1334.0,0,2,0.14
1334.5,14,1,1,0,0,1,1,0,0,11.160365154385856,0.0038888888888888888,1334.5,0,2,0.14
1335.0,14,1,1,0,0,1,1,0,0,11.221488786259657,0.0038888888888888888,1335.0,0,2,0.14
1335.5,14,1,1,0,0,1,1,0,0,11.226688619632764,0.0038888888888888888,1335.5,0,2,0.14
1336.0,14,1,1,0,0,1,1,0,0,11.226070511994104,0.0038888888888888888,1336.0,0,2,0.14
1336.5,14,1,1,0,0,1,1,0,0,11.28350863999593,0.0038888888888888888,1336.5,0,2,0.14
1337.0,14,1,1,0,0,1,1,0,0,11.257028095733899,0.0038888888888888888,1337.0,0,2,0.14
1337.5,14,1,1,0,0,1,1,0,0,11.125123446080098,0.0038888888888888888,1337.5,0,2,0.14
1338.0,14,1,1,0,0,1,1,0,0,10.917885115881422,0.0038888888888888888,1338.0,0,2,0.14
1338.5,14,1,1,0,0,1,1,0,0,10.80063673159444,0.0038888888888888888,1338.5,0,2,0.14
1339.0,14,1,1,0,0,1,1,0,0,10.467516490461875,0.0038888888888888888,1339.0,0,2,0.14
1339.5,14,1,1,0,0,1,1,0,0,10.2445099611291,0.0038888888888888888,1339.5,0,2,0.14
1340.0,14,1,1,0,0,1,1,0,0,9.893810940125604,0.0038888888888888888,1340.0,0,2,0.14
1340.5,14,1,1,0,0,1,1,0,0,9.722247286767166,0.0038888888888888888,1340.5,0,2,0.14
1341.0,14,2,1,0,0,2,1,0,0,9.584865950365897,0.0038888888888888888,1341.0,0,2,0.14
1341.5,14,2,2,0,0,2,2,0,0,9.368437796982247,0.0038888888888888888,1341.5,0,2,0.14
1342.0,14,2,2,0,0,2,2,0,0,9.341407914901714,0.0038888888888888888,1342.0,0,2,0.14
1342.5,14,2,2,0,0,2,2,0,0,9.476553041367913,0.0038888888888888888,1342.5,0,2,0.14
1343.0,14,2,2,0,0,2,2,0,0,9.43459914595144,0.0038888888888888888,1343.0,0,2,0.14
1343.5,14,2,2,0,0,2,2,0,0,9.405563773674244,0.0038888888888888888,1343.5,0,2,0.14
1344.0,14,2,2,0,0,2,2,0,0,9.281074722828427,0.0038888888888888888,1344.0,0,2,0.14
1344.5,14,2,2,0,0,2,2,0,0,9.37815414507017,0.0038888888888888888,1344.5,0,2,0.14
1345.0,14,2,2,0,0,2,2,0,0,9.447210385804649,0.0038888888888888888,1345.0,0,2,0.14
1345.5,12,2,2,0,0,2,2,0,0,8.718105975173849,0.0033333333333333335,1345.5,0,2,0.12
1346.0,12,2,2,0,0,2,2,0,0,8.699755720078372,0.0033333333333333335,1346.0,0,2,0.12
1346.5,12,2,2,0,0,2,2,0,0,8.730880826537156,0.0033333333333333335,1346.5,0,2,0.12
1347.0,12,2,2,0,0,2,2,0,0,8.809119160433697,0.0033333333333333335,1347.0,0,3,0.12
1347.5,12,2,2,0,0,2,2,0,0,8.782880601593572,0.0033333333333333335,1347.5,0,3,0.12
1348.0,12,2,2,0,0,2,2,0,0,8.796251412176575,0.0033333333333333335,1348.0,0,3,0.12
1348.5,12,2,2,0,0,2,2,0,0,8.73576449831902,0.0033333333333333335,1348.5,0,3,0.12
1349.0,11,2,2,0,0,2,2,0,0,8.497701924218747,0.0030555555555555557,1349.0,0,3,0.11
1349.5,10,2,2,0,0,2,2,0,0,8.090967625316274,0.002777777777777778,1349.5,0,3,0.1
1350.0,10,0,0,0,0,0,0,0,0,8.50957531170819,0.002777777777777778,1350.0,0,0,0.1
1350.5,10,0,0,0,0,0,0,0,0,8.851817462219277,0.002777777777777778,1350.5,0,0,0.1
1351.0,10,0,0,0,0,0,0,0,0,9.267793013885036,0.002777777777777778,1351.0,0,0,0.1
1351.5,10,0,0,0,0,0,0,0,0,9.55577526011935,0.002777777777777778,1351.5,0,0,0.1
1352.0,10,0,0,0,0,0,0,0,0,9.922388141939535,0.002777777777777778,1352.0,0,0,0.1
1352.5,10,0,0,0,0,0,0,0,0,10.232237777181087,0.002777777777777778,1352.5,0,0,0.1
1353.0,10,0,0,0,0,0,0,0,0,10.625374194517152,0.002777777777777778,1353.0,0,0,0.1
1353.5,10,0,0,0,0,0,0,0,0,11.047783108619857,0.002777777777777778,1353.5,0,0,0.1
1354.0,10,0,0,0,0,0,0,0,0,11.44329386317253,0.002777777777777778,1354.0,0,0,0.1
1354.5,10,0,0,0,0,0,0,0,0,11.832156189444593,0.002777777777777778,1354.5,0,0,0.1
1355.0,10,0,0,0,0,0,0,0,0,12.034034674862287,0.002777777777777778,1355.0,0,0,0.1
1355.5,10,0,0,0,0,0,0,0,0,12.441327375179041,0.002777777777777778,1355.5,0,0,0.1
1356.0,10,0,0,0,0,0,0,0,0,12.80516049712163,0.002777777777777778,1356.0,0,0,0.1
1356.5,10,0,0,0,0,0,0,0,0,13.011607119649042,0.002777777777777778,1356.5,0,0,0.1
1357.0,10,0,0,0,0,0,0,0,0,13.042472863145468,0.002777777777777778,1357.0,0,0,0.1
1357.5,10,0,0,0,0,0,0,0,0,13.159900701945244,0.002777777777777778,1357.5,0,0,0.1
1358.0,10,0,0,0,0,0,0,0,0,13.000962147332558,0.002777777777777778,1358.0,0,0,0.1
1358.5,10,0,0,0,0,0,0,0,0,13.118475924883336,0.002777777777777778,1358.5,0,0,0.1
1359.0,10,0,0,0,0,0,0,0,0,13.110660570109559,0.002777777777777778,1359.0,0,0,0.1
1359.5,10,0,0,0,0,0,0,0,0,13.062132733462443,0.002777777777777778,1359.5,0,0,0.1
1360.0,10,0,0,0,0,0,0,0,0,13.16689187506616,0.002777777777777778,1360.0,0,0,0.1
1360.5,10,0,0,0,0,0,0,0,0,13.129637861088217,0.002777777777777778,1360.5,0,0,0.1
1361.0,10,0,0,0,0,0,0,0,0,13.105142034036637,0.002777777777777778,1361.0,0,0,0.1
1361.5,14,0,0,0,0,0,0,0,0,13.324071816587532,0.0038888888888888888,1361.5,0,0,0.14
1362.0,14,0,0,0,0,0,0,0,0,13.175333024650923,0.0038888888888888888,1362.0,0,0,0.14
1362.5,14,0,0,0,0,0,0,0,0,13.191238029031462,0.0038888888888888888,1362.5,0,0,0.14
1363.0,14,0,0,0,0,0,0,0,0,13.187805032463723,0.0038888888888888888,1363.0,0,0,0.14
1363.5,14,0,0,0,0,0,0,0,0,13.251416440484926,0.0038888888888888888,1363.5,0,0,0.14
1364.0,14,0,0,0,0,0,0,0,0,13.232513956159863,0.0038888888888888888,1364.0,0,0,0.14
1364.5,14,0,0,0,0,0,0,0,0,13.234659596521485,0.0038888888888888888,1364.5,0,0,0.14
1365.0,14,0,0,0,0,0,0,0,0,13.223075168586181,0.0038888888888888888,1365.0,0,0,0.14
1365.5,14,0,0,0,0,0,0,0,0,13.248517081300841,0.0038888888888888888,1365.5,0,0,0.14
1366.0,14,0,0,0,0,0,0,0,0,13.105147936461334,0.0038888888888888888,1366.0,0,0,0.14
1366.5,14,0,0,0,0,0,0,0,0,12.786034189240414,0.0038888888888888888,1366.5,0,0,0.14
1367.0,14,0,0,0,0,0,0,0,0,12.451737591175746,0.0038888888888888888,1367.0,0,0,0.14
1367.5,14,0,0,0,0,0,0,0,0,12.1830332530895,0.0038888888888888888,1367.5,0,0,0.14
1368.0,14,0,0,0,0,0,0,0,0,11.94180661725859,0.0038888888888888888,1368.0,0,0,0.14
1368.5,14,0,0,0,0,0,0,0,0,11.53849093717121,0.0038888888888888888,1368.5,0,0,0.14
1369.0,14,0,0,1,0,0,0,1,0,11.341422221027685,0.0038888888888888888,1369.0,0,0,0.14
1369.5,14,0,0,1,1,0,0,1,1,11.314836528755254,0.0038888888888888888,1369.5,0,0,0.14
1370.0,14,0,0,1,1,0,0,1,1,11.27347928047446,0.0038888888888888888,1370.0,0,0,0.14
1370.5,14,0,0,1,1,0,0,1,1,11.273630078981594,0.0038888888888888888,1370.5,0,0,0.14
1371.0,14,0,0,1,1,0,0,1,1,11.291486130367147,0.0038888888888888888,1371.0,0,0,0.14
1371.5,14,0,0,1,1,0,0,1,1,11.244599624365678,0.0038888888888888888,1371.5,0,0,0.14
1372.0,14,0,0,1,1,0,0,1,1,11.27493639876821,0.0038888888888888888,1372.0,0,0,0.14
1372.5,14,0,0,1,1,0,0,1,1,11.294033079287582,0.0038888888888888888,1372.5,0,0,0.14
1373.0,14,0,0,1,1,0,0,1,1,11.263876507595958,0.0038888888888888888,1373.0,0,0,0.14
1373.5,14,0,0,1,1,0,0,1,1,11.350165155956601,0.0038888888888888888,1373.5,0,0,0.14
1374.0,14,0,0,1,1,0,0,1,1,11.229156557855607,0.0038888888888888888,1374.0,0,0,0.14
1374.5,13,0,0,1,1,0,0,1,1,11.008847800603972,0.003611111111111111,1374.5,0,0,0.13
1375.0,13,0,0,1,1,0,0,1,1,11.067176714908705,0.003611111111111111,1375.0,0,0,0.13
1375.5,13,0,0,1,1,0,0,1,1,11.194194079559669,0.003611111111111111,1375.5,0,0,0.13
1376.0,13,0,0,1,1,0,0,1,1,11.110888124486802,0.003611111111111111,1376.0,0,0,0.13
1376.5,13,0,0,1,1,0,0,1,1,11.128504690012335,0.003611111111111111,1376.5,0,0,0.13
1377.0,13,0,0,1,1,0,0,1,1,11.152801942973305,0.003611111111111111,1377.0,0,0,0.13
1377.5,13,0,0,1,1,0,0,1,1,11.137496756106986,0.003611111111111111,1377.5,0,0,0.13
1378.0,13,0,0,1,1,0,0,1,1,11.109797562818414,0.003611111111111111,1378.0,0,0,0.13
1378.5,13,0,0,1,1,0,0,1,1,11.081884302696121,0.003611111111111111,1378.5,0,0,0.13
1379.0,13,0,0,1,1,0,0,1,1,11.119849124570749,0.003611111111111111,1379.0,0,0,0.13
1379.5,13,0,0,1,1,0,0,1,1,11.150150613401923,0.003611111111111111,1379.5,0,0,0.13
1380.0,13,0,0,1,1,0,0,1,1,11.120992861754631,0.003611111111111111,1380.0,0,0,0.13
1380.5,13,0,0,1,1,0,0,1,1,11.098601022918151,0.003611111111111111,1380.5,0,0,0.13
1381.0,13,0,0,1,1,0,0,1,1,11.131554500545747,0.003611111111111111,1381.0,0,0,0.13
1381.5,13,0,0,1,1,0,0,1,1,11.079249722192902,0.003611111111111111,1381.5,0,0,0.13
1382.0,13,0,0,1,1,0,0,1,1,11.124690454345103,0.003611111111111111,1382.0,0,0,0.13
1382.5,13,0,0,1,1,0,0,1,1,11.115935621325763,0.003611111111111111,1382.5,0,0,0.13
1383.0,13,0,0,1,1,0,0,1,1,11.110209941394999,0.003611111111111111,1383.0,0,0,0.13
1383.5,13,0,0,1,1,0,0,1,1,11.073633482094294,0.003611111111111111,1383.5,0,0,0.13
1384.0,12,0,0,1,1,0,0,1,1,11.04744712227705,0.0033333333333333335,1384.0,0,0,0.12
1384.5,12,0,0,1,1,0,0,1,1,10.977424543405862,0.0033333333333333335,1384.5,0,0,0.12
1385.0,12,0,0,1,1,0,0,1,1,10.941533999993524,0.0033333333333333335,1385.0,0,0,0.12
1385.5,12,0,0,1,1,0,0,1,1,11.03694797298679,0.0033333333333333335,1385.5,0,0,0.12
1386.0,12,0,0,1,1,0,0,1,1,11.068943130996795,0.0033333333333333335,1386.0,0,0,0.12
1386.5,12,0,0,1,1,0,0,1,1,11.04345207248855,0.0033333333333333335,1386.5,0,0,0.12
1387.0,12,0,0,1,1,0,0,1,1,11.071053180393085,0.0033333333333333335,1387.0,0,0,0.12
1387.5,12,0,0,1,1,0,0,1,1,10.999309877142872,0.0033333333333333335,1387.5,0,0,0.12
1388.0,12,0,0,1,1,0,0,1,1,11.09121711975664,0.0033333333333333335,1388.0,0,0,0.12
1388.5,12,0,0,1,1,0,0,1,1,11.034987620196985,0.0033333333333333335,1388.5,0,0,0.12
1389.0,12,0,0,1,1,0,0,1,1,11.044303587132037,0.0033333333333333335,1389.0,0,0,0.12
1389.5,12,0,0,1,1,0,0,1,1,11.050993988721766,0.0033333333333333335,1389.5,0,0,0.12
1390.0,12,0,0,1,1,0,0,1,1,11.042946762563098,0.0033333333333333335,1390.0,0,0,0.12
1390.5,12,0,0,1,1,0,0,1,1,11.02600743850404,0.0033333333333333335,1390.5,0,0,0.12
1391.0,11,0,0,1,1,0,0,1,1,10.746266305856004,0.0030555555555555557,1391.0,0,0,0.11
1391.5,11,0,0,1,1,0,0,1,1,10.834670648832658,0.0030555555555555557,1391.5,0,0,0.11
1392.0,14,0,0,1,1,0,0,1,1,10.35512514529813,0.0038888888888888888,1392.0,0,1,0.14
1392.5,14,0,0,1,1,0,0,1,1,10.432104807241425,0.0038888888888888888,1392.5,0,1,0.14
1393.0,14,0,0,1,1,0,0,1,1,10.571690789470418,0.0038888888888888888,1393.0,0,1,0.14
1393.5,14,0,0,1,1,0,0,1,1,10.751742941990097,0.0038888888888888888,1393.5,0,1,0.14
1394.0,13,0,0,1,1,0,0,1,1,10.880196879531765,0.003611111111111111,1394.0,0,1,0.13
1394.5,13,0,0,1,1,0,0,1,1,10.901660330332856,0.003611111111111111,1394.5,0,1,0.13
1395.0,12,0,0,0,0,0,0,0,0,11.169708761627872,0.0033333333333333335,1395.0,0,2,0.12
1395.5,12,0,0,0,0,0,0,0,0,11.380139951899208,0.0033333333333333335,1395.5,0,2,0.12
1396.0,12,0,0,0,0,0,0,0,0,11.524890293681118,0.0033333333333333335,1396.0,0,2,0.12
1396.5,12,0,0,0,0,0,0,0,0,11.326123039233144,0.0033333333333333335,1396.5,0,2,0.12
1397.0,12,0,0,0,0,0,0,0,0,11.191552874247849,0.0033333333333333335,1397.0,0,2,0.12
1397.5,12,0,0,0,0,0,0,0,0,10.784410628870278,0.0033333333333333335,1397.5,0,2,0.12
1398.0,12,0,0,0,0,0,0,0,0,10.57316053029871,0.0033333333333333335,1398.0,0,2,0.12
1398.5,12,0,0,0,0,0,0,0,0,10.551441992792881,0.0033333333333333335,1398.5,0,2,0.12
1399.0,12,1,1,0,0,1,1,0,0,10.285730189902454,0.0033333333333333335,1399.0,0,2,0.12
1399.5,12,1,1,0,0,1,1,0,0,10.474703488157038,0.0033333333333333335,1399.5,0,2,0.12
1400.0,12,1,1,0,0,1,1,0,0,10.551495358423603,0.0033333333333333335,1400.0,0,2,0.12
1400.5,12,1,1,0,0,1,1,0,0,10.632384860400348,0.0033333333333333335,1400.5,0,2,0.12
1401.0,12,1,1,0,0,1,1,0,0,10.853807167792136,0.0033333333333333335,1401.0,0,2,0.12
1401.5,12,1,1,0,0,1,1,0,0,11.05232675194027,0.0033333333333333335,1401.5,0,2,0.12
1402.0,12,1,1,0,0,1,1,0,0,10.998858892816678,0.0033333333333333335,1402.0,0,2,0.12
1402.5,12,1,1,0,0,1,1,0,0,11.056531365894806,0.0033333333333333335,1402.5,0,2,0.12
1403.0,12,1,1,0,0,1,1,0,0,10.940589545959119,0.0033333333333333335,1403.0,0,2,0.12
1403.5,12,1,1,0,0,1,1,0,0,10.89448771686481,0.0033333333333333335,1403.5,0,2,0.12
1404.0,12,1,1,0,0,1,1,0,0,11.101861770704211,0.0033333333333333335,1404.0,0,2,0.12
1404.5,12,1,1,0,0,1,1,0,0,11.049184804247671,0.0033333333333333335,1404.5,0,2,0.12
1405.0,10,1,1,0,0,1,1,0,0,10.421219392092127,0.002777777777777778,1405.0,0,2,0.1
1405.5,10,1,1,0,0,1,1,0,0,10.511886276399412,0.002777777777777778,1405.5,0,2,0.1
1406.0,10,1,1,0,0,1,1,0,0,10.50757173441506,0.002777777777777778,1406.0,0,2,0.1
1406.5,10,1,1,0,0,1,1,0,0,10.463408705247959,0.002777777777777778,1406.5,0,2,0.1
1407.0,10,1,1,0,0,1,1,0,0,10.50342654762596,0.002777777777777778,1407.0,0,2,0.1
1407.5,10,1,1,0,0,1,1,0,0,10.464476491018825,0.002777777777777778,1407.5,0,2,0.1
1408.0,10,1,1,0,0,1,1,0,0,10.52780306294716,0.002777777777777778,1408.0,0,2,0.1
1408.5,10,1,1,0,0,1,1,0,0,10.482762629540332,0.002777777777777778,1408.5,0,2,0.1
1409.0,10,1,1,0,0,1,1,0,0,10.503928454236984,0.002777777777777778,1409.0,0,2,0.1
1409.5,10,1,1,0,0,1,1,0,0,10.426448808279051,0.002777777777777778,1409.5,0,2,0.1
1410.0,10,1,1,0,0,1,1,0,0,10.473039443559639,0.002777777777777778,1410.0,0,2,0.1
1410.5,10,1,1,0,0,1,1,0,0,10.535623050250972,0.002777777777777778,1410.5,0,2,0.1
1411.0,10,1,1,0,0,1,1,0,0,10.470092026505544,0.002777777777777778,1411.0,0,2,0.1
1411.5,10,1,1,0,0,1,1,0,0,10.395327569796166,0.002777777777777778,1411.5,0,2,0.1
1412.0,10,1,1,0,0,1,1,0,0,10.493351567979364,0.002777777777777778,1412.0,0,2,0.1
1412.5,10,1,1,0,0,1,1,0,0,10.525942163308311,0.002777777777777778,1412.5,0,2,0.1
1413.0,10,1,1,0,0,1,1,0,0,10.521210167593484,0.002777777777777778,1413.0,0,2,0.1
1413.5,10,1,1,0,0,1,1,0,0,10.45358111096236,0.002777777777777778,1413.5,0,2,0.1
1414.0,10,1,1,0,0,1,1,0,0,10.481950025542567,0.002777777777777778,1414.0,0,2,0.1
1414.5,10,1,1,0,0,1,1,0,0,10.398895360790586,0.002777777777777778,1414.5,0,2,0.1
1415.0,10,1,1,0,0,1,1,0,0,10.481019611091279,0.002777777777777778,1415.0,0,2,0.1
1415.5,10,1,1,0,0,1,1,0,0,10.55896212386356,0.002777777777777778,1415.5,0,2,0.1
1416.0,10,1,1,0,0,1,1,0,0,10.569043944180404,0.002777777777777778,1416.0,0,2,0.1
1416.5,10,1,1,0,0,1,1,0,0,10.54204992627415,0.002777777777777778,1416.5,0,2,0.1
1417.0,10,1,1,0,0,1,1,0,0,10.58204401583683,0.002777777777777778,1417.0,0,2,0.1
1417.5,10,1,1,0,0,1,1,0,0,10.525910737135375,0.002777777777777778,1417.5,0,2,0.1
1418.0,10,1,1,0,0,1,1,0,0,10.464529182553918,0.002777777777777778,1418.0,0,2,0.1
1418.5,10,1,1,0,0,1,1,0,0,10.518653343462312,0.002777777777777778,1418.5,0,2,0.1
1419.0,10,1,1,0,0,1,1,0,0,10.560901843238781,0.002777777777777778,1419.0,0,2,0.1
1419.5,10,1,1,0,0,1,1,0,0,10.51270654211675,0.002777777777777778,1419.5,0,2,0.1
1420.0,10,1,1,0,0,1,1,0,0,10.559751658587876,0.002777777777777778,1420.0,0,2,0.1
1420.5,10,1,1,0,0,1,1,0,0,10.543805926449524,0.002777777777777778,1420.5,0,2,0.1
1421.0,10,1,1,0,0,1,1,0,0,10.54671300209283,0.002777777777777778,1421.0,0,2,0.1
1421.5,10,1,1,0,0,1,1,0,0,10.47898487994021,0.002777777777777778,1421.5,0,2,0.1
1422.0,14,1,1,0,0,1,1,0,0,10.83758928017241,0.0038888888888888888,1422.0,0,2,0.14
1422.5,14,1,1,0,0,1,1,0,0,10.85826566817438,0.0038888888888888888,1422.5,0,2,0.14
1423.0,14,1,1,0,0,1,1,0,0,10.88380957110851,0.0038888888888888888,1423.0,0,2,0.14
1423.5,14,1,1,0,0,1,1,0,0,10.958669001905772,0.0038888888888888888,1423.5,0,2,0.14
1424.0,14,1,1,0,0,1,1,0,0,11.089995631795768,0.0038888888888888888,1424.0,0,2,0.14
1424.5,14,1,1,0,0,1,1,0,0,11.248351835865918,0.0038888888888888888,1424.5,0,2,0.14
1425.0,14,1,1,0,0,1,1,0,0,11.14353216827735,0.0038888888888888888,1425.0,0,2,0.14
1425.5,14,1,1,0,0,1,1,0,0,11.123715445703935,0.0038888888888888888,1425.5,0,2,0.14
1426.0,14,1,1,0,0,1,1,0,0,11.175567730042262,0.0038888888888888888,1426.0,0,2,0.14
1426.5,14,1,1,0,0,1,1,0,0,11.217843110622676,0.0038888888888888888,1426.5,0,2,0.14
1427.0,14,1,1,0,0,1,1,0,0,10.988614246032437,0.0038888888888888888,1427.0,0,2,0.14
1427.5,14,1,1,0,0,1,1,0,0,10.809598769552142,0.0038888888888888888,1427.5,0,2,0.14
1428.0,14,1,1,0,0,1,1,0,0,10.628088554409876,0.0038888888888888888,1428.0,0,2,0.14
1428.5,14,1,1,0,0,1,1,0,0,10.472465620660321,0.0038888888888888888,1428.5,0,2,0.14
1429.0,14,1,1,0,0,1,1,0,0,10.350230186006621,0.0038888888888888888,1429.0,0,2,0.14
1429.5,14,1,1,0,0,1,1,0,0,10.155294830166273,0.0038888888888888888,1429.5,0,2,0.14
1430.0,14,2,1,0,0,2,1,0,0,10.15270295302829,0.0038888888888888888,1430.0,0,2,0.14
1430.5,14,2,1,0,0,2,1,0,0,10.120726696676325,0.0038888888888888888,1430.5,0,2,0.14
1431.0,14,2,1,0,0,2,1,0,0,10.123183514745397,0.0038888888888888888,1431.0,0,2,0.14
1431.5,14,2,1,0,0,2,1,0,0,10.008954021907517,0.0038888888888888888,1431.5,0,2,0.14
1432.0,14,2,1,0,0,2,1,0,0,9.852823447945179,0.0038888888888888888,1432.0,0,2,0.14
1432.5,14,2,1,0,0,2,1,0,0,9.715073427351907,0.0038888888888888888,1432.5,0,2,0.14
1433.0,14,2,1,0,0,2,1,0,0,9.543724386575482,0.0038888888888888888,1433.0,0,2,0.14
1433.5,14,2,1,0,0,2,1,0,0,9.403523671401175,0.0038888888888888888,1433.5,0,2,0.14
1434.0,14,2,1,0,0,2,1,0,0,9.23242493855082,0.0038888888888888888,1434.0,0,2,0.14
1434.5,14,2,2,0,0,2,2,0,0,9.283110717743254,0.0038888888888888888,1434.5,0,2,0.14
1435.0,12,2,2,0,0,2,2,0,0,8.590368353161477,0.0033333333333333335,1435.0,0,2,0.12
1435.5,10,2,2,0,0,2,2,0,0,7.643617348500598,0.002777777777777778,1435.5,0,2,0.1
1436.0,10,2,2,0,0,2,2,0,0,7.563611025504838,0.002777777777777778,1436.0,0,2,0.1
1436.5,10,2,2,0,0,2,2,0,0,7.610139209838422,0.002777777777777778,1436.5,0,2,0.1
1437.0,10,2,2,0,0,2,2,0,0,7.692326834607708,0.002777777777777778,1437.0,0,3,0.1
1437.5,10,2,2,0,0,2,2,0,0,7.514228960207734,0.002777777777777778,1437.5,0,3,0.1
1438.0,10,2,2,0,0,2,2,0,0,7.533731060581819,0.002777777777777778,1438.0,0,3,0.1
1438.5,10,2,2,0,0,2,2,0,0,7.624526735235309,0.002777777777777778,1438.5,0,3,0.1
1439.0,10,2,2,0,0,2,2,0,0,7.640422084604694,0.002777777777777778,1439.0,0,3,0.1
1439.5,10,2,2,0,0,2,2,0,0,7.7257110276080905,0.002777777777777778,1439.5,0,3,0.1
1440.0,10,0,0,0,0,0,0,0,0,8.087536555803569,0.002777777777777778,1440.0,0,0,0.1
1440.5,10,0,0,0,0,0,0,0,0,8.481461409328126,0.002777777777777778,1440.5,0,0,0.1
1441.0,10,0,0,0,0,0,0,0,0,8.861566351566086,0.002777777777777778,1441.0,0,0,0.1
1441.5,10,0,0,0,0,0,0,0,0,9.268827326858968,0.002777777777777778,1441.5,0,0,0.1
1442.0,10,0,0,0,0,0,0,0,0,9.740043984949676,0.002777777777777778,1442.0,0,0,0.1
1442.5,10,0,0,0,0,0,0,0,0,9.985024160269036,0.002777777777777778,1442.5,0,0,0.1
1443.0,10,0,0,0,0,0,0,0,0,10.510618072958982,0.002777777777777778,1443.0,0,0,0.1
1443.5,10,0,0,0,0,0,0,0,0,10.882393932787322,0.002777777777777778,1443.5,0,0,0.1
1444.0,10,0,0,0,0,0,0,0,0,11.269872194031572,0.002777777777777778,1444.0,0,0,0.1
1444.5,10,0,0,0,0,0,0,0,0,11.714274568454217,0.002777777777777778,1444.5,0,0,0.1
1445.0,10,0,0,0,0,0,0,0,0,12.110807376306127,0.002777777777777778,1445.0,0,0,0.1
1445.5,10,0,0,0,0,0,0,0,0,12.506575001086905,0.002777777777777778,1445.5,0,0,0.1
1446.0,10,0,0,0,0,0,0,0,0,12.807674974989132,0.002777777777777778,1446.0,0,0,0.1
1446.5,10,0,0,0,0,0,0,0,0,12.939020912279904,0.002777777777777778,1446.5,0,0,0.1
1447.0,10,0,0,0,0,0,0,0,0,12.83203417732084,0.002777777777777778,1447.0,0,0,0.1
1447.5,10,0,0,0,0,0,0,0,0,12.981124050594463,0.002777777777777778,1447.5,0,0,0.1
1448.0,10,0,0,0,0,0,0,0,0,12.898603205956116,0.002777777777777778,1448.0,0,0,0.1
1448.5,10,0,0,0,0,0,0,0,0,12.976586566689022,0.002777777777777778,1448.5,0,0,0.1
1449.0,10,0,0,0,0,0,0,0,0,12.825418835291003,0.002777777777777778,1449.0,0,0,0.1
1449.5,10,0,0,0,0,0,0,0,0,12.93614088957018,0.002777777777777778,1449.5,0,0,0.1
1450.0,10,0,0,0,0,0,0,0,0,12.842146229027367,0.002777777777777778,1450.0,0,0,0.1
1450.5,10,0,0,0,0,0,0,0,0,12.956649576591392,0.002777777777777778,1450.5,0,0,0.1
1451.0,10,0,0,0,0,0,0,0,0,12.786906459645198,0.002777777777777778,1451.0,0,0,0.1
1451.5,10,0,0,0,0,0,0,0,0,12.782432340673932,0.002777777777777778,1451.5,0,0,0.1
1452.0,10,0,0,0,0,0,0,0,0,12.870267777633217,0.002777777777777778,1452.0,0,0,0.1
1452.5,14,0,0,0,0,0,0,0,0,12.981338672570692,0.0038888888888888888,1452.5,0,0,0.14
1453.0,14,0,0,0,0,0,0,0,0,12.92212151137524,0.0038888888888888888,1453.0,0,0,0.14
1453.5,14,0,0,0,0,0,0,0,0,12.891087400388145,0.0038888888888888888,1453.5,0,0,0.14
1454.0,14,0,0,0,0,0,0,0,0,12.915880317860887,0.0038888888888888888,1454.0,0,0,0.14
1454.5,14,0,0,0,0,0,0,0,0,13.001112574967165,0.0038888888888888888,1454.5,0,0,0.14
1455.0,14,0,0,0,0,0,0,0,0,12.910320474971192,0.0038888888888888888,1455.0,0,0,0.14
1455.5,14,0,0,0,0,0,0,0,0,12.91766285550176,0.0038888888888888888,1455.5,0,0,0.14
1456.0,14,0,0,0,0,0,0,0,0,12.945683853076714,0.0038888888888888888,1456.0,0,0,0.14
1456.5,14,0,0,0,0,0,0,0,0,12.926901268915413,0.0038888888888888888,1456.5,0,0,0.14
1457.0,14,0,0,0,0,0,0,0,0,12.973945584919445,0.0038888888888888888,1457.0,0,0,0.14
1457.5,14,0,0,0,0,0,0,0,0,12.80098755311536,0.0038888888888888888,1457.5,0,0,0.14
1458.0,14,0,0,0,0,0,0,0,0,12.487561181383201,0.0038888888888888888,1458.0,0,0,0.14
1458.5,14,0,0,0,0,0,0,0,0,12.185794885816364,0.0038888888888888888,1458.5,0,0,0.14
1459.0,14,0,0,0,0,0,0,0,0,11.928534719998456,0.0038888888888888888,1459.0,0,0,0.14
1459.5,14,0,0,0,0,0,0,0,0,11.663740181277186,0.0038888888888888888,1459.5,0,0,0.14
1460.0,14,0,0,0,0,0,0,0,0,11.409812372955683,0.0038888888888888888,1460.0,0,0,0.14
1460.5,14,0,0,1,0,0,0,1,0,11.094234554723647,0.0038888888888888888,1460.5,0,0,0.14
1461.0,14,0,0,1,1,0,0,1,1,11.090530856008462,0.0038888888888888888,1461.0,0,0,0.14
1461.5,14,0,0,1,1,0,0,1,1,11.091055349020166,0.0038888888888888888,1461.5,0,0,0.14
1462.0,14,0,0,1,1,0,0,1,1,10.976492118105517,0.0038888888888888888,1462.0,0,0,0.14
1462.5,14,0,0,1,1,0,0,1,1,11.067561826957371,0.0038888888888888888,1462.5,0,0,0.14
1463.0,14,0,0,1,1,0,0,1,1,11.021707341844632,0.0038888888888888888,1463.0,0,0,0.14
1463.5,14,0,0,1,1,0,0,1,1,11.097647457390739,0.0038888888888888888,1463.5,0,0,0.14
1464.0,14,0,0,1,1,0,0,1,1,11.021752589118318,0.0038888888888888888,1464.0,0,0,0.14
1464.5,14,0,0,1,1,0,0,1,1,11.12926624146275,0.0038888888888888888,1464.5,0,0,0.14
1465.0,14,0,0,1,1,0,0,1,1,11.006141505917283,0.0038888888888888888,1465.0,0,0,0.14
1465.5,14,0,0,1,1,0,0,1,1,11.12357055896479,0.0038888888888888888,1465.5,0,0,0.14
1466.0,14,0,0,1,1,0,0,1,1,11.027433123171479,0.0038888888888888888,1466.0,0,0,0.14
1466.5,14,0,0,1,1,0,0,1,1,11.050527147938448,0.0038888888888888888,1466.5,0,0,0.14
1467.0,14,0,0,1,1,0,0,1,1,11.042468701394991,0.0038888888888888888,1467.0,0,0,0.14
1467.5,14,0,0,1,1,0,0,1,1,11.046679179703533,0.0038888888888888888,1467.5,0,0,0.14
1468.0,14,0,0,1,1,0,0,1,1,11.108804234205925,0.0038888888888888888,1468.0,0,0,0.14
1468.5,14,0,0,1,1,0,0,1,1,11.04030036329942,0.0038888888888888888,1468.5,0,0,0.14
1469.0,14,0,0,1,1,0,0,1,1,10.991939895232223,0.0038888888888888888,1469.0,0,0,0.14
1469.5,14,0,0,1,1,0,0,1,1,10.989995253696952,0.0038888888888888888,1469.5,0,0,0.14
1470.0,14,0,0,1,1,0,0,1,1,11.020930329041372,0.0038888888888888888,1470.0,0,0,0.14
1470.5,14,0,0,1,1,0,0,1,1,11.061210389824135,0.0038888888888888888,1470.5,0,0,0.14
1471.0,13,0,0,1,1,0,0,1,1,10.910014470748006,0.003611111111111111,1471.0,0,0,0.13
1471.5,13,0,0,1,1,0,0,1,1,10.886367281153667,0.003611111111111111,1471.5,0,0,0.13
1472.0,13,0,0,1,1,0,0,1,1,10.93080692247009,0.003611111111111111,1472.0,0,0,0.13
1472.5,13,0,0,1,1,0,0,1,1,10.954015513846986,0.003611111111111111,1472.5,0,0,0.13
1473.0,12,0,0,1,1,0,0,1,1,10.732450501401205,0.0033333333333333335,1473.0,0,0,0.12
1473.5,12,0,0,1,1,0,0,1,1,10.839480807281674,0.0033333333333333335,1473.5,0,0,0.12
1474.0,12,0,0,1,1,0,0,1,1,10.736439310637726,0.0033333333333333335,1474.0,0,0,0.12
1474.5,12,0,0,1,1,0,0,1,1,10.85748683465031,0.0033333333333333335,1474.5,0,0,0.12
1475.0,12,0,0,1,1,0,0,1,1,10.830551081132022,0.0033333333333333335,1475.0,0,0,0.12
1475.5,12,0,0,1,1,0,0,1,1,10.748285407738559,0.0033333333333333335,1475.5,0,0,0.12
1476.0,12,0,0,1,1,0,0,1,1,10.762039862416637,0.0033333333333333335,1476.0,0,0,0.12
1476.5,12,0,0,1,1,0,0,1,1,10.831565290500947,0.0033333333333333335,1476.5,0,0,0.12
1477.0,12,0,0,1,1,0,0,1,1,10.89072029408579,0.0033333333333333335,1477.0,0,0,0.12
1477.5,12,0,0,1,1,0,0,1,1,10.798146075264157,0.0033333333333333335,1477.5,0,0,0.12
1478.0,12,0,0,1,1,0,0,1,1,10.850207715481204,0.0033333333333333335,1478.0,0,0,0.12
1478.5,12,0,0,1,1,0,0,1,1,10.856893293956018,0.0033333333333333335,1478.5,0,0,0.12
1479.0,12,0,0,1,1,0,0,1,1,10.718688345993163,0.0033333333333333335,1479.0,0,0,0.12
1479.5,12,0,0,1,1,0,0,1,1,10.809574363813033,0.0033333333333333335,1479.5,0,0,0.12
1480.0,12,0,0,1,1,0,0,1,1,10.776730363734217,0.0033333333333333335,1480.0,0,0,0.12
1480.5,9,0,0,1,1,0,0,1,1,9.906381728884652,0.0025,1480.5,0,0,0.09
1481.0,9,0,0,1,1,0,0,1,1,9.818303634848853,0.0025,1481.0,0,0,0.09
1481.5,9,0,0,1,1,0,0,1,1,9.82948144365836,0.0025,1481.5,0,0,0.09
1482.0,9,0,0,1,1,0,0,1,1,9.840482581492559,0.0025,1482.0,0,1,0.09
1482.5,13,0,0,1,1,0,0,1,1,10.355868591218265,0.003611111111111111,1482.5,0,1,0.13
1483.0,13,0,0,1,1,0,0,1,1,10.320520533075568,0.003611111111111111,1483.0,0,1,0.13
1483.5,13,0,0,1,1,0,0,1,1,10.484049823078339,0.003611111111111111,1483.5,0,1,0.13
1484.0,13,0,0,1,1,0,0,1,1,10.554955665745316,0.003611111111111111,1484.0,0,1,0.13
1484.5,13,0,0,1,1,0,0,1,1,10.713791032008837,0.003611111111111111,1484.5,0,1,0.13
1485.0,12,0,0,0,0,0,0,0,0,10.75476236405361,0.0033333333333333335,1485.0,0,2,0.12
1485.5,12,0,0,0,0,0,0,0,0,10.987310966782582,0.0033333333333333335,1485.5,0,2,0.12
1486.0,12,0,0,0,0,0,0,0,0,10.997223631135617,0.0033333333333333335,1486.0,0,2,0.12
1486.5,12,0,0,0,0,0,0,0,0,11.18354020157732,0.0033333333333333335,1486.5,0,2,0.12
1487.0,12,0,0,0,0,0,0,0,0,11.245543457117753,0.0033333333333333335,1487.0,0,2,0.12
1487.5,12,0,0,0,0,0,0,0,0,11.284170715831962,0.0033333333333333335,1487.5,0,2,0.12
1488.0,12,0,0,0,0,0,0,0,0,11.282114812602721,0.0033333333333333335,1488.0,0,2,0.12
1488.5,12,0,0,0,0,0,0,0,0,11.270689794709329,0.0033333333333333335,1488.5,0,2,0.12
1489.0,12,0,0,0,0,0,0,0,0,11.22235895641983,0.0033333333333333335,1489.0,0,2,0.12
1489.5,12,0,0,0,0,0,0,0,0,11.263251825651972,0.0033333333333333335,1489.5,0,2,0.12
1490.0,12,1,0,0,0,1,0,0,0,11.246721658225354,0.0033333333333333335,1490.0,0,2,0.12
1490.5,12,1,0,0,0,1,0,0,0,11.333285539000483,0.0033333333333333335,1490.5,0,2,0.12
1491.0,12,1,0,0,0,1,0,0,0,11.46558023856413,0.0033333333333333335,1491.0,0,2,0.12
1491.5,12,1,0,0,0,1,0,0,0,11.55491605859544,0.0033333333333333335,1491.5,0,2,0.12
1492.0,12,1,0,0,0,1,0,0,0,11.617189621680183,0.0033333333333333335,1492.0,0,2,0.12
1492.5,12,1,0,0,0,1,0,0,0,11.6215676053003,0.0033333333333333335,1492.5,0,2,0.12
1493.0,12,1,0,0,0,1,0,0,0,11.682003612558548,0.0033333333333333335,1493.0,0,2,0.12
1493.5,12,1,0,0,0,1,0,0,0,11.600239111331058,0.0033333333333333335,1493.5,0,2,0.12
1494.0,12,1,0,0,0,1,0,0,0,11.69273507321438,0.0033333333333333335,1494.0,0,2,0.12
1494.5,12,1,0,0,0,1,0,0,0,11.456995415497323,0.0033333333333333335,1494.5,0,2,0.12
1495.0,12,1,0,0,0,1,0,0,0,11.324856451017359,0.0033333333333333335,1495.0,0,2,0.12
1495.5,12,1,0,0,0,1,0,0,0,11.151136030669443,0.0033333333333333335,1495.5,0,2,0.12
1496.0,12,1,0,0,0,1,0,0,0,11.039633767552637,0.0033333333333333335,1496.0,0,2,0.12
1496.5,12,1,0,0,0,1,0,0,0,10.791242914159211,0.0033333333333333335,1496.5,0,2,0.12
1497.0,12,1,1,0,0,1,1,0,0,10.700760391241952,0.0033333333333333335,1497.0,0,2,0.12
1497.5,12,1,1,0,0,1,1,0,0,10.772462924698232,0.0033333333333333335,1497.5,0,2,0.12
1498.0,12,1,1,0,0,1,1,0,0,10.771549055943224,0.0033333333333333335,1498.0,0,2,0.12
1498.5,12,1,1,0,0,1,1,0,0,10.600506127936798,0.0033333333333333335,1498.5,0,2,0.12
1499.0,12,1,1,0,0,1,1,0,0,10.73654222309249,0.0033333333333333335,1499.0,0,2,0.12
1499.5,12,1,1,0,0,1,1,0,0,10.671302660870223,0.0033333333333333335,1499.5,0,2,0.12
1500.0,12,1,1,0,0,1,1,0,0,10.728069835506702,0.0033333333333333335,1500.0,0,2,0.12
1500.5,12,1,1,0,0,1,1,0,0,10.69331781654938,0.0033333333333333335,1500.5,0,2,0.12
1501.0,12,1,1,0,0,1,1,0,0,10.646414896195143,0.0033333333333333335,1501.0,0,2,0.12
1501.5,11,1,1,0,0,1,1,0,0,10.541131729581444,0.0030555555555555557,1501.5,0,2,0.11
1502.0,11,1,1,0,0,1,1,0,0,10.464296786355497,0.0030555555555555557,1502.0,0,2,0.11
1502.5,11,1,1,0,0,1,1,0,0,10.508733447462964,0.0030555555555555557,1502.5,0,2,0.11
1503.0,11,1,1,0,0,1,1,0,0,10.565692819613295,0.0030555555555555557,1503.0,0,2,0.11
1503.5,11,1,1,0,0,1,1,0,0,10.53428837033904,0.0030555555555555557,1503.5,0,2,0.11
1504.0,11,1,1,0,0,1,1,0,0,10.5608614986928,0.0030555555555555557,1504.0,0,2,0.11
1504.5,10,1,1,0,0,1,1,0,0,10.35086681925981,0.002777777777777778,1504.5,0,2,0.1
1505.0,10,1,1,0,0,1,1,0,0,10.417669784434239,0.002777777777777778,1505.0,0,2,0.1
1505.5,10,1,1,0,0,1,1,0,0,10.350790562510356,0.002777777777777778,1505.5,0,2,0.1
1506.0,10,1,1,0,0,1,1,0,0,10.349440516501764,0.002777777777777778,1506.0,0,2,0.1
1506.5,10,1,1,0,0,1,1,0,0,10.28159783441979,0.002777777777777778,1506.5,0,2,0.1
1507.0,10,1,1,0,0,1,1,0,0,10.378055350700725,0.002777777777777778,1507.0,0,2,0.1
1507.5,10,1,1,0,0,1,1,0,0,10.284324672528873,0.002777777777777778,1507.5,0,2,0.1
1508.0,10,1,1,0,0,1,1,0,0,10.36779466927108,0.002777777777777778,1508.0,0,2,0.1
1508.5,10,1,1,0,0,1,1,0,0,10.395283024961227,0.002777777777777778,1508.5,0,2,0.1
1509.0,10,1,1,0,0,1,1,0,0,10.351187380013853,0.002777777777777778,1509.0,0,2,0.1
1509.5,10,1,1,0,0,1,1,0,0,10.447614605019899,0.002777777777777778,1509.5,0,2,0.1
1510.0,10,1,1,0,0,1,1,0,0,10.36229524759632,0.002777777777777778,1510.0,0,2,0.1
1510.5,10,1,1,0,0,1,1,0,0,10.380676823173982,0.002777777777777778,1510.5,0,2,0.1
1511.0,10,1,1,0,0,1,1,0,0,10.343317902846593,0.002777777777777778,1511.0,0,2,0.1
1511.5,10,1,1,0,0,1,1,0,0,10.208607436294532,0.002777777777777778,1511.5,0,2,0.1
1512.0,10,1,1,0,0,1,1,0,0,10.316914396412304,0.002777777777777778,1512.0,0,2,0.1
1512.5,10,1,1,0,0,1,1,0,0,10.291528580344147,0.002777777777777778,1512.5,0,2,0.1
1513.0,14,1,1,0,0,1,1,0,0,11.184002496448153,0.0038888888888888888,1513.0,0,2,0.14
1513.5,14,1,1,0,0,1,1,0,0,11.08340145873339,0.0038888888888888888,1513.5,0,2,0.14
1514.0,14,1,1,0,0,1,1,0,0,11.126897148580596,0.0038888888888888888,1514.0,0,2,0.14
1514.5,14,1,1,0,0,1,1,0,0,11.118166281862157,0.0038888888888888888,1514.5,0,2,0.14
1515.0,14,1,1,0,0,1,1,0,0,11.121320364376137,0.0038888888888888888,1515.0,0,2,0.14
1515.5,14,1,1,0,0,1,1,0,0,11.064176682842335,0.0038888888888888888,1515.5,0,2,0.14
1516.0,14,1,1,0,0,1,1,0,0,11.052889814729207,0.0038888888888888888,1516.0,0,2,0.14
1516.5,14,1,1,0,0,1,1,0,0,11.113962895320567,0.0038888888888888888,1516.5,0,2,0.14
1517.0,14,1,1,0,0,1,1,0,0,11.059593971106366,0.0038888888888888888,1517.0,0,2,0.14
1517.5,14,1,1,0,0,1,1,0,0,10.918142320586243,0.0038888888888888888,1517.5,0,2,0.14
1518.0,14,1,1,0,0,1,1,0,0,10.719397700894632,0.0038888888888888888,1518.0,0,2,0.14
1518.5,14,1,1,0,0,1,1,0,0,10.629031994876952,0.0038888888888888888,1518.5,0,2,0.14
1519.0,14,1,1,0,0,1,1,0,0,10.437599447403027,0.0038888888888888888,1519.0,0,2,0.14
1519.5,14,1,1,0,0,1,1,0,0,10.389543331709431,0.0038888888888888888,1519.5,0,2,0.14
1520.0,14,1,1,0,0,1,1,0,0,10.163885814458835,0.0038888888888888888,1520.0,0,2,0.14
1520.5,14,1,1,0,0,1,1,0,0,10.077209088734508,0.0038888888888888888,1520.5,0,2,0.14
1521.0,14,2,1,0,0,2,1,0,0,10.094115188139089,0.0038888888888888888,1521.0,0,2,0.14
1521.5,14,2,1,0,0,2,1,0,0,10.079200870810679,0.0038888888888888888,1521.5,0,2,0.14
1522.0,14,2,1,0,0,2,1,0,0,10.188478472792182,0.0038888888888888888,1522.0,0,2,0.14
1522.5,14,2,1,0,0,2,1,0,0,10.04319915510698,0.0038888888888888888,1522.5,0,2,0.14
1523.0,14,2,1,0,0,2,1,0,0,10.088336277514303,0.0038888888888888888,1523.0,0,2,0.14
1523.5,14,2,1,0,0,2,1,0,0,10.122265587751091,0.0038888888888888888,1523.5,0,2,0.14
1524.0,14,2,1,0,0,2,1,0,0,10.208481202158817,0.0038888888888888888,1524.0,0,2,0.14
1524.5,14,2,1,0,0,2,1,0,0,10.055758322432611,0.0038888888888888888,1524.5,0,2,0.14
1525.0,14,2,1,0,0,2,1,0,0,10.06181473334972,0.0038888888888888888,1525.0,0,2,0.14
1525.5,14,2,1,0,0,2,1,0,0,9.851664268859846,0.0038888888888888888,1525.5,0,2,0.14
1526.0,12,2,1,0,0,2,1,0,0,9.106125605308472,0.0033333333333333335,1526.0,0,2,0.12
1526.5,11,2,1,0,0,2,1,0,0,8.51460794337233,0.0030555555555555557,1526.5,0,2,0.11
1527.0,10,2,1,0,0,2,1,0,0,7.882438752733554,0.002777777777777778,1527.0,0,3,0.1
1527.5,10,2,1,0,0,2,1,0,0,7.727665813613056,0.002777777777777778,1527.5,0,3,0.1
1528.0,10,2,2,0,0,2,2,0,0,7.651842138165357,0.002777777777777778,1528.0,0,3,0.1
1528.5,10,2,2,0,0,2,2,0,0,7.68200716114418,0.002777777777777778,1528.5,0,3,0.1
1529.0,10,2,2,0,0,2,2,0,0,7.742738991505567,0.002777777777777778,1529.0,0,3,0.1
1529.5,10,2,2,0,0,2,2,0,0,7.766478091851459,0.002777777777777778,1529.5,0,3,0.1
1530.0,10,0,0,0,0,0,0,0,0,8.235901825709734,0.002777777777777778,1530.0,0,0,0.1
1530.5,10,0,0,0,0,0,0,0,0,8.583326268585415,0.002777777777777778,1530.5,0,0,0.1
1531.0,10,0,0,0,0,0,0,0,0,8.933008535126474,0.002777777777777778,1531.0,0,0,0.1
1531.5,10,0,0,0,0,0,0,0,0,9.417765775134805,0.002777777777777778,1531.5,0,0,0.1
1532.0,10,0,0,0,0,0,0,0,0,9.780554013152624,0.002777777777777778,1532.0,0,0,0.1
1532.5,10,0,0,0,0,0,0,0,0,10.184212280744005,0.002777777777777778,1532.5,0,0,0.1
1533.0,10,0,0,0,0,0,0,0,0,10.491210943472586,0.002777777777777778,1533.0,0,0,0.1
1533.5,10,0,0,0,0,0,0,0,0,11.123391131849976,0.002777777777777778,1533.5,0,0,0.1
1534.0,10,0,0,0,0,0,0,0,0,11.355357672308354,0.002777777777777778,1534.0,0,0,0.1
1534.5,10,0,0,0,0,0,0,0,0,11.912285778102715,0.002777777777777778,1534.5,0,0,0.1
1535.0,10,0,0,0,0,0,0,0,0,12.161937171098222,0.002777777777777778,1535.0,0,0,0.1
1535.5,10,0,0,0,0,0,0,0,0,12.306509793402771,0.002777777777777778,1535.5,0,0,0.1
1536.0,10,0,0,0,0,0,0,0,0,12.64043163338062,0.002777777777777778,1536.0,0,0,0.1
1536.5,10,0,0,0,0,0,0,0,0,12.767693123502122,0.002777777777777778,1536.5,0,0,0.1
1537.0,10,0,0,0,0,0,0,0,0,12.727489538297025,0.002777777777777778,1537.0,0,0,0.1
1537.5,10,0,0,0,0,0,0,0,0,12.697730378012142,0.002777777777777778,1537.5,0,0,0.1
1538.0,10,0,0,0,0,0,0,0,0,12.736601048901878,0.002777777777777778,1538.0,0,0,0.1
1538.5,10,0,0,0,0,0,0,0,0,12.62681413345222,0.002777777777777778,1538.5,0,0,0.1
1539.0,10,0,0,0,0,0,0,0,0,12.631177329283174,0.002777777777777778,1539.0,0,0,0.1
1539.5,10,0,0,0,0,0,0,0,0,12.765924715601807,0.002777777777777778,1539.5,0,0,0.1
1540.0,10,0,0,0,0,0,0,0,0,12.596393314696117,0.002777777777777778,1540.0,0,0,0.1
1540.5,10,0,0,0,0,0,0,0,0,12.609484091524003,0.002777777777777778,1540.5,0,0,0.1
1541.0,10,0,0,0,0,0,0,0,0,12.640829209266897,0.002777777777777778,1541.0,0,0,0.1
1541.5,10,0,0,0,0,0,0,0,0,12.689111551923647,0.002777777777777778,1541.5,0,0,0.1
1542.0,10,0,0,0,0,0,0,0,0,12.77177977995548,0.002777777777777778,1542.0,0,0,0.1
1542.5,10,0,0,0,0,0,0,0,0,12.605924260449331,0.002777777777777778,1542.5,0,0,0.1
1543.0,14,0,0,0,0,0,0,0,0,12.96590550350688,0.0038888888888888888,1543.0,0,0,0.14
1543.5,14,0,0,0,0,0,0,0,0,12.92508195071896,0.0038888888888888888,1543.5,0,0,0.14
1544.0,14,0,0,0,0,0,0,0,0,12.98219850567501,0.0038888888888888888,1544.0,0,0,0.14
1544.5,14,0,0,0,0,0,0,0,0,12.844308061648446,0.0038888888888888888,1544.5,0,0,0.14
1545.0,14,0,0,0,0,0,0,0,0,12.955526296930113,0.0038888888888888888,1545.0,0,0,0.14
1545.5,14,0,0,0,0,0,0,0,0,12.938693354823613,0.0038888888888888888,1545.5,0,0,0.14
1546.0,14,0,0,0,0,0,0,0,0,12.928355208100141,0.0038888888888888888,1546.0,0,0,0.14
1546.5,14,0,0,0,0,0,0,0,0,12.844621945936053,0.0038888888888888888,1546.5,0,0,0.14
1547.0,14,0,0,0,0,0,0,0,0,12.931983998773907,0.0038888888888888888,1547.0,0,0,0.14
1547.5,14,0,0,0,0,0,0,0,0,12.940397603989599,0.0038888888888888888,1547.5,0,0,0.14
1548.0,14,0,0,0,0,0,0,0,0,12.928769796715175,0.0038888888888888888,1548.0,0,0,0.14
1548.5,14,0,0,0,0,0,0,0,0,12.94223480190116,0.0038888888888888888,1548.5,0,0,0.14
1549.0,14,0,0,0,0,0,0,0,0,12.9544791232821,0.0038888888888888888,1549.0,0,0,0.14
1549.5,14,0,0,0,0,0,0,0,0,12.857662489306431,0.0038888888888888888,1549.5,0,0,0.14
1550.0,14,0,0,0,0,0,0,0,0,12.771269439717608,0.0038888888888888888,1550.0,0,0,0.14
1550.5,14,0,0,0,0,0,0,0,0,12.579640504888776,0.0038888888888888888,1550.5,0,0,0.14
1551.0,14,0,0,0,0,0,0,0,0,12.392774570995726,0.0038888888888888888,1551.0,0,0,0.14
1551.5,14,0,0,0,0,0,0,0,0,12.253320610121245,0.0038888888888888888,1551.5,0,0,0.14
1552.0,14,0,0,0,0,0,0,0,0,12.043753368150194,0.0038888888888888888,1552.0,0,0,0.14
1552.5,14,0,0,0,0,0,0,0,0,11.991660782631259,0.0038888888888888888,1552.5,0,0,0.14
1553.0,14,0,0,0,1,0,0,0,1,11.92455395473666,0.0038888888888888888,1553.0,0,0,0.14
1553.5,14,0,0,0,1,0,0,0,1,11.727599567841285,0.0038888888888888888,1553.5,0,0,0.14
1554.0,14,0,0,0,1,0,0,0,1,11.62058677961752,0.0038888888888888888,1554.0,0,0,0.14
1554.5,14,0,0,0,1,0,0,0,1,11.519668583736987,0.0038888888888888888,1554.5,0,0,0.14
1555.0,14,0,0,0,1,0,0,0,1,11.255798410546534,0.0038888888888888888,1555.0,0,0,0.14
1555.5,14,0,0,1,1,0,0,1,1,11.1918098364275,0.0038888888888888888,1555.5,0,0,0.14
1556.0,13,0,0,1,1,0,0,1,1,10.977624457324128,0.003611111111111111,1556.0,0,0,0.13
1556.5,13,0,0,1,1,0,0,1,1,10.933503068534813,0.003611111111111111,1556.5,0,0,0.13
1557.0,13,0,0,1,1,0,0,1,1,11.016751829338677,0.003611111111111111,1557.0,0,0,0.13
1557.5,13,0,0,1,1,0,0,1,1,10.963642651471956,0.003611111111111111,1557.5,0,0,0.13
1558.0,13,0,0,1,1,0,0,1,1,10.915947492086529,0.003611111111111111,1558.0,0,0,0.13
1558.5,13,0,0,1,1,0,0,1,1,10.915156472466155,0.003611111111111111,1558.5,0,0,0.13
1559.0,13,0,0,1,1,0,0,1,1,10.992981501241415,0.003611111111111111,1559.0,0,0,0.13
1559.5,13,0,0,1,1,0,0,1,1,10.999671438316549,0.003611111111111111,1559.5,0,0,0.13
1560.0,13,0,0,1,1,0,0,1,1,10.9221777672914,0.003611111111111111,1560.0,0,0,0.13
1560.5,13,0,0,1,1,0,0,1,1,10.9696832797059,0.003611111111111111,1560.5,0,0,0.13
1561.0,13,0,0,1,1,0,0,1,1,10.978815732864863,0.003611111111111111,1561.0,0,0,0.13
1561.5,13,0,0,1,1,0,0,1,1,10.852989193625946,0.003611111111111111,1561.5,0,0,0.13
1562.0,13,0,0,1,1,0,0,1,1,10.943099863644424,0.003611111111111111,1562.0,0,0,0.13
1562.5,13,0,0,1,1,0,0,1,1,10.919486601363136,0.003611111111111111,1562.5,0,0,0.13
1563.0,13,0,0,1,1,0,0,1,1,11.00809603144062,0.003611111111111111,1563.0,0,0,0.13
1563.5,13,0,0,1,1,0,0,1,1,10.905714481013094,0.003611111111111111,1563.5,0,0,0.13
1564.0,13,0,0,1,1,0,0,1,1,10.948541789028061,0.003611111111111111,1564.0,0,0,0.13
1564.5,13,0,0,1,1,0,0,1,1,10.969373946430828,0.003611111111111111,1564.5,0,0,0.13
1565.0,13,0,0,1,1,0,0,1,1,10.916127359509668,0.003611111111111111,1565.0,0,0,0.13
1565.5,13,0,0,1,1,0,0,1,1,11.032952707660119,0.003611111111111111,1565.5,0,0,0.13
1566.0,13,0,0,1,1,0,0,1,1,10.854546511630728,0.003611111111111111,1566.0,0,0,0.13
1566.5,13,0,0,1,1,0,0,1,1,10.896465440144498,0.003611111111111111,1566.5,0,0,0.13
1567.0,13,0,0,1,1,0,0,1,1,11.017625020471135,0.003611111111111111,1567.0,0,0,0.13
1567.5,12,0,0,1,1,0,0,1,1,10.873552682278179,0.0033333333333333335,1567.5,0,0,0.12
1568.0,12,0,0,1,1,0,0,1,1,10.83493129548276,0.0033333333333333335,1568.0,0,0,0.12
1568.5,12,0,0,1,1,0,0,1,1,10.85826377770212,0.0033333333333333335,1568.5,0,0,0.12
1569.0,12,0,0,1,1,0,0,1,1,10.91351611325642,0.0033333333333333335,1569.0,0,0,0.12
1569.5,12,0,0,1,1,0,0,1,1,10.974576207229292,0.0033333333333333335,1569.5,0,0,0.12
1570.0,12,0,0,1,1,0,0,1,1,10.914528872536698,0.0033333333333333335,1570.0,0,0,0.12
1570.5,11,0,0,1,1,0,0,1,1,10.63826048848567,0.0030555555555555557,1570.5,0,0,0.11
1571.0,10,0,0,1,1,0,0,1,1,10.291125706627497,0.002777777777777778,1571.0,0,0,0.1
1571.5,10,0,0,1,1,0,0,1,1,10.340499229951527,0.002777777777777778,1571.5,0,0,0.1
1572.0,10,0,0,1,1,0,0,1,1,10.458731598900629,0.002777777777777778,1572.0,0,1,0.1
1572.5,10,0,0,1,1,0,0,1,1,10.33153062752797,0.002777777777777778,1572.5,0,1,0.1
1573.0,10,0,0,1,1,0,0,1,1,10.335132302833951,0.002777777777777778,1573.0,0,1,0.1
1573.5,14,0,0,1,1,0,0,1,1,10.4331749071545,0.0038888888888888888,1573.5,0,1,0.14
1574.0,14,0,0,1,1,0,0,1,1,10.391279852873746,0.0038888888888888888,1574.0,0,1,0.14
1574.5,14,0,0,1,1,0,0,1,1,10.57460757468644,0.0038888888888888888,1574.5,0,1,0.14
1575.0,14,0,0,0,0,0,0,0,0,10.8717926722123,0.0038888888888888888,1575.0,0,2,0.14
1575.5,14,0,0,0,0,0,0,0,0,11.123696612291635,0.0038888888888888888,1575.5,0,2,0.14
1576.0,14,0,0,0,0,0,0,0,0,11.39944908054579,0.0038888888888888888,1576.0,0,2,0.14
1576.5,14,0,0,0,0,0,0,0,0,11.6810275033592,0.0038888888888888888,1576.5,0,2,0.14
1577.0,13,0,0,0,0,0,0,0,0,12.059947127347554,0.003611111111111111,1577.0,0,2,0.13
1577.5,13,0,0,0,0,0,0,0,0,12.240061069998715,0.003611111111111111,1577.5,0,2,0.13
1578.0,12,0,0,0,0,0,0,0,0,12.199643359169213,0.0033333333333333335,1578.0,0,2,0.12
1578.5,12,0,0,0,0,0,0,0,0,12.197119071667393,0.0033333333333333335,1578.5,0,2,0.12
1579.0,12,0,0,0,0,0,0,0,0,12.029773993450064,0.0033333333333333335,1579.0,0,2,0.12
1579.5,12,0,0,0,0,0,0,0,0,11.808342849548055,0.0033333333333333335,1579.5,0,2,0.12
1580.0,12,0,0,0,0,0,0,0,0,11.630079200910247,0.0033333333333333335,1580.0,0,2,0.12
1580.5,12,0,0,0,0,0,0,0,0,11.400867915437559,0.0033333333333333335,1580.5,0,2,0.12
1581.0,12,1,0,0,0,1,0,0,0,11.10714809207299,0.0033333333333333335,1581.0,0,2,0.12
1581.5,12,1,0,0,0,1,0,0,0,11.068256748158284,0.0033333333333333335,1581.5,0,2,0.12
1582.0,12,1,1,0,0,1,1,0,0,11.081137705572976,0.0033333333333333335,1582.0,0,2,0.12
1582.5,12,1,1,0,0,1,1,0,0,11.050047490952137,0.0033333333333333335,1582.5,0,2,0.12
1583.0,12,1,1,0,0,1,1,0,0,10.983267641040365,0.0033333333333333335,1583.0,0,2,0.12
1583.5,12,1,1,0,0,1,1,0,0,11.078334976230773,0.0033333333333333335,1583.5,0,2,0.12
1584.0,12,1,1,0,0,1,1,0,0,11.067982492283626,0.0033333333333333335,1584.0,0,2,0.12
1584.5,12,1,1,0,0,1,1,0,0,11.037388662010294,0.0033333333333333335,1584.5,0,2,0.12
1585.0,12,1,1,0,0,1,1,0,0,11.07187589467901,0.0033333333333333335,1585.0,0,2,0.12
1585.5,12,1,1,0,0,1,1,0,0,11.06849800222951,0.0033333333333333335,1585.5,0,2,0.12
1586.0,12,1,1,0,0,1,1,0,0,11.111978811397274,0.0033333333333333335,1586.0,0,2,0.12
1586.5,10,1,1,0,0,1,1,0,0,10.55144806294411,0.002777777777777778,1586.5,0,2,0.1
1587.0,10,1,1,0,0,1,1,0,0,10.581123003865939,0.002777777777777778,1587.0,0,2,0.1
1587.5,10,1,1,0,0,1,1,0,0,10.61664527135843,0.002777777777777778,1587.5,0,2,0.1
1588.0,10,1,1,0,0,1,1,0,0,10.57456506847229,0.002777777777777778,1588.0,0,2,0.1
1588.5,10,1,1,0,0,1,1,0,0,10.458794039032071,0.002777777777777778,1588.5,0,2,0.1
1589.0,10,1,1,0,0,1,1,0,0,10.525543492575526,0.002777777777777778,1589.0,0,2,0.1
1589.5,10,1,1,0,0,1,1,0,0,10.495379128088825,0.002777777777777778,1589.5,0,2,0.1
1590.0,10,1,1,0,0,1,1,0,0,10.562693751628393,0.002777777777777778,1590.0,0,2,0.1
1590.5,10,1,1,0,0,1,1,0,0,10.570979619136196,0.002777777777777778,1590.5,0,2,0.1
1591.0,10,1,1,0,0,1,1,0,0,10.5266943483887,0.002777777777777778,1591.0,0,2,0.1
1591.5,10,1,1,0,0,1,1,0,0,10.530954705370238,0.002777777777777778,1591.5,0,2,0.1
1592.0,10,1,1,0,0,1,1,0,0,10.507081015338771,0.002777777777777778,1592.0,0,2,0.1
1592.5,10,1,1,0,0,1,1,0,0,10.537927378366584,0.002777777777777778,1592.5,0,2,0.1
1593.0,10,1,1,0,0,1,1,0,0,10.533435394262778,0.002777777777777778,1593.0,0,2,0.1
1593.5,10,1,1,0,0,1,1,0,0,10.5243184438959,0.002777777777777778,1593.5,0,2,0.1
1594.0,10,1,1,0,0,1,1,0,0,10.54504938601225,0.002777777777777778,1594.0,0,2,0.1
1594.5,10,1,1,0,0,1,1,0,0,10.539922922104015,0.002777777777777778,1594.5,0,2,0.1
1595.0,10,1,1,0,0,1,1,0,0,10.464230266771628,0.002777777777777778,1595.0,0,2,0.1
1595.5,10,1,1,0,0,1,1,0,0,10.502578389284317,0.002777777777777778,1595.5,0,2,0.1
1596.0,10,1,1,0,0,1,1,0,0,10.612295163343079,0.002777777777777778,1596.0,0,2,0.1
1596.5,10,1,1,0,0,1,1,0,0,10.48442466235545,0.002777777777777778,1596.5,0,2,0.1
1597.0,10,1,1,0,0,1,1,0,0,10.431254823352791,0.002777777777777778,1597.0,0,2,0.1
1597.5,10,1,1,0,0,1,1,0,0,10.49403148317884,0.002777777777777778,1597.5,0,2,0.1
1598.0,10,1,1,0,0,1,1,0,0,10.598279041421483,0.002777777777777778,1598.0,0,2,0.1
1598.5,10,1,1,0,0,1,1,0,0,10.478030225453548,0.002777777777777778,1598.5,0,2,0.1
1599.0,10,1,1,0,0,1,1,0,0,10.510503922817879,0.002777777777777778,1599.0,0,2,0.1
1599.5,10,1,1,0,0,1,1,0,0,10.528633674113662,0.002777777777777778,1599.5,0,2,0.1
1600.0,10,1,1,0,0,1,1,0,0,10.585768372308811,0.002777777777777778,1600.0,0,2,0.1
1600.5,10,1,1,0,0,1,1,0,0,10.48655936687079,0.002777777777777778,1600.5,0,2,0.1
1601.0,10,1,1,0,0,1,1,0,0,10.460336161987506,0.002777777777777778,1601.0,0,2,0.1
1601.5,10,1,1,0,0,1,1,0,0,10.605771047078887,0.002777777777777778,1601.5,0,2,0.1
1602.0,10,1,1,0,0,1,1,0,0,10.557551309554254,0.002777777777777778,1602.0,0,2,0.1
1602.5,10,1,1,0,0,1,1,0,0,10.467815781199024,0.002777777777777778,1602.5,0,2,0.1
1603.0,10,1,1,0,0,1,1,0,0,10.51336419945175,0.002777777777777778,1603.0,0,2,0.1
1603.5,14,1,1,0,0,1,1,0,0,10.986305627763004,0.0038888888888888888,1603.5,0,2,0.14
1604.0,14,1,1,0,0,1,1,0,0,11.052391178377771,0.0038888888888888888,1604.0,0,2,0.14
1604.5,14,1,1,0,0,1,1,0,0,11.075733422468684,0.0038888888888888888,1604.5,0,2,0.14
1605.0,14,1,1,0,0,1,1,0,0,11.13599557889293,0.0038888888888888888,1605.0,0,2,0.14
1605.5,14,1,1,0,0,1,1,0,0,11.214786798328026,0.0038888888888888888,1605.5,0,2,0.14
1606.0,14,1,1,0,0,1,1,0,0,11.307350552302747,0.0038888888888888888,1606.0,0,2,0.14
1606.5,14,1,1,0,0,1,1,0,0,11.192730604846721,0.0038888888888888888,1606.5,0,2,0.14
1607.0,14,1,1,0,0,1,1,0,0,11.169272274267133,0.0038888888888888888,1607.0,0,2,0.14
1607.5,14,1,1,0,0,1,1,0,0,11.2196366381868,0.0038888888888888888,1607.5,0,2,0.14
1608.0,14,1,1,0,0,1,1,0,0,11.055901199462344,0.0038888888888888888,1608.0,0,2,0.14
1608.5,14,1,1,0,0,1,1,0,0,10.843642774522653,0.0038888888888888888,1608.5,0,2,0.14
1609.0,14,1,1,0,0,1,1,0,0,10.595744556534356,0.0038888888888888888,1609.0,0,2,0.14
1609.5,14,1,1,0,0,1,1,0,0,10.12552777410254,0.0038888888888888888,1609.5,0,2,0.14
1610.0,14,1,1,0,0,1,1,0,0,9.884616142680716,0.0038888888888888888,1610.0,0,2,0.14
1610.5,14,1,1,0,0,1,1,0,0,9.568501400137162,0.0038888888888888888,1610.5,0,2,0.14
1611.0,14,1,1,0,0,1,1,0,0,9.330821273586713,0.0038888888888888888,1611.0,0,2,0.14
1611.5,14,2,2,0,0,2,2,0,0,9.286439853016077,0.0038888888888888888,1611.5,0,2,0.14
1612.0,14,2,2,0,0,2,2,0,0,9.349441363803134,0.0038888888888888888,1612.0,0,2,0.14
1612.5,14,2,2,0,0,2,2,0,0,9.248357990712776,0.0038888888888888888,1612.5,0,2,0.14
1613.0,14,2,2,0,0,2,2,0,0,9.326584123990358,0.0038888888888888888,1613.0,0,2,0.14
1613.5,14,2,2,0,0,2,2,0,0,9.31918419540726,0.0038888888888888888,1613.5,0,2,0.14
1614.0,14,2,2,0,0,2,2,0,0,9.35579246207306,0.0038888888888888888,1614.0,0,2,0.14
1614.5,14,2,2,0,0,2,2,0,0,9.295820002260976,0.0038888888888888888,1614.5,0,2,0.14
1615.0,14,2,2,0,0,2,2,0,0,9.20638295083838,0.0038888888888888888,1615.0,0,2,0.14
1615.5,14,2,2,0,0,2,2,0,0,9.319236914808355,0.0038888888888888888,1615.5,0,2,0.14
1616.0,14,2,2,0,0,2,2,0,0,9.234082214740331,0.0038888888888888888,1616.0,0,2,0.14
1616.5,12,2,2,0,0,2,2,0,0,8.61432956922624,0.0033333333333333335,1616.5,0,2,0.12
1617.0,11,2,2,0,0,2,2,0,0,8.16324211601103,0.0030555555555555557,1617.0,0,3,0.11
1617.5,11,2,2,0,0,2,2,0,0,8.266873992171378,0.0030555555555555557,1617.5,0,3,0.11
1618.0,11,2,2,0,0,2,2,0,0,8.122522782592979,0.0030555555555555557,1618.0,0,3,0.11
1618.5,11,2,2,0,0,2,2,0,0,8.168062940063576,0.0030555555555555557,1618.5,0,3,0.11
1619.0,11,2,2,0,0,2,2,0,0,8.170417177807737,0.0030555555555555557,1619.0,0,3,0.11
1619.5,11,2,2,0,0,2,2,0,0,8.279656680580638,0.0030555555555555557,1619.5,0,3,0.11
1620.0,11,0,0,0,0,0,0,0,0,8.64704471486344,0.0030555555555555557,1620.0,0,0,0.11
1620.5,10,0,0,0,0,0,0,0,0,8.72266456871574,0.002777777777777778,1620.5,0,0,0.1
1621.0,10,0,0,0,0,0,0,0,0,9.0006206554575,0.002777777777777778,1621.0,0,0,0.1
1621.5,10,0,0,0,0,0,0,0,0,9.43234636572703,0.002777777777777778,1621.5,0,0,0.1
1622.0,10,0,0,0,0,0,0,0,0,9.690062166792817,0.002777777777777778,1622.0,0,0,0.1
1622.5,10,0,0,0,0,0,0,0,0,10.113846389637807,0.002777777777777778,1622.5,0,0,0.1
1623.0,10,0,0,0,0,0,0,0,0,10.513082452359853,0.002777777777777778,1623.0,0,0,0.1
1623.5,10,0,0,0,0,0,0,0,0,10.85479345811695,0.002777777777777778,1623.5,0,0,0.1
1624.0,10,0,0,0,0,0,0,0,0,11.29587097336586,0.002777777777777778,1624.0,0,0,0.1
1624.5,10,0,0,0,0,0,0,0,0,11.644047679797989,0.002777777777777778,1624.5,0,0,0.1
1625.0,10,0,0,0,0,0,0,0,0,12.19034470740055,0.002777777777777778,1625.0,0,0,0.1
1625.5,10,0,0,0,0,0,0,0,0,12.532392518617458,0.002777777777777778,1625.5,0,0,0.1
1626.0,10,0,0,0,0,0,0,0,0,13.002163023253853,0.002777777777777778,1626.0,0,0,0.1
1626.5,10,0,0,0,0,0,0,0,0,13.213083698881812,0.002777777777777778,1626.5,0,0,0.1
1627.0,10,0,0,0,0,0,0,0,0,13.1566165414223,0.002777777777777778,1627.0,0,0,0.1
1627.5,10,0,0,0,0,0,0,0,0,13.229566790232534,0.002777777777777778,1627.5,0,0,0.1
1628.0,10,0,0,0,0,0,0,0,0,13.270598055977938,0.002777777777777778,1628.0,0,0,0.1
1628.5,10,0,0,0,0,0,0,0,0,13.267006758035027,0.002777777777777778,1628.5,0,0,0.1
1629.0,10,0,0,0,0,0,0,0,0,13.270766805904316,0.002777777777777778,1629.0,0,0,0.1
1629.5,10,0,0,0,0,0,0,0,0,13.318443537799507,0.002777777777777778,1629.5,0,0,0.1
1630.0,10,0,0,0,0,0,0,0,0,13.170313690206134,0.002777777777777778,1630.0,0,0,0.1
1630.5,10,0,0,0,0,0,0,0,0,13.296344833763182,0.002777777777777778,1630.5,0,0,0.1
1631.0,10,0,0,0,0,0,0,0,0,13.195115703262022,0.002777777777777778,1631.0,0,0,0.1
1631.5,10,0,0,0,0,0,0,0,0,13.33708876428344,0.002777777777777778,1631.5,0,0,0.1
1632.0,10,0,0,0,0,0,0,0,0,13.20546951903529,0.002777777777777778,1632.0,0,0,0.1
1632.5,10,0,0,0,0,0,0,0,0,13.170542569797584,0.002777777777777778,1632.5,0,0,0.1
1633.0,10,0,0,0,0,0,0,0,0,13.187809956485037,0.002777777777777778,1633.0,0,0,0.1
1633.5,10,0,0,0,0,0,0,0,0,13.221993765839471,0.002777777777777778,1633.5,0,0,0.1
1634.0,14,0,0,0,0,0,0,0,0,13.260920293346729,0.0038888888888888888,1634.0,0,0,0.14
1634.5,14,0,0,0,0,0,0,0,0,13.187100952233928,0.0038888888888888888,1634.5,0,0,0.14
1635.0,14,0,0,0,0,0,0,0,0,13.262216625835487,0.0038888888888888888,1635.0,0,0,0.14
1635.5,14,0,0,0,0,0,0,0,0,13.25768051895899,0.0038888888888888888,1635.5,0,0,0.14
1636.0,14,0,0,0,0,0,0,0,0,13.289415415383615,0.0038888888888888888,1636.0,0,0,0.14
1636.5,14,0,0,0,0,0,0,0,0,13.121836233706686,0.0038888888888888888,1636.5,0,0,0.14
1637.0,14,0,0,0,0,0,0,0,0,13.139000174386267,0.0038888888888888888,1637.0,0,0,0.14
1637.5,14,0,0,0,0,0,0,0,0,13.199207885864098,0.0038888888888888888,1637.5,0,0,0.14
1638.0,14,0,0,0,0,0,0,0,0,12.949444103560385,0.0038888888888888888,1638.0,0,0,0.14
1638.5,14,0,0,0,0,0,0,0,0,12.78064678371196,0.0038888888888888888,1638.5,0,0,0.14
1639.0,14,0,0,0,0,0,0,0,0,12.398084799926831,0.0038888888888888888,1639.0,0,0,0.14
1639.5,14,0,0,0,0,0,0,0,0,12.093854072022054,0.0038888888888888888,1639.5,0,0,0.14
1640.0,14,0,0,0,0,0,0,0,0,11.879163765109189,0.0038888888888888888,1640.0,0,0,0.14
1640.5,14,0,0,0,0,0,0,0,0,11.586670298777761,0.0038888888888888888,1640.5,0,0,0.14
1641.0,14,0,0,1,0,0,0,1,0,11.34190143840805,0.0038888888888888888,1641.0,0,0,0.14
1641.5,14,0,0,1,1,0,0,1,1,11.238915435045596,0.0038888888888888888,1641.5,0,0,0.14
1642.0,14,0,0,1,1,0,0,1,1,11.29190506291729,0.0038888888888888888,1642.0,0,0,0.14
1642.5,14,0,0,1,1,0,0,1,1,11.272208187003645,0.0038888888888888888,1642.5,0,0,0.14
1643.0,14,0,0,1,1,0,0,1,1,11.244100365545687,0.0038888888888888888,1643.0,0,0,0.14
1643.5,14,0,0,1,1,0,0,1,1,11.186562463083245,0.0038888888888888888,1643.5,0,0,0.14
1644.0,14,0,0,1,1,0,0,1,1,11.32340057886742,0.0038888888888888888,1644.0,0,0,0.14
1644.5,14,0,0,1,1,0,0,1,1,11.31083033807563,0.0038888888888888888,1644.5,0,0,0.14
1645.0,14,0,0,1,1,0,0,1,1,11.24541985386837,0.0038888888888888888,1645.0,0,0,0.14
1645.5,14,0,0,1,1,0,0,1,1,11.208067004089946,0.0038888888888888888,1645.5,0,0,0.14
1646.0,14,0,0,1,1,0,0,1,1,11.219346224065976,0.0038888888888888888,1646.0,0,0,0.14
1646.5,14,0,0,1,1,0,0,1,1,11.269158454113846,0.0038888888888888888,1646.5,0,0,0.14
1647.0,14,0,0,1,1,0,0,1,1,11.263642922903651,0.0038888888888888888,1647.0,0,0,0.14
1647.5,14,0,0,1,1,0,0,1,1,11.284733074707285,0.0038888888888888888,1647.5,0,0,0.14
1648.0,14,0,0,1,1,0,0,1,1,11.338237573314563,0.0038888888888888888,1648.0,0,0,0.14
1648.5,14,0,0,1,1,0,0,1,1,11.239770279887138,0.0038888888888888888,1648.5,0,0,0.14
1649.0,13,0,0,1,1,0,0,1,1,11.137474602567941,0.003611111111111111,1649.0,0,0,0.13
1649.5,13,0,0,1,1,0,0,1,1,11.04234740215119,0.003611111111111111,1649.5,0,0,0.13
1650.0,13,0,0,1,1,0,0,1,1,11.208310125200057,0.003611111111111111,1650.0,0,0,0.13
1650.5,12,0,0,1,1,0,0,1,1,10.872517798075831,0.0033333333333333335,1650.5,0,0,0.12
1651.0,12,0,0,1,1,0,0,1,1,10.967154239272611,0.0033333333333333335,1651.0,0,0,0.12
1651.5,12,0,0,1,1,0,0,1,1,10.82571166152898,0.0033333333333333335,1651.5,0,0,0.12
1652.0,12,0,0,1,1,0,0,1,1,10.878329416381186,0.0033333333333333335,1652.0,0,0,0.12
1652.5,12,0,0,1,1,0,0,1,1,10.905971569500272,0.0033333333333333335,1652.5,0,0,0.12
1653.0,12,0,0,1,1,0,0,1,1,10.947810697009622,0.0033333333333333335,1653.0,0,0,0.12
1653.5,12,0,0,1,1,0,0,1,1,10.990999390686701,0.0033333333333333335,1653.5,0,0,0.12
1654.0,12,0,0,1,1,0,0,1,1,10.931887556700067,0.0033333333333333335,1654.0,0,0,0.12
1654.5,12,0,0,1,1,0,0,1,1,10.908820352851054,0.0033333333333333335,1654.5,0,0,0.12
1655.0,12,0,0,1,1,0,0,1,1,11.00856682691303,0.0033333333333333335,1655.0,0,0,0.12
1655.5,12,0,0,1,1,0,0,1,1,11.00983586064566,0.0033333333333333335,1655.5,0,0,0.12
1656.0,12,0,0,1,1,0,0,1,1,10.857267224697736,0.0033333333333333335,1656.0,0,0,0.12
1656.5,12,0,0,1,1,0,0,1,1,10.901489003249319,0.0033333333333333335,1656.5,0,0,0.12
1657.0,12,0,0,1,1,0,0,1,1,10.926656720616805,0.0033333333333333335,1657.0,0,0,0.12
1657.5,12,0,0,1,1,0,0,1,1,10.994770035775602,0.0033333333333333335,1657.5,0,0,0.12
1658.0,12,0,0,1,1,0,0,1,1,10.986217899897282,0.0033333333333333335,1658.0,0,0,0.12
1658.5,12,0,0,1,1,0,0,1,1,10.885260521601372,0.0033333333333333335,1658.5,0,0,0.12
1659.0,12,0,0,1,1,0,0,1,1,10.991635473082491,0.0033333333333333335,1659.0,0,0,0.12
1659.5,12,0,0,1,1,0,0,1,1,10.956829440012877,0.0033333333333333335,1659.5,0,0,0.12
1660.0,12,0,0,1,1,0,0,1,1,10.881654745942088,0.0033333333333333335,1660.0,0,0,0.12
1660.5,10,0,0,1,1,0,0,1,1,10.31049927808306,0.002777777777777778,1660.5,0,0,0.1
1661.0,9,0,0,1,1,0,0,1,1,10.078917091410801,0.0025,1661.0,0,0,0.09
1661.5,8,0,0,1,1,0,0,1,1,9.679430935302891,0.0022222222222222222,1661.5,0,0,0.08
1662.0,8,0,0,1,1,0,0,1,1,9.72148628982782,0.0022222222222222222,1662.0,0,1,0.08
1662.5,8,0,0,1,1,0,0,1,1,9.652600161815146,0.0022222222222222222,1662.5,0,1,0.08
1663.0,8,0,0,1,1,0,0,1,1,9.652940794203689,0.0022222222222222222,1663.0,0,1,0.08
1663.5,8,0,0,1,1,0,0,1,1,9.740074300761126,0.0022222222222222222,1663.5,0,1,0.08
1664.0,12,0,0,1,1,0,0,1,1,10.87616259906566,0.0033333333333333335,1664.0,0,1,0.12
1664.5,12,0,0,1,1,0,0,1,1,10.822389088561067,0.0033333333333333335,1664.5,0,1,0.12
1665.0,12,0,0,0,0,0,0,0,0,10.97909381081766,0.0033333333333333335,1665.0,0,2,0.12
1665.5,12,0,0,0,0,0,0,0,0,11.123868841857524,0.0033333333333333335,1665.5,0,2,0.12
1666.0,12,0,0,0,0,0,0,0,0,11.345770052473284,0.0033333333333333335,1666.0,0,2,0.12
1666.5,12,0,0,0,0,0,0,0,0,11.473485239315925,0.0033333333333333335,1666.5,0,2,0.12
1667.0,12,0,0,0,0,0,0,0,0,11.587119939389863,0.0033333333333333335,1667.0,0,2,0.12
1667.5,12,0,0,0,0,0,0,0,0,11.741519564884124,0.0033333333333333335,1667.5,0,2,0.12
1668.0,12,0,0,0,0,0,0,0,0,11.974215312968736,0.0033333333333333335,1668.0,0,2,0.12
1668.5,12,0,0,0,0,0,0,0,0,12.016400155224398,0.0033333333333333335,1668.5,0,2,0.12
1669.0,12,0,0,0,0,0,0,0,0,11.982418225699634,0.0033333333333333335,1669.0,0,2,0.12
1669.5,12,0,0,0,0,0,0,0,0,11.96472328106615,0.0033333333333333335,1669.5,0,2,0.12
1670.0,12,0,0,0,0,0,0,0,0,11.86095335280961,0.0033333333333333335,1670.0,0,2,0.12
1670.5,12,0,0,0,0,0,0,0,0,11.861091707144446,0.0033333333333333335,1670.5,0,2,0.12
1671.0,12,0,0,0,0,0,0,0,0,11.993070154926057,0.0033333333333333335,1671.0,0,2,0.12
1671.5,12,0,0,0,0,0,0,0,0,12.003222049856737,0.0033333333333333335,1671.5,0,2,0.12
1672.0,12,1,0,0,0,1,0,0,0,11.900252694579388,0.0033333333333333335,1672.0,0,2,0.12
1672.5,12,1,0,0,0,1,0,0,0,11.72155312036156,0.0033333333333333335,1672.5,0,2,0.12
1673.0,12,1,0,0,0,1,0,0,0,11.592051324373934,0.0033333333333333335,1673.0,0,2,0.12
1673.5,12,1,0,0,0,1,0,0,0,11.386150141167866,0.0033333333333333335,1673.5,0,2,0.12
1674.0,12,1,0,0,0,1,0,0,0,11.188646972447485,0.0033333333333333335,1674.0,0,2,0.12
1674.5,12,1,0,0,0,1,0,0,0,11.066067451469763,0.0033333333333333335,1674.5,0,2,0.12
1675.0,12,1,0,0,0,1,0,0,0,10.882612619464473,0.0033333333333333335,1675.0,0,2,0.12
1675.5,12,1,1,0,0,1,1,0,0,10.805668408449776,0.0033333333333333335,1675.5,0,2,0.12
1676.0,12,1,1,0,0,1,1,0,0,10.779165883181385,0.0033333333333333335,1676.0,0,2,0.12
1676.5,12,1,1,0,0,1,1,0,0,10.871483472396074,0.0033333333333333335,1676.5,0,2,0.12
1677.0,11,1,1,0,0,1,1,0,0,10.688084244003862,0.0030555555555555557,1677.0,0,2,0.11
1677.5,11,1,1,0,0,1,1,0,0,10.636688956578125,0.0030555555555555557,1677.5,0,2,0.11
1678.0,11,1,1,0,0,1,1,0,0,10.649146886995434,0.0030555555555555557,1678.0,0,2,0.11
1678.5,11,1,1,0,0,1,1,0,0,10.571090496678615,0.0030555555555555557,1678.5,0,2,0.11
1679.0,11,1,1,0,0,1,1,0,0,10.638288214392146,0.0030555555555555557,1679.0,0,2,0.11
1679.5,11,1,1,0,0,1,1,0,0,10.644699627466913,0.0030555555555555557,1679.5,0,2,0.11
1680.0,11,1,1,0,0,1,1,0,0,10.552517960676745,0.0030555555555555557,1680.0,0,2,0.11
1680.5,11,1,1,0,0,1,1,0,0,10.6069840506799,0.0030555555555555557,1680.5,0,2,0.11
1681.0,11,1,1,0,0,1,1,0,0,10.60967440897581,0.0030555555555555557,1681.0,0,2,0.11
1681.5,11,1,1,0,0,1,1,0,0,10.610167746112547,0.0030555555555555557,1681.5,0,2,0.11
1682.0,11,1,1,0,0,1,1,0,0,10.615200394154982,0.0030555555555555557,1682.0,0,2,0.11
1682.5,11,1,1,0,0,1,1,0,0,10.648273324465878,0.0030555555555555557,1682.5,0,2,0.11
1683.0,11,1,1,0,0,1,1,0,0,10.602017750896927,0.0030555555555555557,1683.0,0,2,0.11
1683.5,11,1,1,0,0,1,1,0,0,10.624030295497008,0.0030555555555555557,1683.5,0,2,0.11
1684.0,11,1,1,0,0,1,1,0,0,10.715947637076267,0.0030555555555555557,1684.0,0,2,0.11
1684.5,11,1,1,0,0,1,1,0,0,10.649334690437303,0.0030555555555555557,1684.5,0,2,0.11
1685.0,11,1,1,0,0,1,1,0,0,10.72025729573695,0.0030555555555555557,1685.0,0,2,0.11
1685.5,11,1,1,0,0,1,1,0,0,10.566875610074105,0.0030555555555555557,1685.5,0,2,0.11
1686.0,11,1,1,0,0,1,1,0,0,10.627881595322007,0.0030555555555555557,1686.0,0,2,0.11
1686.5,11,1,1,0,0,1,1,0,0,10.61065122892935,0.0030555555555555557,1686.5,0,2,0.11
1687.0,11,1,1,0,0,1,1,0,0,10.674136780387629,0.0030555555555555557,1687.0,0,2,0.11
1687.5,11,1,1,0,0,1,1,0,0,10.764521903224027,0.0030555555555555557,1687.5,0,2,0.11
1688.0,11,1,1,0,0,1,1,0,0,10.640638058848545,0.0030555555555555557,1688.0,0,2,0.11
1688.5,11,1,1,0,0,1,1,0,0,10.60069084464766,0.0030555555555555557,1688.5,0,2,0.11
1689.0,11,1,1,0,0,1,1,0,0,10.598225542458485,0.0030555555555555557,1689.0,0,2,0.11
1689.5,11,1,1,0,0,1,1,0,0,10.592088445574502,0.0030555555555555557,1689.5,0,2,0.11
1690.0,11,1,1,0,0,1,1,0,0,10.601566707681558,0.0030555555555555557,1690.0,0,2,0.11
1690.5,11,1,1,0,0,1,1,0,0,10.673034096059462,0.0030555555555555557,1690.5,0,2,0.11
1691.0,11,1,1,0,0,1,1,0,0,10.602437086693383,0.0030555555555555557,1691.0,0,2,0.11
1691.5,11,1,1,0,0,1,1,0,0,10.75566781838216,0.0030555555555555557,1691.5,0,2,0.11
1692.0,11,1,1,0,0,1,1,0,0,10.562248861966477,0.0030555555555555557,1692.0,0,2,0.11
1692.5,10,1,1,0,0,1,1,0,0,10.59147317455213,0.002777777777777778,1692.5,0,2,0.1
1693.0,10,1,1,0,0,1,1,0,0,10.520452275850737,0.002777777777777778,1693.0,0,2,0.1
1693.5,10,1,1,0,0,1,1,0,0,10.711656182202905,0.002777777777777778,1693.5,0,2,0.1
1694.0,10,1,1,0,0,1,1,0,0,10.615800336488217,0.002777777777777778,1694.0,0,2,0.1
1694.5,14,1,1,0,0,1,1,0,0,11.520977556746256,0.0038888888888888888,1694.5,0,2,0.14
1695.0,14,1,1,0,0,1,1,0,0,11.405234049985756,0.0038888888888888888,1695.0,0,2,0.14
1695.5,14,1,1,0,0,1,1,0,0,11.470539135171604,0.0038888888888888888,1695.5,0,2,0.14
1696.0,14,1,1,0,0,1,1,0,0,11.34295491746913,0.0038888888888888888,1696.0,0,2,0.14
1696.5,14,1,1,0,0,1,1,0,0,11.285649039323612,0.0038888888888888888,1696.5,0,2,0.14
1697.0,14,1,1,0,0,1,1,0,0,11.322590259052685,0.0038888888888888888,1697.0,0,2,0.14
1697.5,14,1,1,0,0,1,1,0,0,11.314532071689646,0.0038888888888888888,1697.5,0,2,0.14
1698.0,14,1,1,0,0,1,1,0,0,11.459910477475864,0.0038888888888888888,1698.0,0,2,0.14
1698.5,14,1,1,0,0,1,1,0,0,11.362014799169987,0.0038888888888888888,1698.5,0,2,0.14
1699.0,14,1,1,0,0,1,1,0,0,11.089407202340222,0.0038888888888888888,1699.0,0,2,0.14
1699.5,14,1,1,0,0,1,1,0,0,10.996175965655853,0.0038888888888888888,1699.5,0,2,0.14
1700.0,14,1,1,0,0,1,1,0,0,10.931832204133416,0.0038888888888888888,1700.0,0,2,0.14
1700.5,14,1,1,0,0,1,1,0,0,10.813705193327127,0.0038888888888888888,1700.5,0,2,0.14
1701.0,14,1,1,0,0,1,1,0,0,10.654204672449156,0.0038888888888888888,1701.0,0,2,0.14
1701.5,14,1,1,0,0,1,1,0,0,10.42062064841141,0.0038888888888888888,1701.5,0,2,0.14
1702.0,14,1,2,0,0,1,2,0,0,10.40332371061737,0.0038888888888888888,1702.0,0,2,0.14
1702.5,14,1,2,0,0,1,2,0,0,10.482149468488315,0.0038888888888888888,1702.5,0,2,0.14
1703.0,14,1,2,0,0,1,2,0,0,10.45833796680857,0.0038888888888888888,1703.0,0,2,0.14
1703.5,14,1,2,0,0,1,2,0,0,10.46364035674362,0.0038888888888888888,1703.5,0,2,0.14
1704.0,14,1,2,0,0,1,2,0,0,10.41894461984567,0.0038888888888888888,1704.0,0,2,0.14
1704.5,14,1,2,0,0,1,2,0,0,10.391999722760472,0.0038888888888888888,1704.5,0,2,0.14
1705.0,14,1,2,0,0,1,2,0,0,10.429009738708553,0.0038888888888888888,1705.0,0,2,0.14
1705.5,12,1,2,0,0,1,2,0,0,9.945085251837392,0.0033333333333333335,1705.5,0,2,0.12
1706.0,12,1,2,0,0,1,2,0,0,9.824932936350573,0.0033333333333333335,1706.0,0,2,0.12
1706.5,12,1,2,0,0,1,2,0,0,9.62489388287436,0.0033333333333333335,1706.5,0,2,0.12
1707.0,12,1,2,0,0,1,2,0,0,9.463636117424791,0.0033333333333333335,1707.0,0,3,0.12
1707.5,11,1,2,0,0,1,2,0,0,8.86424539148716,0.0030555555555555557,1707.5,0,3,0.11
1708.0,11,1,2,0,0,1,2,0,0,8.762015865160627,0.0030555555555555557,1708.0,0,3,0.11
1708.5,11,2,2,0,0,2,2,0,0,8.618437643985775,0.0030555555555555557,1708.5,0,3,0.11
1709.0,11,2,2,0,0,2,2,0,0,8.59902280963356,0.0030555555555555557,1709.0,0,3,0.11
1709.5,11,2,2,0,0,2,2,0,0,8.52146263593655,0.0030555555555555557,1709.5,0,3,0.11
1710.0,10,0,0,0,0,0,0,0,0,8.505113352417402,0.002777777777777778,1710.0,0,0,0.1
1710.5,10,0,0,0,0,0,0,0,0,8.870163808904278,0.002777777777777778,1710.5,0,0,0.1
1711.0,10,0,0,0,0,0,0,0,0,9.272092824409873,0.002777777777777778,1711.0,0,0,0.1
1711.5,10,0,0,0,0,0,0,0,0,9.721677203855169,0.002777777777777778,1711.5,0,0,0.1
1712.0,10,0,0,0,0,0,0,0,0,9.986434777923083,0.002777777777777778,1712.0,0,0,0.1
1712.5,10,0,0,0,0,0,0,0,0,10.542931130786119,0.002777777777777778,1712.5,0,0,0.1
1713.0,10,0,0,0,0,0,0,0,0,10.883400886486442,0.002777777777777778,1713.0,0,0,0.1
1713.5,10,0,0,0,0,0,0,0,0,11.242345910446408,0.002777777777777778,1713.5,0,0,0.1
1714.0,10,0,0,0,0,0,0,0,0,11.597843468211748,0.002777777777777778,1714.0,0,0,0.1
1714.5,10,0,0,0,0,0,0,0,0,12.037453310422524,0.002777777777777778,1714.5,0,0,0.1
1715.0,10,0,0,0,0,0,0,0,0,12.421871662137956,0.002777777777777778,1715.0,0,0,0.1
1715.5,10,0,0,0,0,0,0,0,0,12.879067714276127,0.002777777777777778,1715.5,0,0,0.1
1716.0,10,0,0,0,0,0,0,0,0,13.058184809679764,0.002777777777777778,1716.0,0,0,0.1
1716.5,10,0,0,0,0,0,0,0,0,13.118220567558888,0.002777777777777778,1716.5,0,0,0.1
1717.0,10,0,0,0,0,0,0,0,0,13.275836716098706,0.002777777777777778,1717.0,0,0,0.1
1717.5,10,0,0,0,0,0,0,0,0,13.096369561672905,0.002777777777777778,1717.5,0,0,0.1
1718.0,10,0,0,0,0,0,0,0,0,13.130794192397726,0.002777777777777778,1718.0,0,0,0.1
1718.5,10,0,0,0,0,0,0,0,0,13.254076396239682,0.002777777777777778,1718.5,0,0,0.1
1719.0,10,0,0,0,0,0,0,0,0,13.18383572702179,0.002777777777777778,1719.0,0,0,0.1
1719.5,10,0,0,0,0,0,0,0,0,13.208965812119416,0.002777777777777778,1719.5,0,0,0.1
1720.0,10,0,0,0,0,0,0,0,0,13.136012658006504,0.002777777777777778,1720.0,0,0,0.1
1720.5,10,0,0,0,0,0,0,0,0,13.224176731142208,0.002777777777777778,1720.5,0,0,0.1
1721.0,10,0,0,0,0,0,0,0,0,13.14520030418294,0.002777777777777778,1721.0,0,0,0.1
1721.5,10,0,0,0,0,0,0,0,0,13.13073468572343,0.002777777777777778,1721.5,0,0,0.1
1722.0,10,0,0,0,0,0,0,0,0,13.101861648809859,0.002777777777777778,1722.0,0,0,0.1
1722.5,10,0,0,0,0,0,0,0,0,13.096749935640247,0.002777777777777778,1722.5,0,0,0.1
1723.0,10,0,0,0,0,0,0,0,0,13.025084121444953,0.002777777777777778,1723.0,0,0,0.1
1723.5,10,0,0,0,0,0,0,0,0,13.277603643288595,0.002777777777777778,1723.5,0,0,0.1
1724.0,10,0,0,0,0,0,0,0,0,13.153815041263579,0.002777777777777778,1724.0,0,0,0.1
1724.5,14,0,0,0,0,0,0,0,0,13.32794030537237,0.0038888888888888888,1724.5,0,0,0.14
1725.0,14,0,0,0,0,0,0,0,0,13.234849059292452,0.0038888888888888888,1725.0,0,0,0.14
1725.5,14,0,0,0,0,0,0,0,0,13.22928330995166,0.0038888888888888888,1725.5,0,0,0.14
1726.0,14,0,0,0,0,0,0,0,0,13.252772863757299,0.0038888888888888888,1726.0,0,0,0.14
1726.5,14,0,0,0,0,0,0,0,0,13.298784628089786,0.0038888888888888888,1726.5,0,0,0.14
1727.0,14,0,0,0,0,0,0,0,0,13.253029729530748,0.0038888888888888888,1727.0,0,0,0.14
1727.5,14,0,0,0,0,0,0,0,0,13.21811328199699,0.0038888888888888888,1727.5,0,0,0.14
1728.0,14,0,0,0,0,0,0,0,0,13.277610474491528,0.0038888888888888888,1728.0,0,0,0.14
1728.5,14,0,0,0,0,0,0,0,0,13.328373885136502,0.0038888888888888888,1728.5,0,0,0.14
1729.0,14,0,0,0,0,0,0,0,0,13.123039969156553,0.0038888888888888888,1729.0,0,0,0.14
1729.5,14,0,0,0,0,0,0,0,0,12.982963226627415,0.0038888888888888888,1729.5,0,0,0.14
1730.0,14,0,0,0,0,0,0,0,0,12.856099889988638,0.0038888888888888888,1730.0,0,0,0.14
1730.5,14,0,0,0,0,0,0,0,0,12.539580972049103,0.0038888888888888888,1730.5,0,0,0.14
1731.0,14,0,0,0,0,0,0,0,0,12.292235602944782,0.0038888888888888888,1731.0,0,0,0.14
1731.5,14,0,0,0,0,0,0,0,0,11.87884188803477,0.0038888888888888888,1731.5,0,0,0.14
1732.0,14,0,0,0,0,0,0,0,0,11.684461235890947,0.0038888888888888888,1732.0,0,0,0.14
1732.5,14,0,0,0,1,0,0,0,1,11.481907767362376,0.0038888888888888888,1732.5,0,0,0.14
1733.0,14,0,0,0,1,0,0,0,1,11.320945274322026,0.0038888888888888888,1733.0,0,0,0.14
1733.5,14,0,0,1,1,0,0,1,1,11.41656235162725,0.0038888888888888888,1733.5,0,0,0.14
1734.0,14,0,0,1,1,0,0,1,1,11.390594117808572,0.0038888888888888888,1734.0,0,0,0.14
1734.5,14,0,0,1,1,0,0,1,1,11.321366868061306,0.0038888888888888888,1734.5,0,0,0.14
1735.0,14,0,0,1,1,0,0,1,1,11.268094387407496,0.0038888888888888888,1735.0,0,0,0.14
1735.5,14,0,0,1,1,0,0,1,1,11.350131708920047,0.0038888888888888888,1735.5,0,0,0.14
1736.0,14,0,0,1,1,0,0,1,1,11.364522356632415,0.0038888888888888888,1736.0,0,0,0.14
1736.5,14,0,0,1,1,0,0,1,1,11.315043487627806,0.0038888888888888888,1736.5,0,0,0.14
1737.0,14,0,0,1,1,0,0,1,1,11.37864352203255,0.0038888888888888888,1737.0,0,0,0.14
1737.5,13,0,0,1,1,0,0,1,1,11.241376722581986,0.003611111111111111,1737.5,0,0,0.13
1738.0,12,0,0,1,1,0,0,1,1,11.08722374401538,0.0033333333333333335,1738.0,0,0,0.12
1738.5,12,0,0,1,1,0,0,1,1,11.020306989849756,0.0033333333333333335,1738.5,0,0,0.12
1739.0,12,0,0,1,1,0,0,1,1,10.979119930279921,0.0033333333333333335,1739.0,0,0,0.12
1739.5,12,0,0,1,1,0,0,1,1,11.043125047343954,0.0033333333333333335,1739.5,0,0,0.12
1740.0,12,0,0,1,1,0,0,1,1,11.10710939574092,0.0033333333333333335,1740.0,0,0,0.12
1740.5,12,0,0,1,1,0,0,1,1,11.086913563419147,0.0033333333333333335,1740.5,0,0,0.12
1741.0,12,0,0,1,1,0,0,1,1,11.124762259353277,0.0033333333333333335,1741.0,0,0,0.12
1741.5,12,0,0,1,1,0,0,1,1,11.05282703849698,0.0033333333333333335,1741.5,0,0,0.12
1742.0,12,0,0,1,1,0,0,1,1,10.979118040019118,0.0033333333333333335,1742.0,0,0,0.12
1742.5,12,0,0,1,1,0,0,1,1,11.067292443529368,0.0033333333333333335,1742.5,0,0,0.12
1743.0,12,0,0,1,1,0,0,1,1,11.025507950525087,0.0033333333333333335,1743.0,0,0,0.12
1743.5,12,0,0,1,1,0,0,1,1,11.07022609863428,0.0033333333333333335,1743.5,0,0,0.12
1744.0,12,0,0,1,1,0,0,1,1,10.990791099282191,0.0033333333333333335,1744.0,0,0,0.12
1744.5,12,0,0,1,1,0,0,1,1,11.001256815024318,0.0033333333333333335,1744.5,0,0,0.12
1745.0,12,0,0,1,1,0,0,1,1,10.963493898972109,0.0033333333333333335,1745.0,0,0,0.12
1745.5,12,0,0,1,1,0,0,1,1,11.007523196983554,0.0033333333333333335,1745.5,0,0,0.12
1746.0,12,0,0,1,1,0,0,1,1,10.902831822943577,0.0033333333333333335,1746.0,0,0,0.12
1746.5,12,0,0,1,1,0,0,1,1,11.029281799555733,0.0033333333333333335,1746.5,0,0,0.12
1747.0,12,0,0,1,1,0,0,1,1,11.017380036807905,0.0033333333333333335,1747.0,0,0,0.12
1747.5,12,0,0,1,1,0,0,1,1,11.0607812431208,0.0033333333333333335,1747.5,0,0,0.12
1748.0,12,0,0,1,1,0,0,1,1,11.030875387708633,0.0033333333333333335,1748.0,0,0,0.12
1748.5,12,0,0,1,1,0,0,1,1,10.912547008314263,0.0033333333333333335,1748.5,0,0,0.12
1749.0,12,0,0,1,1,0,0,1,1,10.927512943730472,0.0033333333333333335,1749.0,0,0,0.12
1749.5,12,0,0,1,1,0,0,1,1,10.966016162173643,0.0033333333333333335,1749.5,0,0,0.12
1750.0,12,0,0,1,1,0,0,1,1,10.998821436183427,0.0033333333333333335,1750.0,0,0,0.12
1750.5,10,0,0,1,1,0,0,1,1,10.472507986508747,0.002777777777777778,1750.5,0,0,0.1
1751.0,10,0,0,1,1,0,0,1,1,10.445396180380806,0.002777777777777778,1751.0,0,0,0.1
1751.5,10,0,0,1,1,0,0,1,1,10.56839989701027,0.002777777777777778,1751.5,0,0,0.1
1752.0,10,0,0,1,1,0,0,1,1,10.420767936394288,0.002777777777777778,1752.0,0,1,0.1
1752.5,10,0,0,1,1,0,0,1,1,10.557952285129316,0.002777777777777778,1752.5,0,1,0.1
1753.0,10,0,0,1,1,0,0,1,1,10.43595069677892,0.002777777777777778,1753.0,0,1,0.1
1753.5,10,0,0,1,1,0,0,1,1,10.597642912382463,0.002777777777777778,1753.5,0,1,0.1
1754.0,9,0,0,1,1,0,0,1,1,10.294000131402887,0.0025,1754.0,0,1,0.09
1754.5,9,0,0,1,1,0,0,1,1,10.20121641306015,0.0025,1754.5,0,1,0.09
1755.0,13,0,0,0,0,0,0,0,0,10.923684217104286,0.003611111111111111,1755.0,0,2,0.13
1755.5,13,0,0,0,0,0,0,0,0,11.051187685380333,0.003611111111111111,1755.5,0,2,0.13
1756.0,13,0,0,0,0,0,0,0,0,11.264553936004281,0.003611111111111111,1756.0,0,2,0.13
1756.5,13,0,0,0,0,0,0,0,0,11.497159747212766,0.003611111111111111,1756.5,0,2,0.13
1757.0,13,0,0,0,0,0,0,0,0,11.725348332493208,0.003611111111111111,1757.0,0,2,0.13
1757.5,13,0,0,0,0,0,0,0,0,11.946212280650265,0.003611111111111111,1757.5,0,2,0.13
1758.0,12,0,0,0,0,0,0,0,0,12.268623220498414,0.0033333333333333335,1758.0,0,2,0.12
1758.5,12,0,0,0,0,0,0,0,0,12.34676208991553,0.0033333333333333335,1758.5,0,2,0.12
1759.0,12,0,0,0,0,0,0,0,0,12.446013296442883,0.0033333333333333335,1759.0,0,2,0.12
1759.5,12,0,0,0,0,0,0,0,0,12.269478078408673,0.0033333333333333335,1759.5,0,2,0.12
1760.0,12,0,0,0,0,0,0,0,0,12.126591650153086,0.0033333333333333335,1760.0,0,2,0.12
1760.5,12,0,0,0,0,0,0,0,0,11.868138986651324,0.0033333333333333335,1760.5,0,2,0.12
1761.0,12,0,0,0,0,0,0,0,0,11.720966927845792,0.0033333333333333335,1761.0,0,2,0.12
1761.5,12,0,0,0,0,0,0,0,0,11.360330588166129,0.0033333333333333335,1761.5,0,2,0.12
1762.0,12,0,0,0,0,0,0,0,0,11.110035007885878,0.0033333333333333335,1762.0,0,2,0.12
1762.5,12,1,1,0,0,1,1,0,0,11.097984929540592,0.0033333333333333335,1762.5,0,2,0.12
1763.0,12,1,1,0,0,1,1,0,0,11.096885907957878,0.0033333333333333335,1763.0,0,2,0.12
1763.5,12,1,1,0,0,1,1,0,0,11.110870281182516,0.0033333333333333335,1763.5,0,2,0.12
1764.0,12,1,1,0,0,1,1,0,0,11.168548235366321,0.0033333333333333335,1764.0,0,2,0.12
1764.5,12,1,1,0,0,1,1,0,0,11.10256403857269,0.0033333333333333335,1764.5,0,2,0.12
1765.0,12,1,1,0,0,1,1,0,0,11.072468629118225,0.0033333333333333335,1765.0,0,2,0.12
1765.5,12,1,1,0,0,1,1,0,0,11.016212108938577,0.0033333333333333335,1765.5,0,2,0.12
1766.0,12,1,1,0,0,1,1,0,0,11.152968333714616,0.0033333333333333335,1766.0,0,2,0.12
1766.5,12,1,1,0,0,1,1,0,0,11.088129992949632,0.0033333333333333335,1766.5,0,2,0.12
1767.0,12,1,1,0,0,1,1,0,0,11.075691686668328,0.0033333333333333335,1767.0,0,2,0.12
1767.5,12,1,1,0,0,1,1,0,0,11.068259607184343,0.0033333333333333335,1767.5,0,2,0.12
1768.0,10,1,1,0,0,1,1,0,0,10.50662709965498,0.002777777777777778,1768.0,0,2,0.1
1768.5,10,1,1,0,0,1,1,0,0,10.59133071073458,0.002777777777777778,1768.5,0,2,0.1
1769.0,10,1,1,0,0,1,1,0,0,10.552607170197989,0.002777777777777778,1769.0,0,2,0.1
1769.5,10,1,1,0,0,1,1,0,0,10.622893576367167,0.002777777777777778,1769.5,0,2,0.1
1770.0,10,1,1,0,0,1,1,0,0,10.584245114716577,0.002777777777777778,1770.0,0,2,0.1
1770.5,10,1,1,0,0,1,1,0,0,10.594011661929652,0.002777777777777778,1770.5,0,2,0.1
1771.0,10,1,1,0,0,1,1,0,0,10.550594643019247,0.002777777777777778,1771.0,0,2,0.1
1771.5,10,1,1,0,0,1,1,0,0,10.541350767192304,0.002777777777777778,1771.5,0,2,0.1
1772.0,10,1,1,0,0,1,1,0,0,10.60814282587391,0.002777777777777778,1772.0,0,2,0.1
1772.5,10,1,1,0,0,1,1,0,0,10.6544264541614,0.002777777777777778,1772.5,0,2,0.1
1773.0,10,1,1,0,0,1,1,0,0,10.598446013567843,0.002777777777777778,1773.0,0,2,0.1
1773.5,10,1,1,0,0,1,1,0,0,10.558611061803639,0.002777777777777778,1773.5,0,2,0.1
1774.0,10,1,1,0,0,1,1,0,0,10.574386980988892,0.002777777777777778,1774.0,0,2,0.1
1774.5,10,1,1,0,0,1,1,0,0,10.62368508914962,0.002777777777777778,1774.5,0,2,0.1
1775.0,10,1,1,0,0,1,1,0,0,10.500128758833851,0.002777777777777778,1775.0,0,2,0.1
1775.5,10,1,1,0,0,1,1,0,0,10.747536061835817,0.002777777777777778,1775.5,0,2,0.1
1776.0,10,1,1,0,0,1,1,0,0,10.562872787821215,0.002777777777777778,1776.0,0,2,0.1
1776.5,10,1,1,0,0,1,1,0,0,10.52102881944982,0.002777777777777778,1776.5,0,2,0.1
1777.0,10,1,1,0,0,1,1,0,0,10.50037299677857,0.002777777777777778,1777.0,0,2,0.1
1777.5,10,1,1,0,0,1,1,0,0,10.51985543777944,0.002777777777777778,1777.5,0,2,0.1
1778.0,10,1,1,0,0,1,1,0,0,10.60859622760221,0.002777777777777778,1778.0,0,2,0.1
1778.5,10,1,1,0,0,1,1,0,0,10.479486860222057,0.002777777777777778,1778.5,0,2,0.1
1779.0,10,1,1,0,0,1,1,0,0,10.57265325287368,0.002777777777777778,1779.0,0,2,0.1
1779.5,10,1,1,0,0,1,1,0,0,10.611381028446011,0.002777777777777778,1779.5,0,2,0.1
1780.0,10,1,1,0,0,1,1,0,0,10.497807875451507,0.002777777777777778,1780.0,0,2,0.1
1780.5,10,1,1,0,0,1,1,0,0,10.633284719420006,0.002777777777777778,1780.5,0,2,0.1
1781.0,10,1,1,0,0,1,1,0,0,10.521965911139377,0.002777777777777778,1781.0,0,2,0.1
1781.5,10,1,1,0,0,1,1,0,0,10.60290557540964,0.002777777777777778,1781.5,0,2,0.1
1782.0,10,1,1,0,0,1,1,0,0,10.65047676040918,0.002777777777777778,1782.0,0,2,0.1
1782.5,10,1,1,0,0,1,1,0,0,10.613645970374453,0.002777777777777778,1782.5,0,2,0.1
1783.0,10,1,1,0,0,1,1,0,0,10.704589504370341,0.002777777777777778,1783.0,0,2,0.1
1783.5,10,1,1,0,0,1,1,0,0,10.602718172111889,0.002777777777777778,1783.5,0,2,0.1
1784.0,10,1,1,0,0,1,1,0,0,10.629793397247665,0.002777777777777778,1784.0,0,2,0.1
1784.5,10,1,1,0,0,1,1,0,0,10.567755252387247,0.002777777777777778,1784.5,0,2,0.1
1785.0,14,1,1,0,0,1,1,0,0,11.436619972936155,0.0038888888888888888,1785.0,0,2,0.14
1785.5,14,1,1,0,0,1,1,0,0,11.266655485792295,0.0038888888888888888,1785.5,0,2,0.14
1786.0,14,1,1,0,0,1,1,0,0,11.302526117436798,0.0038888888888888888,1786.0,0,2,0.14
1786.5,14,1,1,0,0,1,1,0,0,11.32137056493544,0.0038888888888888888,1786.5,0,2,0.14
1787.0,14,1,1,0,0,1,1,0,0,11.23171874956422,0.0038888888888888888,1787.0,0,2,0.14
1787.5,14,1,1,0,0,1,1,0,0,11.35289319617402,0.0038888888888888888,1787.5,0,2,0.14
1788.0,14,1,1,0,0,1,1,0,0,11.3078246125565,0.0038888888888888888,1788.0,0,2,0.14
1788.5,14,1,1,0,0,1,1,0,0,11.31722706736143,0.0038888888888888888,1788.5,0,2,0.14
1789.0,14,1,1,0,0,1,1,0,0,11.236576168232075,0.0038888888888888888,1789.0,0,2,0.14
1789.5,14,1,1,0,0,1,1,0,0,11.36930753005563,0.0038888888888888888,1789.5,0,2,0.14
1790.0,14,1,1,0,0,1,1,0,0,11.240245770395745,0.0038888888888888888,1790.0,0,2,0.14
1790.5,14,1,1,0,0,1,1,0,0,11.280158360733628,0.0038888888888888888,1790.5,0,2,0.14
1791.0,14,1,1,0,0,1,1,0,0,11.329380282802003,0.0038888888888888888,1791.0,0,2,0.14
1791.5,14,1,1,0,0,1,1,0,0,11.107490799003543,0.0038888888888888888,1791.5,0,2,0.14
1792.0,14,1,1,0,0,1,1,0,0,10.974265526495165,0.0038888888888888888,1792.0,0,2,0.14
1792.5,14,1,1,0,0,1,1,0,0,10.90131359115768,0.0038888888888888888,1792.5,0,2,0.14
1793.0,14,1,1,0,0,1,1,0,0,10.69123063421811,0.0038888888888888888,1793.0,0,2,0.14
1793.5,14,1,1,0,0,1,1,0,0,10.312619935453101,0.0038888888888888888,1793.5,0,2,0.14
1794.0,14,1,1,0,0,1,1,0,0,10.143800641816373,0.0038888888888888888,1794.0,0,2,0.14
1794.5,14,1,2,0,0,1,2,0,0,9.911666308955239,0.0038888888888888888,1794.5,0,2,0.14
1795.0,14,1,2,0,0,1,2,0,0,9.765647774718655,0.0038888888888888888,1795.0,0,2,0.14
1795.5,13,1,2,0,0,1,2,0,0,9.265202588302058,0.003611111111111111,1795.5,0,2,0.13
1796.0,13,2,2,0,0,2,2,0,0,9.230483243125539,0.003611111111111111,1796.0,0,2,0.13
1796.5,12,2,2,0,0,2,2,0,0,8.849809921054149,0.0033333333333333335,1796.5,0,2,0.12
1797.0,12,2,2,0,0,2,2,0,0,8.899128314493497,0.0033333333333333335,1797.0,0,3,0.12
1797.5,12,2,2,0,0,2,2,0,0,8.875140150601688,0.0033333333333333335,1797.5,0,3,0.12
1798.0,11,2,2,0,0,2,2,0,0,8.435553843896734,0.0030555555555555557,1798.0,0,3,0.11
1798.5,10,2,2,0,0,2,2,0,0,7.941712268449708,0.002777777777777778,1798.5,0,3,0.1
1799.0,10,2,2,0,0,2,2,0,0,7.8433945914773435,0.002777777777777778,1799.0,0,3,0.1
1799.5,10,2,2,0,0,2,2,0,0,7.9032940108418614,0.002777777777777778,1799.5,0,3,0.1
1800.0,14,0,0,0,0,0,0,0,0,8.232702920438475,0.0038888888888888888,1800.0,0,0,0.14
1800.5,14,0,0,0,0,0,0,0,0,8.472152776231011,0.0038888888888888888,1800.5,0,0,0.14
1801.0,14,0,0,0,0,0,0,0,0,8.836957229667863,0.0038888888888888888,1801.0,0,0,0.14
1801.5,14,0,0,0,0,0,0,0,0,9.165563615722338,0.0038888888888888888,1801.5,0,0,0.14
1802.0,14,0,0,0,0,0,0,0,0,9.570725560647125,0.0038888888888888888,1802.0,0,0,0.14
1802.5,14,0,0,0,0,0,0,0,0,9.785449025625951,0.0038888888888888888,1802.5,0,0,0.14
1803.0,14,0,0,0,0,0,0,0,0,10.086423232343833,0.0038888888888888888,1803.0,0,0,0.14
1803.5,14,0,0,0,0,0,0,0,0,10.46463993138649,0.0038888888888888888,1803.5,0,0,0.14
1804.0,14,0,0,0,0,0,0,0,0,10.749219566055471,0.0038888888888888888,1804.0,0,0,0.14
1804.5,14,0,0,0,0,0,0,0,0,11.034233792104422,0.0038888888888888888,1804.5,0,0,0.14
1805.0,14,0,0,0,0,0,0,0,0,11.394635013119911,0.0038888888888888888,1805.0,0,0,0.14
1805.5,14,0,0,0,0,0,0,0,0,11.669653549529142,0.0038888888888888888,1805.5,0,0,0.14
1806.0,14,0,0,0,0,0,0,0,0,11.962710624524775,0.0038888888888888888,1806.0,0,0,0.14
1806.5,14,0,0,0,0,0,0,0,0,12.13273056691915,0.0038888888888888888,1806.5,0,0,0.14
1807.0,14,0,0,0,0,0,0,0,0,12.16034588556214,0.0038888888888888888,1807.0,0,0,0.14
1807.5,14,0,0,0,0,0,0,0,0,12.242726628747464,0.0038888888888888888,1807.5,0,0,0.14
1808.0,14,0,0,0,0,0,0,0,0,12.346064676684355,0.0038888888888888888,1808.0,0,0,0.14
1808.5,14,0,0,0,0,0,0,0,0,12.412728172368398,0.0038888888888888888,1808.5,0,0,0.14
1809.0,14,0,0,0,0,0,0,0,0,12.428520432945172,0.0038888888888888888,1809.0,0,0,0.14
1809.5,14,0,0,0,0,0,0,0,0,12.39872152120959,0.0038888888888888888,1809.5,0,0,0.14
1810.0,14,0,0,0,0,0,0,0,0,12.360999601986952,0.0038888888888888888,1810.0,0,0,0.14
1810.5,14,0,0,0,0,0,0,0,0,12.440568904022248,0.0038888888888888888,1810.5,0,0,0.14
1811.0,14,0,0,0,0,0,0,0,0,12.515161985119699,0.0038888888888888888,1811.0,0,0,0.14
1811.5,14,0,0,0,0,0,0,0,0,12.549723670066895,0.0038888888888888888,1811.5,0,0,0.14
1812.0,14,0,0,0,0,0,0,0,0,12.605051281841614,0.0038888888888888888,1812.0,0,0,0.14
1812.5,14,0,0,0,0,0,0,0,0,12.513092398609015,0.0038888888888888888,1812.5,0,0,0.14
1813.0,14,0,0,0,0,0,0,0,0,12.536154177437782,0.0038888888888888888,1813.0,0,0,0.14
1813.5,14,0,0,0,0,0,0,0,0,12.614555967350968,0.0038888888888888888,1813.5,0,0,0.14
1814.0,14,0,0,0,0,0,0,0,0,12.557725578936127,0.0038888888888888888,1814.0,0,0,0.14
1814.5,14,0,0,0,0,0,0,0,0,12.554867455676376,0.0038888888888888888,1814.5,0,0,0.14
1815.0,14,0,0,0,0,0,0,0,0,12.450361088911583,0.0038888888888888888,1815.0,0,0,0.14
1815.5,18,0,0,0,0,0,0,0,0,12.780924398640586,0.005,1815.5,0,0,0.18
1816.0,18,0,0,0,0,0,0,0,0,12.800909944093709,0.005,1816.0,0,0,0.18
1816.5,18,0,0,0,0,0,0,0,0,12.669061854573874,0.005,1816.5,0,0,0.18
1817.0,18,0,0,0,0,0,0,0,0,12.704013191782819,0.005,1817.0,0,0,0.18
1817.5,18,0,0,0,0,0,0,0,0,12.658744297453103,0.005,1817.5,0,0,0.18
1818.0,18,0,0,0,0,0,0,0,0,12.698503764889203,0.005,1818.0,0,0,0.18
1818.5,18,0,0,0,0,0,0,0,0,12.672121739724808,0.005,1818.5,0,0,0.18
1819.0,18,0,0,0,0,0,0,0,0,12.63191633553653,0.005,1819.0,0,0,0.18
1819.5,18,0,0,0,0,0,0,0,0,12.641464700958595,0.005,1819.5,0,0,0.18
1820.0,18,0,0,0,0,0,0,0,0,12.497325655756553,0.005,1820.0,0,0,0.18
1820.5,18,0,0,0,0,0,0,0,0,12.455849371719856,0.005,1820.5,0,0,0.18
1821.0,18,0,0,0,0,0,0,0,0,12.317781453716785,0.005,1821.0,0,0,0.18
1821.5,18,0,0,0,0,0,0,0,0,12.204200980988885,0.005,1821.5,0,0,0.18
1822.0,18,0,0,0,0,0,0,0,0,12.008826233269396,0.005,1822.0,0,0,0.18
1822.5,18,0,0,0,0,0,0,0,0,11.994921662694319,0.005,1822.5,0,0,0.18
1823.0,18,0,0,0,1,0,0,0,1,11.951859598219894,0.005,1823.0,0,0,0.18
1823.5,18,0,0,0,1,0,0,0,1,11.9760032369392,0.005,1823.5,0,0,0.18
1824.0,18,0,0,0,1,0,0,0,1,11.985082826153768,0.005,1824.0,0,0,0.18
1824.5,18,0,0,0,1,0,0,0,1,11.893278330330055,0.005,1824.5,0,0,0.18
1825.0,18,0,0,0,1,0,0,0,1,11.720671468724488,0.005,1825.0,0,0,0.18
1825.5,18,0,0,0,1,0,0,0,1,11.675175464370925,0.005,1825.5,0,0,0.18
1826.0,18,0,0,0,1,0,0,0,1,11.509239004156234,0.005,1826.0,0,0,0.18
1826.5,18,0,0,0,1,0,0,0,1,11.387879447199527,0.005,1826.5,0,0,0.18
1827.0,18,0,0,0,1,0,0,0,1,11.303148392505571,0.005,1827.0,0,0,0.18
1827.5,18,0,0,0,1,0,0,0,1,11.238835769551615,0.005,1827.5,0,0,0.18
1828.0,18,0,0,1,1,0,0,1,1,11.234282272779332,0.005,1828.0,0,0,0.18
1828.5,17,0,0,1,1,0,0,1,1,11.150338321541982,0.004722222222222222,1828.5,0,0,0.17
1829.0,17,0,0,1,1,0,0,1,1,11.159921364449204,0.004722222222222222,1829.0,0,0,0.17
1829.5,17,0,0,1,1,0,0,1,1,11.134820072037115,0.004722222222222222,1829.5,0,0,0.17
1830.0,17,0,0,1,1,0,0,1,1,11.137952807665421,0.004722222222222222,1830.0,0,0,0.17
1830.5,17,0,0,1,1,0,0,1,1,11.132921078154629,0.004722222222222222,1830.5,0,0,0.17
1831.0,17,0,0,1,1,0,0,1,1,11.211687186759514,0.004722222222222222,1831.0,0,0,0.17
1831.5,16,0,0,1,1,0,0,1,1,11.014144917948892,0.0044444444444444444,1831.5,0,0,0.16
1832.0,16,0,0,1,1,0,0,1,1,11.052148417983284,0.0044444444444444444,1832.0,0,0,0.16
1832.5,16,0,0,1,1,0,0,1,1,11.072655977310518,0.0044444444444444444,1832.5,0,0,0.16
1833.0,16,0,0,1,1,0,0,1,1,10.980338925290148,0.0044444444444444444,1833.0,0,0,0.16
1833.5,16,0,0,1,1,0,0,1,1,11.017991743862098,0.0044444444444444444,1833.5,0,0,0.16
1834.0,16,0,0,1,1,0,0,1,1,11.01170970128473,0.0044444444444444444,1834.0,0,0,0.16
1834.5,16,0,0,1,1,0,0,1,1,11.071317606041287,0.0044444444444444444,1834.5,0,0,0.16
1835.0,16,0,0,1,1,0,0,1,1,11.039367750966942,0.0044444444444444444,1835.0,0,0,0.16
1835.5,16,0,0,1,1,0,0,1,1,11.021481196418193,0.0044444444444444444,1835.5,0,0,0.16
1836.0,16,0,0,1,1,0,0,1,1,11.031803456599613,0.0044444444444444444,1836.0,0,0,0.16
1836.5,16,0,0,1,1,0,0,1,1,11.08605866362663,0.0044444444444444444,1836.5,0,0,0.16
1837.0,16,0,0,1,1,0,0,1,1,11.007481800031695,0.0044444444444444444,1837.0,0,0,0.16
1837.5,16,0,0,1,1,0,0,1,1,11.000665298469853,0.0044444444444444444,1837.5,0,0,0.16
1838.0,16,0,0,1,1,0,0,1,1,10.96158307222899,0.0044444444444444444,1838.0,0,0,0.16
1838.5,16,0,0,1,1,0,0,1,1,10.979578609096228,0.0044444444444444444,1838.5,0,0,0.16
1839.0,16,0,0,1,1,0,0,1,1,11.009596143907714,0.0044444444444444444,1839.0,0,0,0.16
1839.5,16,0,0,1,1,0,0,1,1,10.952444955336563,0.0044444444444444444,1839.5,0,0,0.16
1840.0,16,0,0,1,1,0,0,1,1,11.020625028103263,0.0044444444444444444,1840.0,0,0,0.16
1840.5,16,0,0,1,1,0,0,1,1,11.057613581305798,0.0044444444444444444,1840.5,0,0,0.16
1841.0,14,0,0,1,1,0,0,1,1,10.70824194736432,0.0038888888888888888,1841.0,0,0,0.14
1841.5,14,0,0,1,1,0,0,1,1,10.52869704753881,0.0038888888888888888,1841.5,0,0,0.14
1842.0,14,0,0,1,1,0,0,1,1,10.540523018683695,0.0038888888888888888,1842.0,0,1,0.14
1842.5,13,0,0,1,1,0,0,1,1,10.42497127366125,0.003611111111111111,1842.5,0,1,0.13
1843.0,13,0,0,1,1,0,0,1,1,10.04945614315943,0.003611111111111111,1843.0,0,1,0.13
1843.5,13,0,0,1,1,0,0,1,1,9.639860117061737,0.003611111111111111,1843.5,0,1,0.13
1844.0,12,0,0,1,1,0,0,1,1,8.831026096123649,0.0033333333333333335,1844.0,0,1,0.12
1844.5,12,0,0,1,1,0,0,1,1,8.387268075366029,0.0033333333333333335,1844.5,0,1,0.12
1845.0,12,0,0,0,0,0,0,0,0,8.491205650976598,0.0033333333333333335,1845.0,0,2,0.12
1845.5,16,0,0,0,0,0,0,0,0,9.882155115045265,0.0044444444444444444,1845.5,0,2,0.16
1846.0,16,1,0,0,0,1,0,0,0,9.912344835036624,0.0044444444444444444,1846.0,0,2,0.16
1846.5,16,1,0,0,0,1,0,0,0,10.115166700300048,0.0044444444444444444,1846.5,0,2,0.16
1847.0,16,1,0,0,0,1,0,0,0,10.320103158783251,0.0044444444444444444,1847.0,0,2,0.16
1847.5,16,1,0,0,0,1,0,0,0,10.338163353491321,0.0044444444444444444,1847.5,0,2,0.16
1848.0,16,1,0,0,0,1,0,0,0,10.44285033526604,0.0044444444444444444,1848.0,0,2,0.16
1848.5,16,1,0,0,0,1,0,0,0,10.472193151250679,0.0044444444444444444,1848.5,0,2,0.16
1849.0,16,1,0,0,0,1,0,0,0,10.423686771089876,0.0044444444444444444,1849.0,0,2,0.16
1849.5,16,1,0,0,0,1,0,0,0,10.400385822971415,0.0044444444444444444,1849.5,0,2,0.16
1850.0,16,1,0,0,0,1,0,0,0,10.416634323109808,0.0044444444444444444,1850.0,0,2,0.16
1850.5,16,1,1,0,0,1,1,0,0,10.453384756129934,0.0044444444444444444,1850.5,0,2,0.16
1851.0,16,1,1,0,0,1,1,0,0,10.486700190148687,0.0044444444444444444,1851.0,0,2,0.16
1851.5,16,1,1,0,0,1,1,0,0,10.367508472658095,0.0044444444444444444,1851.5,0,2,0.16
1852.0,16,1,1,0,0,1,1,0,0,10.319181629339539,0.0044444444444444444,1852.0,0,2,0.16
1852.5,16,1,1,0,0,1,1,0,0,10.271618458917303,0.0044444444444444444,1852.5,0,2,0.16
1853.0,16,1,1,0,0,1,1,0,0,10.26122922379323,0.0044444444444444444,1853.0,0,2,0.16
1853.5,16,1,1,0,0,1,1,0,0,10.21977757077871,0.0044444444444444444,1853.5,0,2,0.16
1854.0,16,1,1,0,0,1,1,0,0,9.980748097135486,0.0044444444444444444,1854.0,0,2,0.16
1854.5,16,2,1,0,0,2,1,0,0,9.93924962875765,0.0044444444444444444,1854.5,0,2,0.16
1855.0,16,2,1,0,0,2,1,0,0,9.694561053086812,0.0044444444444444444,1855.0,0,2,0.16
1855.5,16,2,1,0,0,2,1,0,0,9.760499922412627,0.0044444444444444444,1855.5,0,2,0.16
1856.0,16,2,2,0,0,2,2,0,0,9.692718021254091,0.0044444444444444444,1856.0,0,2,0.16
1856.5,16,2,2,0,0,2,2,0,0,9.686946307261394,0.0044444444444444444,1856.5,0,2,0.16
1857.0,16,2,2,0,0,2,2,0,0,9.70994977256236,0.0044444444444444444,1857.0,0,2,0.16
1857.5,16,2,2,0,0,2,2,0,0,9.672019402920778,0.0044444444444444444,1857.5,0,2,0.16
1858.0,16,2,2,0,0,2,2,0,0,9.728831795938607,0.0044444444444444444,1858.0,0,2,0.16
1858.5,14,2,2,0,0,2,2,0,0,9.06154156237076,0.0038888888888888888,1858.5,0,2,0.14
1859.0,14,2,2,0,0,2,2,0,0,9.119421377893305,0.0038888888888888888,1859.0,0,2,0.14
1859.5,14,2,2,0,0,2,2,0,0,9.045007001739663,0.0038888888888888888,1859.5,0,2,0.14
1860.0,14,2,2,0,0,2,2,0,0,9.146086107053563,0.0038888888888888888,1860.0,0,2,0.14
1860.5,14,2,2,0,0,2,2,0,0,9.150559292655174,0.0038888888888888888,1860.5,0,2,0.14
1861.0,14,2,2,0,0,2,2,0,0,9.1082884811452,0.0038888888888888888,1861.0,0,2,0.14
1861.5,14,2,2,0,0,2,2,0,0,9.165268870500153,0.0038888888888888888,1861.5,0,2,0.14
1862.0,14,2,2,0,0,2,2,0,0,9.143902181841133,0.0038888888888888888,1862.0,0,2,0.14
1862.5,14,2,2,0,0,2,2,0,0,9.117322013348042,0.0038888888888888888,1862.5,0,2,0.14
1863.0,14,2,2,0,0,2,2,0,0,9.15925788526623,0.0038888888888888888,1863.0,0,2,0.14
1863.5,14,2,2,0,0,2,2,0,0,9.102885834372637,0.0038888888888888888,1863.5,0,2,0.14
1864.0,14,2,2,0,0,2,2,0,0,9.116845899110633,0.0038888888888888888,1864.0,0,2,0.14
1864.5,14,2,2,0,0,2,2,0,0,9.090769279559112,0.0038888888888888888,1864.5,0,2,0.14
1865.0,14,2,2,0,0,2,2,0,0,9.026202584774948,0.0038888888888888888,1865.0,0,2,0.14
1865.5,14,2,2,0,0,2,2,0,0,9.065231959684834,0.0038888888888888888,1865.5,0,2,0.14
1866.0,14,2,2,0,0,2,2,0,0,9.044790058799824,0.0038888888888888888,1866.0,0,2,0.14
1866.5,14,2,2,0,0,2,2,0,0,9.042630528534339,0.0038888888888888888,1866.5,0,2,0.14
1867.0,14,2,2,0,0,2,2,0,0,9.048080172377693,0.0038888888888888888,1867.0,0,2,0.14
1867.5,14,2,2,0,0,2,2,0,0,8.96464687708915,0.0038888888888888888,1867.5,0,2,0.14
1868.0,14,2,2,0,0,2,2,0,0,8.963818518612104,0.0038888888888888888,1868.0,0,2,0.14
1868.5,14,2,2,0,0,2,2,0,0,8.93864234815628,0.0038888888888888888,1868.5,0,2,0.14
1869.0,14,2,2,0,0,2,2,0,0,8.945100139451764,0.0038888888888888888,1869.0,0,2,0.14
1869.5,14,2,2,0,0,2,2,0,0,8.960472717031632,0.0038888888888888888,1869.5,0,2,0.14
1870.0,14,2,2,0,0,2,2,0,0,8.93081119926578,0.0038888888888888888,1870.0,0,2,0.14
1870.5,14,2,2,0,0,2,2,0,0,8.947170310722816,0.0038888888888888888,1870.5,0,2,0.14
1871.0,14,2,2,0,0,2,2,0,0,8.929046421912135,0.0038888888888888888,1871.0,0,2,0.14
1871.5,14,2,2,0,0,2,2,0,0,8.937096462341765,0.0038888888888888888,1871.5,0,2,0.14
1872.0,14,2,2,0,0,2,2,0,0,8.891141906756872,0.0038888888888888888,1872.0,0,2,0.14
1872.5,14,2,2,0,0,2,2,0,0,8.911195760158042,0.0038888888888888888,1872.5,0,2,0.14
1873.0,14,2,2,0,0,2,2,0,0,8.990273289051865,0.0038888888888888888,1873.0,0,2,0.14
1873.5,14,2,2,0,0,2,2,0,0,8.976314535296535,0.0038888888888888888,1873.5,0,2,0.14
1874.0,14,2,2,0,0,2,2,0,0,9.031616712700405,0.0038888888888888888,1874.0,0,2,0.14
1874.5,14,2,2,0,0,2,2,0,0,8.99129721515105,0.0038888888888888888,1874.5,0,2,0.14
1875.0,14,2,2,0,0,2,2,0,0,8.985012449773093,0.0038888888888888888,1875.0,0,2,0.14
1875.5,14,2,2,0,0,2,2,0,0,8.95080438209179,0.0038888888888888888,1875.5,0,2,0.14
1876.0,18,2,2,0,0,2,2,0,0,9.322709783615968,0.005,1876.0,0,2,0.18
1876.5,18,2,2,0,0,2,2,0,0,9.380478995640821,0.005,1876.5,0,2,0.18
1877.0,18,2,2,0,0,2,2,0,0,9.418073905437815,0.005,1877.0,0,2,0.18
1877.5,18,2,2,0,0,2,2,0,0,9.522108379041084,0.005,1877.5,0,2,0.18
1878.0,18,2,2,0,0,2,2,0,0,9.602171267566291,0.005,1878.0,0,2,0.18
1878.5,18,2,2,0,0,2,2,0,0,9.692991264510198,0.005,1878.5,0,2,0.18
1879.0,18,2,2,0,0,2,2,0,0,9.942577303469843,0.005,1879.0,0,2,0.18
1879.5,18,2,2,0,0,2,2,0,0,9.813661031115597,0.005,1879.5,0,2,0.18
1880.0,18,2,2,0,0,2,2,0,0,9.538068762591593,0.005,1880.0,0,2,0.18
1880.5,18,2,2,0,0,2,2,0,0,9.609397219213243,0.005,1880.5,0,2,0.18
1881.0,18,2,2,0,0,2,2,0,0,9.31291607323812,0.005,1881.0,0,2,0.18
1881.5,18,2,2,0,0,2,2,0,0,9.126946211823341,0.005,1881.5,0,2,0.18
1882.0,18,2,2,0,0,2,2,0,0,9.018814613646649,0.005,1882.0,0,2,0.18
1882.5,18,2,2,0,0,2,2,0,0,8.859768485437115,0.005,1882.5,0,2,0.18
1883.0,18,2,2,0,0,2,2,0,0,8.772011683055215,0.005,1883.0,0,2,0.18
1883.5,18,2,2,0,0,2,2,0,0,8.664954817172184,0.005,1883.5,0,2,0.18
1884.0,18,2,2,0,0,2,2,0,0,8.601703314118367,0.005,1884.0,0,2,0.18
1884.5,18,2,2,0,0,2,2,0,0,8.509469250476482,0.005,1884.5,0,2,0.18
1885.0,18,2,3,0,0,2,3,0,0,8.500068523461668,0.005,1885.0,0,2,0.18
1885.5,17,2,3,0,0,2,3,0,0,8.1761364966434,0.004722222222222222,1885.5,0,2,0.17
1886.0,17,2,3,0,0,2,3,0,0,8.245161463883866,0.004722222222222222,1886.0,0,2,0.17
1886.5,17,3,3,0,0,3,3,0,0,8.180086933111895,0.004722222222222222,1886.5,0,2,0.17
1887.0,17,3,3,0,0,3,3,0,0,8.191429179239716,0.004722222222222222,1887.0,0,3,0.17
1887.5,17,3,3,0,0,3,3,0,0,8.229776213757365,0.004722222222222222,1887.5,0,3,0.17
1888.0,17,3,3,0,0,3,3,0,0,8.191447818383427,0.004722222222222222,1888.0,0,3,0.17
1888.5,17,3,3,0,0,3,3,0,0,8.189419521913232,0.004722222222222222,1888.5,0,3,0.17
1889.0,17,3,3,0,0,3,3,0,0,8.163333735264118,0.004722222222222222,1889.0,0,3,0.17
1889.5,17,3,3,0,0,3,3,0,0,8.209308607072957,0.004722222222222222,1889.5,0,3,0.17
1890.0,16,1,1,0,0,1,1,0,0,8.14058328239465,0.0044444444444444444,1890.0,0,0,0.16
1890.5,15,0,0,0,0,0,0,0,0,8.12654857621814,0.004166666666666667,1890.5,0,0,0.15
1891.0,15,0,0,0,0,0,0,0,0,8.34604513124516,0.004166666666666667,1891.0,0,0,0.15
1891.5,15,0,0,0,0,0,0,0,0,8.713796560348099,0.004166666666666667,1891.5,0,0,0.15
1892.0,15,0,0,0,0,0,0,0,0,9.035327669148758,0.004166666666666667,1892.0,0,0,0.15
1892.5,15,0,0,0,0,0,0,0,0,9.375539131792276,0.004166666666666667,1892.5,0,0,0.15
1893.0,15,0,0,0,0,0,0,0,0,9.659160178688902,0.004166666666666667,1893.0,0,0,0.15
1893.5,14,0,0,0,0,0,0,0,0,9.714092417979872,0.0038888888888888888,1893.5,0,0,0.14
1894.0,14,0,0,0,0,0,0,0,0,10.09352969211812,0.0038888888888888888,1894.0,0,0,0.14
1894.5,13,0,0,0,0,0,0,0,0,10.50848905201324,0.003611111111111111,1894.5,0,0,0.13
1895.0,12,0,0,0,0,0,0,0,0,10.845662208131627,0.0033333333333333335,1895.0,0,0,0.12
1895.5,12,0,0,0,0,0,0,0,0,11.254494734537198,0.0033333333333333335,1895.5,0,0,0.12
1896.0,12,0,0,0,0,0,0,0,0,11.714091800940082,0.0033333333333333335,1896.0,0,0,0.12
1896.5,12,0,0,0,0,0,0,0,0,11.922073066892473,0.0033333333333333335,1896.5,0,0,0.12
1897.0,12,0,0,0,0,0,0,0,0,12.062838380713828,0.0033333333333333335,1897.0,0,0,0.12
1897.5,12,0,0,0,0,0,0,0,0,12.125880957890073,0.0033333333333333335,1897.5,0,0,0.12
1898.0,12,0,0,0,0,0,0,0,0,12.280390781660676,0.0033333333333333335,1898.0,0,0,0.12
1898.5,12,0,0,0,0,0,0,0,0,12.440029669437521,0.0033333333333333335,1898.5,0,0,0.12
1899.0,12,0,0,0,0,0,0,0,0,12.510406838200396,0.0033333333333333335,1899.0,0,0,0.12
1899.5,12,0,0,0,0,0,0,0,0,12.551218270040346,0.0033333333333333335,1899.5,0,0,0.12
1900.0,12,0,0,0,0,0,0,0,0,12.742049989440375,0.0033333333333333335,1900.0,0,0,0.12
1900.5,12,0,0,0,0,0,0,0,0,12.82010226281462,0.0033333333333333335,1900.5,0,0,0.12
1901.0,12,0,0,0,0,0,0,0,0,12.82006075512861,0.0033333333333333335,1901.0,0,0,0.12
1901.5,12,0,0,0,0,0,0,0,0,12.845324999265776,0.0033333333333333335,1901.5,0,0,0.12
1902.0,12,0,0,0,0,0,0,0,0,12.854271897717313,0.0033333333333333335,1902.0,0,0,0.12
1902.5,12,0,0,0,0,0,0,0,0,12.758042868669198,0.0033333333333333335,1902.5,0,0,0.12
1903.0,12,0,0,0,0,0,0,0,0,12.784490750286743,0.0033333333333333335,1903.0,0,0,0.12
1903.5,12,0,0,0,0,0,0,0,0,12.835649820844074,0.0033333333333333335,1903.5,0,0,0.12
1904.0,12,0,0,0,0,0,0,0,0,12.84072107038039,0.0033333333333333335,1904.0,0,0,0.12
1904.5,12,0,0,0,0,0,0,0,0,12.812107332282713,0.0033333333333333335,1904.5,0,0,0.12
1905.0,12,0,0,0,0,0,0,0,0,12.878348557170881,0.0033333333333333335,1905.0,0,0,0.12
1905.5,12,0,0,0,0,0,0,0,0,12.765649464901124,0.0033333333333333335,1905.5,0,0,0.12
1906.0,16,0,0,0,0,0,0,0,0,12.709543924273682,0.0044444444444444444,1906.0,0,0,0.16
1906.5,16,0,0,0,0,0,0,0,0,12.68811035989123,0.0044444444444444444,1906.5,0,0,0.16
1907.0,16,0,0,0,0,0,0,0,0,12.623760108309158,0.0044444444444444444,1907.0,0,0,0.16
1907.5,16,0,0,0,0,0,0,0,0,12.656150984148494,0.0044444444444444444,1907.5,0,0,0.16
1908.0,16,0,0,0,0,0,0,0,0,12.624301728029911,0.0044444444444444444,1908.0,0,0,0.16
1908.5,16,0,0,0,0,0,0,0,0,12.6100814631361,0.0044444444444444444,1908.5,0,0,0.16
1909.0,16,0,0,0,0,0,0,0,0,12.730295819028047,0.0044444444444444444,1909.0,0,0,0.16
1909.5,16,0,0,0,0,0,0,0,0,12.616473920673101,0.0044444444444444444,1909.5,0,0,0.16
1910.0,16,0,0,0,0,0,0,0,0,12.637849532409687,0.0044444444444444444,1910.0,0,0,0.16
1910.5,16,0,0,0,0,0,0,0,0,12.53815846678304,0.0044444444444444444,1910.5,0,0,0.16
1911.0,16,0,0,0,0,0,0,0,0,12.220522938744523,0.0044444444444444444,1911.0,0,0,0.16
1911.5,16,0,0,0,0,0,0,0,0,11.940256421229915,0.0044444444444444444,1911.5,0,0,0.16
1912.0,16,0,0,0,0,0,0,0,0,11.644387102603414,0.0044444444444444444,1912.0,0,0,0.16
1912.5,16,0,0,0,0,0,0,0,0,11.439431854863995,0.0044444444444444444,1912.5,0,0,0.16
1913.0,16,0,0,0,0,0,0,0,0,11.180964603703377,0.0044444444444444444,1913.0,0,0,0.16
1913.5,16,0,0,0,1,0,0,0,1,11.00273295386338,0.0044444444444444444,1913.5,0,0,0.16
1914.0,16,0,0,1,1,0,0,1,1,10.86580672361305,0.0044444444444444444,1914.0,0,0,0.16
1914.5,16,0,0,1,1,0,0,1,1,10.906149896260658,0.0044444444444444444,1914.5,0,0,0.16
1915.0,16,0,0,1,1,0,0,1,1,10.925752856587,0.0044444444444444444,1915.0,0,0,0.16
1915.5,16,0,0,1,1,0,0,1,1,10.906788580131485,0.0044444444444444444,1915.5,0,0,0.16
1916.0,16,0,0,1,1,0,0,1,1,10.899845248636353,0.0044444444444444444,1916.0,0,0,0.16
1916.5,16,0,0,1,1,0,0,1,1,10.858268703713343,0.0044444444444444444,1916.5,0,0,0.16
1917.0,16,0,0,1,1,0,0,1,1,10.93405661950988,0.0044444444444444444,1917.0,0,0,0.16
1917.5,16,0,0,1,1,0,0,1,1,10.907913330167736,0.0044444444444444444,1917.5,0,0,0.16
1918.0,16,0,0,1,1,0,0,1,1,10.867066170977573,0.0044444444444444444,1918.0,0,0,0.16
1918.5,16,0,0,1,1,0,0,1,1,10.957870211741334,0.0044444444444444444,1918.5,0,0,0.16
1919.0,15,0,0,1,1,0,0,1,1,10.674350439855301,0.004166666666666667,1919.0,0,0,0.15
1919.5,14,0,0,1,1,0,0,1,1,10.57173458226168,0.0038888888888888888,1919.5,0,0,0.14
1920.0,14,0,0,1,1,0,0,1,1,10.577443056930889,0.0038888888888888888,1920.0,0,0,0.14
1920.5,14,0,0,1,1,0,0,1,1,10.515015220580324,0.0038888888888888888,1920.5,0,0,0.14
1921.0,14,0,0,1,1,0,0,1,1,10.536503870045765,0.0038888888888888888,1921.0,0,0,0.14
1921.5,14,0,0,1,1,0,0,1,1,10.538898565175078,0.0038888888888888888,1921.5,0,0,0.14
1922.0,14,0,0,1,1,0,0,1,1,10.536479967427374,0.0038888888888888888,1922.0,0,0,0.14
1922.5,14,0,0,1,1,0,0,1,1,10.540621557919675,0.0038888888888888888,1922.5,0,0,0.14
1923.0,14,0,0,1,1,0,0,1,1,10.573202500861308,0.0038888888888888888,1923.0,0,0,0.14
1923.5,14,0,0,1,1,0,0,1,1,10.53978199113769,0.0038888888888888888,1923.5,0,0,0.14
1924.0,14,0,0,1,1,0,0,1,1,10.503280603717448,0.0038888888888888888,1924.0,0,0,0.14
1924.5,14,0,0,1,1,0,0,1,1,10.576534812196224,0.0038888888888888888,1924.5,0,0,0.14
1925.0,14,0,0,1,1,0,0,1,1,10.620098574001142,0.0038888888888888888,1925.0,0,0,0.14
1925.5,14,0,0,1,1,0,0,1,1,10.509863550051083,0.0038888888888888888,1925.5,0,0,0.14
1926.0,14,0,0,1,1,0,0,1,1,10.584020843935367,0.0038888888888888888,1926.0,0,0,0.14
1926.5,14,0,0,1,1,0,0,1,1,10.533241407871511,0.0038888888888888888,1926.5,0,0,0.14
1927.0,14,0,0,1,1,0,0,1,1,10.542801172271071,0.0038888888888888888,1927.0,0,0,0.14
1927.5,14,0,0,1,1,0,0,1,1,10.582388302688585,0.0038888888888888888,1927.5,0,0,0.14
1928.0,14,0,0,1,1,0,0,1,1,10.585316976209468,0.0038888888888888888,1928.0,0,0,0.14
1928.5,14,0,0,1,1,0,0,1,1,10.575098009005655,0.0038888888888888888,1928.5,0,0,0.14
1929.0,14,0,0,1,1,0,0,1,1,10.50407243112877,0.0038888888888888888,1929.0,0,0,0.14
1929.5,14,0,0,1,1,0,0,1,1,10.564908912348594,0.0038888888888888888,1929.5,0,0,0.14
1930.0,14,0,0,1,1,0,0,1,1,10.551567086968836,0.0038888888888888888,1930.0,0,0,0.14
1930.5,14,0,0,1,1,0,0,1,1,10.538323817690436,0.0038888888888888888,1930.5,0,0,0.14
1931.0,13,0,0,1,1,0,0,1,1,10.315975421835144,0.003611111111111111,1931.0,0,0,0.13
1931.5,12,0,0,1,1,0,0,1,1,10.042655010956226,0.0033333333333333335,1931.5,0,0,0.12
1932.0,11,0,0,1,1,0,0,1,1,9.71956859180556,0.0030555555555555557,1932.0,0,1,0.11
1932.5,11,0,0,1,1,0,0,1,1,9.76541299814909,0.0030555555555555557,1932.5,0,1,0.11
1933.0,10,0,0,1,1,0,0,1,1,9.422486367360587,0.002777777777777778,1933.0,0,1,0.1
1933.5,10,0,0,1,1,0,0,1,1,9.428077449408491,0.002777777777777778,1933.5,0,1,0.1
1934.0,10,0,0,1,1,0,0,1,1,9.415036150088898,0.002777777777777778,1934.0,0,1,0.1
1934.5,10,0,0,1,1,0,0,1,1,9.524908953722232,0.002777777777777778,1934.5,0,1,0.1
1935.0,10,0,0,0,0,0,0,0,0,9.634327682723422,0.002777777777777778,1935.0,0,2,0.1
1935.5,10,0,0,0,0,0,0,0,0,9.878789979032685,0.002777777777777778,1935.5,0,2,0.1
1936.0,10,0,0,0,0,0,0,0,0,10.022918155795873,0.002777777777777778,1936.0,0,2,0.1
1936.5,14,0,0,0,0,0,0,0,0,11.026425883974301,0.0038888888888888888,1936.5,0,2,0.14
1937.0,14,0,0,0,0,0,0,0,0,11.155493046412762,0.0038888888888888888,1937.0,0,2,0.14
1937.5,14,0,0,0,0,0,0,0,0,11.381771346723381,0.0038888888888888888,1937.5,0,2,0.14
1938.0,14,0,0,0,0,0,0,0,0,11.438084284677258,0.0038888888888888888,1938.0,0,2,0.14
1938.5,14,0,0,0,0,0,0,0,0,11.563392675576953,0.0038888888888888888,1938.5,0,2,0.14
1939.0,14,0,0,0,0,0,0,0,0,11.689853353511099,0.0038888888888888888,1939.0,0,2,0.14
1939.5,14,0,0,0,0,0,0,0,0,11.85080924554371,0.0038888888888888888,1939.5,0,2,0.14
1940.0,14,0,0,0,0,0,0,0,0,12.016606799970035,0.0038888888888888888,1940.0,0,2,0.14
1940.5,14,0,0,0,0,0,0,0,0,12.087545498862584,0.0038888888888888888,1940.5,0,2,0.14
1941.0,14,0,0,0,0,0,0,0,0,12.16874813699272,0.0038888888888888888,1941.0,0,2,0.14
1941.5,14,0,0,0,0,0,0,0,0,12.373502753835,0.0038888888888888888,1941.5,0,2,0.14
1942.0,12,0,0,0,0,0,0,0,0,12.652735482736446,0.0033333333333333335,1942.0,0,2,0.12
1942.5,12,0,0,0,0,0,0,0,0,12.631542478275792,0.0033333333333333335,1942.5,0,2,0.12
1943.0,12,0,0,0,0,0,0,0,0,12.478953500262806,0.0033333333333333335,1943.0,0,2,0.12
1943.5,12,0,0,0,0,0,0,0,0,12.699262140940638,0.0033333333333333335,1943.5,0,2,0.12
1944.0,12,0,0,0,0,0,0,0,0,12.667536096758981,0.0033333333333333335,1944.0,0,2,0.12
1944.5,12,0,0,0,0,0,0,0,0,12.59885723301465,0.0033333333333333335,1944.5,0,2,0.12
1945.0,12,0,0,0,0,0,0,0,0,12.618079380522284,0.0033333333333333335,1945.0,0,2,0.12
1945.5,12,0,0,0,0,0,0,0,0,12.56705976115873,0.0033333333333333335,1945.5,0,2,0.12
1946.0,12,0,0,0,0,0,0,0,0,12.476197958973934,0.0033333333333333335,1946.0,0,2,0.12
1946.5,12,0,0,0,0,0,0,0,0,12.331339594284847,0.0033333333333333335,1946.5,0,2,0.12
1947.0,12,0,0,0,0,0,0,0,0,12.060567951817063,0.0033333333333333335,1947.0,0,2,0.12
1947.5,12,0,0,0,0,0,0,0,0,11.890712708730133,0.0033333333333333335,1947.5,0,2,0.12
1948.0,12,0,0,0,0,0,0,0,0,11.753730225767356,0.0033333333333333335,1948.0,0,2,0.12
1948.5,12,0,0,0,0,0,0,0,0,11.75229127006732,0.0033333333333333335,1948.5,0,2,0.12
1949.0,12,1,0,0,0,1,0,0,0,11.624798439039287,0.0033333333333333335,1949.0,0,2,0.12
1949.5,12,1,0,0,0,1,0,0,0,11.639254092694346,0.0033333333333333335,1949.5,0,2,0.12
1950.0,12,1,0,0,0,1,0,0,0,11.690813646974426,0.0033333333333333335,1950.0,0,2,0.12
1950.5,12,1,0,0,0,1,0,0,0,11.669466228780758,0.0033333333333333335,1950.5,0,2,0.12
1951.0,12,1,0,0,0,1,0,0,0,11.603142840549657,0.0033333333333333335,1951.0,0,2,0.12
1951.5,12,1,0,0,0,1,0,0,0,11.609527519285672,0.0033333333333333335,1951.5,0,2,0.12
1952.0,12,1,0,0,0,1,0,0,0,11.569060170166926,0.0033333333333333335,1952.0,0,2,0.12
1952.5,12,1,0,0,0,1,0,0,0,11.553745108125492,0.0033333333333333335,1952.5,0,2,0.12
1953.0,12,1,0,0,0,1,0,0,0,11.62832890403569,0.0033333333333333335,1953.0,0,2,0.12
1953.5,12,1,0,0,0,1,0,0,0,11.588972306958317,0.0033333333333333335,1953.5,0,2,0.12
1954.0,12,1,0,0,0,1,0,0,0,11.670934817955086,0.0033333333333333335,1954.0,0,2,0.12
1954.5,12,1,0,0,0,1,0,0,0,11.515773597363106,0.0033333333333333335,1954.5,0,2,0.12
1955.0,12,1,0,0,0,1,0,0,0,11.487291773840896,0.0033333333333333335,1955.0,0,2,0.12
1955.5,11,1,0,0,0,1,0,0,0,11.492370404466174,0.0030555555555555557,1955.5,0,2,0.11
1956.0,11,1,0,0,0,1,0,0,0,11.461073817264143,0.0030555555555555557,1956.0,0,2,0.11
1956.5,11,1,0,0,0,1,0,0,0,11.368057916172232,0.0030555555555555557,1956.5,0,2,0.11
1957.0,11,1,0,0,0,1,0,0,0,11.05438656422733,0.0030555555555555557,1957.0,0,2,0.11
1957.5,11,1,0,0,0,1,0,0,0,10.913814273596829,0.0030555555555555557,1957.5,0,2,0.11
1958.0,11,1,0,0,0,1,0,0,0,10.673290008150758,0.0030555555555555557,1958.0,0,2,0.11
1958.5,11,1,0,0,0,1,0,0,0,10.72973956306992,0.0030555555555555557,1958.5,0,2,0.11
1959.0,11,1,1,0,0,1,1,0,0,10.696601315410307,0.0030555555555555557,1959.0,0,2,0.11
1959.5,11,1,1,0,0,1,1,0,0,10.61388261831218,0.0030555555555555557,1959.5,0,2,0.11
1960.0,11,1,1,0,0,1,1,0,0,10.672243023487153,0.0030555555555555557,1960.0,0,2,0.11
1960.5,10,1,1,0,0,1,1,0,0,10.556402950173677,0.002777777777777778,1960.5,0,2,0.1
1961.0,10,1,1,0,0,1,1,0,0,10.431679212966436,0.002777777777777778,1961.0,0,2,0.1
1961.5,10,1,1,0,0,1,1,0,0,10.578181422801888,0.002777777777777778,1961.5,0,2,0.1
1962.0,10,1,1,0,0,1,1,0,0,10.49599700562164,0.002777777777777778,1962.0,0,2,0.1
1962.5,10,1,1,0,0,1,1,0,0,10.585261341605538,0.002777777777777778,1962.5,0,2,0.1
1963.0,10,1,1,0,0,1,1,0,0,10.529331850912158,0.002777777777777778,1963.0,0,2,0.1
1963.5,10,1,1,0,0,1,1,0,0,10.548217340458386,0.002777777777777778,1963.5,0,2,0.1
1964.0,10,1,1,0,0,1,1,0,0,10.551660723350677,0.002777777777777778,1964.0,0,2,0.1
1964.5,10,1,1,0,0,1,1,0,0,10.518295597802815,0.002777777777777778,1964.5,0,2,0.1
1965.0,10,1,1,0,0,1,1,0,0,10.554041920397164,0.002777777777777778,1965.0,0,2,0.1
1965.5,10,1,1,0,0,1,1,0,0,10.432171025583255,0.002777777777777778,1965.5,0,2,0.1
1966.0,10,1,1,0,0,1,1,0,0,10.540748082704113,0.002777777777777778,1966.0,0,2,0.1
1966.5,14,1,1,0,0,1,1,0,0,11.14316775710339,0.0038888888888888888,1966.5,0,2,0.14
1967.0,14,1,1,0,0,1,1,0,0,11.08463745618123,0.0038888888888888888,1967.0,0,2,0.14
1967.5,14,1,1,0,0,1,1,0,0,11.133446814942378,0.0038888888888888888,1967.5,0,2,0.14
1968.0,14,1,1,0,0,1,1,0,0,11.088942593641452,0.0038888888888888888,1968.0,0,2,0.14
1968.5,14,1,1,0,0,1,1,0,0,11.15264094526747,0.0038888888888888888,1968.5,0,2,0.14
1969.0,14,1,1,0,0,1,1,0,0,11.149076250119176,0.0038888888888888888,1969.0,0,2,0.14
1969.5,14,1,1,0,0,1,1,0,0,11.100417200175915,0.0038888888888888888,1969.5,0,2,0.14
1970.0,14,1,1,0,0,1,1,0,0,11.038155931336812,0.0038888888888888888,1970.0,0,2,0.14
1970.5,14,1,1,0,0,1,1,0,0,11.080650142916385,0.0038888888888888888,1970.5,0,2,0.14
1971.0,14,1,1,0,0,1,1,0,0,10.97957799102049,0.0038888888888888888,1971.0,0,2,0.14
1971.5,14,1,1,0,0,1,1,0,0,10.859896299096146,0.0038888888888888888,1971.5,0,2,0.14
1972.0,14,1,1,0,0,1,1,0,0,10.682927417889568,0.0038888888888888888,1972.0,0,2,0.14
1972.5,14,1,1,0,0,1,1,0,0,10.522620232253331,0.0038888888888888888,1972.5,0,2,0.14
1973.0,14,1,1,0,0,1,1,0,0,10.389550991034298,0.0038888888888888888,1973.0,0,2,0.14
1973.5,14,1,1,0,0,1,1,0,0,10.376564410050031,0.0038888888888888888,1973.5,0,2,0.14
1974.0,14,2,1,0,0,2,1,0,0,10.115304317440506,0.0038888888888888888,1974.0,0,2,0.14
1974.5,14,2,1,0,0,2,1,0,0,10.09391030426524,0.0038888888888888888,1974.5,0,2,0.14
1975.0,14,2,1,0,0,2,1,0,0,10.10412354588706,0.0038888888888888888,1975.0,0,2,0.14
1975.5,13,2,1,0,0,2,1,0,0,9.921773688228136,0.003611111111111111,1975.5,0,2,0.13
1976.0,12,2,1,0,0,2,1,0,0,9.620554191825606,0.0033333333333333335,1976.0,0,2,0.12
1976.5,12,2,1,0,0,2,1,0,0,9.544311900770415,0.0033333333333333335,1976.5,0,2,0.12
1977.0,12,2,1,0,0,2,1,0,0,9.543213556598813,0.0033333333333333335,1977.0,0,3,0.12
1977.5,12,2,1,0,0,2,1,0,0,9.525699959862013,0.0033333333333333335,1977.5,0,3,0.12
1978.0,12,2,1,0,0,2,1,0,0,9.559292480732553,0.0033333333333333335,1978.0,0,3,0.12
1978.5,12,2,1,0,0,2,1,0,0,9.475917249187539,0.0033333333333333335,1978.5,0,3,0.12
1979.0,12,2,1,0,0,2,1,0,0,9.300229476692099,0.0033333333333333335,1979.0,0,3,0.12
1979.5,12,2,1,0,0,2,1,0,0,9.127720253357802,0.0033333333333333335,1979.5,0,3,0.12
1980.0,12,0,0,0,0,0,0,0,0,9.484965162880506,0.0033333333333333335,1980.0,0,0,0.12
1980.5,11,0,0,0,0,0,0,0,0,9.503463907683363,0.0030555555555555557,1980.5,0,0,0.11
1981.0,10,0,0,0,0,0,0,0,0,9.502329322552308,0.002777777777777778,1981.0,0,0,0.1
1981.5,10,0,0,0,0,0,0,0,0,9.918036713215756,0.002777777777777778,1981.5,0,0,0.1
1982.0,10,0,0,0,0,0,0,0,0,10.26680461034854,0.002777777777777778,1982.0,0,0,0.1
1982.5,10,0,0,0,0,0,0,0,0,10.570589084953005,0.002777777777777778,1982.5,0,0,0.1
1983.0,10,0,0,0,0,0,0,0,0,10.89130494724906,0.002777777777777778,1983.0,0,0,0.1
1983.5,10,0,0,0,0,0,0,0,0,11.142816790649135,0.002777777777777778,1983.5,0,0,0.1
1984.0,10,0,0,0,0,0,0,0,0,11.463185997057643,0.002777777777777778,1984.0,0,0,0.1
1984.5,10,0,0,0,0,0,0,0,0,11.800883062270639,0.002777777777777778,1984.5,0,0,0.1
1985.0,10,0,0,0,0,0,0,0,0,12.037143554991326,0.002777777777777778,1985.0,0,0,0.1
1985.5,10,0,0,0,0,0,0,0,0,12.214284278421827,0.002777777777777778,1985.5,0,0,0.1
1986.0,10,0,0,0,0,0,0,0,0,12.241337805923239,0.002777777777777778,1986.0,0,0,0.1
1986.5,10,0,0,0,0,0,0,0,0,12.31158143110687,0.002777777777777778,1986.5,0,0,0.1
1987.0,10,0,0,0,0,0,0,0,0,12.294402117502148,0.002777777777777778,1987.0,0,0,0.1
1987.5,10,0,0,0,0,0,0,0,0,12.340977638858574,0.002777777777777778,1987.5,0,0,0.1
1988.0,10,0,0,0,0,0,0,0,0,12.26067746610494,0.002777777777777778,1988.0,0,0,0.1
1988.5,10,0,0,0,0,0,0,0,0,12.195104484925949,0.002777777777777778,1988.5,0,0,0.1
1989.0,10,0,0,0,0,0,0,0,0,12.35686879149635,0.002777777777777778,1989.0,0,0,0.1
1989.5,10,0,0,0,0,0,0,0,0,12.256986304685675,0.002777777777777778,1989.5,0,0,0.1
1990.0,10,0,0,0,0,0,0,0,0,12.340815641658816,0.002777777777777778,1990.0,0,0,0.1
1990.5,10,0,0,0,0,0,0,0,0,12.203215430562818,0.002777777777777778,1990.5,0,0,0.1
1991.0,10,0,0,0,0,0,0,0,0,12.357553583197266,0.002777777777777778,1991.0,0,0,0.1
1991.5,10,0,0,0,0,0,0,0,0,12.272120921420834,0.002777777777777778,1991.5,0,0,0.1
1992.0,10,0,0,0,0,0,0,0,0,12.385985857429883,0.002777777777777778,1992.0,0,0,0.1
1992.5,10,0,0,0,0,0,0,0,0,12.199971707670453,0.002777777777777778,1992.5,0,0,0.1
1993.0,10,0,0,0,0,0,0,0,0,12.30223035066735,0.002777777777777778,1993.0,0,0,0.1
1993.5,10,0,0,0,0,0,0,0,0,12.306793877796704,0.002777777777777778,1993.5,0,0,0.1
1994.0,10,0,0,0,0,0,0,0,0,12.350213636307716,0.002777777777777778,1994.0,0,0,0.1
1994.5,10,0,0,0,0,0,0,0,0,12.336836709382448,0.002777777777777778,1994.5,0,0,0.1
1995.0,10,0,0,0,0,0,0,0,0,12.314628026793914,0.002777777777777778,1995.0,0,0,0.1
1995.5,10,0,0,0,0,0,0,0,0,12.35619297696158,0.002777777777777778,1995.5,0,0,0.1
1996.0,10,0,0,0,0,0,0,0,0,12.353600456737883,0.002777777777777778,1996.0,0,0,0.1
1996.5,10,0,0,0,0,0,0,0,0,12.351271991770451,0.002777777777777778,1996.5,0,0,0.1
1997.0,14,0,0,0,0,0,0,0,0,12.565616448108662,0.0038888888888888888,1997.0,0,0,0.14
1997.5,14,0,0,0,0,0,0,0,0,12.471068215607689,0.0038888888888888888,1997.5,0,0,0.14
1998.0,14,0,0,0,0,0,0,0,0,12.510499853500784,0.0038888888888888888,1998.0,0,0,0.14
1998.5,14,0,0,0,0,0,0,0,0,12.584191436198827,0.0038888888888888888,1998.5,0,0,0.14
1999.0,14,0,0,0,0,0,0,0,0,12.535072491582108,0.0038888888888888888,1999.0,0,0,0.14
1999.5,14,0,0,0,0,0,0,0,0,12.488957467969263,0.0038888888888888888,1999.5,0,0,0.14
2000.0,14,0,0,0,0,0,0,0,0,12.471224276315374,0.0038888888888888888,2000.0,0,0,0.14
2000.5,14,0,0,0,0,0,0,0,0,12.453207930441568,0.0038888888888888888,2000.5,0,0,0.14
2001.0,14,0,0,0,0,0,0,0,0,12.501771903075262,0.0038888888888888888,2001.0,0,0,0.14
2001.5,14,0,0,0,0,0,0,0,0,12.361455206986934,0.0038888888888888888,2001.5,0,0,0.14
2002.0,14,0,0,0,0,0,0,0,0,12.174107690988526,0.0038888888888888888,2002.0,0,0,0.14
2002.5,14,0,0,0,0,0,0,0,0,12.006894888777738,0.0038888888888888888,2002.5,0,0,0.14
2003.0,14,0,0,0,0,0,0,0,0,11.930794702879238,0.0038888888888888888,2003.0,0,0,0.14
2003.5,14,0,0,0,0,0,0,0,0,11.648546001565228,0.0038888888888888888,2003.5,0,0,0.14
2004.0,14,0,0,1,0,0,0,1,0,11.522307244668522,0.0038888888888888888,2004.0,0,0,0.14
2004.5,14,0,0,1,0,0,0,1,0,11.650284872719721,0.0038888888888888888,2004.5,0,0,0.14
2005.0,14,0,0,1,0,0,0,1,0,11.563920677506658,0.0038888888888888888,2005.0,0,0,0.14
2005.5,14,0,0,1,0,0,0,1,0,11.569799566593076,0.0038888888888888888,2005.5,0,0,0.14
2006.0,14,0,0,1,0,0,0,1,0,11.54611768127388,0.0038888888888888888,2006.0,0,0,0.14
2006.5,14,0,0,1,0,0,0,1,0,11.569935350400149,0.0038888888888888888,2006.5,0,0,0.14
2007.0,14,0,0,1,0,0,0,1,0,11.52123012179411,0.0038888888888888888,2007.0,0,0,0.14
2007.5,14,0,0,1,0,0,0,1,0,11.5582928843088,0.0038888888888888888,2007.5,0,0,0.14
2008.0,14,0,0,1,0,0,0,1,0,11.563208913348936,0.0038888888888888888,2008.0,0,0,0.14
2008.5,14,0,0,1,0,0,0,1,0,11.501463378694627,0.0038888888888888888,2008.5,0,0,0.14
2009.0,14,0,0,1,0,0,0,1,0,11.58283446093125,0.0038888888888888888,2009.0,0,0,0.14
2009.5,14,0,0,1,0,0,0,1,0,11.5746746388354,0.0038888888888888888,2009.5,0,0,0.14
2010.0,13,0,0,1,0,0,0,1,0,11.489064311852273,0.003611111111111111,2010.0,0,0,0.13
2010.5,13,0,0,1,0,0,0,1,0,11.37822283429472,0.003611111111111111,2010.5,0,0,0.13
2011.0,13,0,0,1,0,0,0,1,0,11.375631020531582,0.003611111111111111,2011.0,0,0,0.13
2011.5,13,0,0,1,0,0,0,1,0,11.420970111479107,0.003611111111111111,2011.5,0,0,0.13
2012.0,13,0,0,1,0,0,0,1,0,11.387738425097488,0.003611111111111111,2012.0,0,0,0.13
2012.5,13,0,0,1,0,0,0,1,0,11.325865832214769,0.003611111111111111,2012.5,0,0,0.13
2013.0,12,0,0,1,0,0,0,1,0,11.251416125571069,0.0033333333333333335,2013.0,0,0,0.12
2013.5,12,0,0,1,0,0,0,1,0,11.19542297524349,0.0033333333333333335,2013.5,0,0,0.12
2014.0,12,0,0,1,0,0,0,1,0,11.011829292306475,0.0033333333333333335,2014.0,0,0,0.12
2014.5,12,0,0,1,0,0,0,1,0,10.758686215940664,0.0033333333333333335,2014.5,0,0,0.12
2015.0,12,0,0,1,0,0,0,1,0,10.647980759915542,0.0033333333333333335,2015.0,0,0,0.12
2015.5,12,0,0,1,0,0,0,1,0,10.472499048725503,0.0033333333333333335,2015.5,0,0,0.12
2016.0,12,0,0,1,0,0,0,1,0,10.358687004753858,0.0033333333333333335,2016.0,0,0,0.12
2016.5,12,0,0,1,1,0,0,1,1,10.369615971188173,0.0033333333333333335,2016.5,0,0,0.12
2017.0,12,0,0,1,1,0,0,1,1,10.467115253459928,0.0033333333333333335,2017.0,0,0,0.12
2017.5,12,0,0,1,1,0,0,1,1,10.454456728945521,0.0033333333333333335,2017.5,0,0,0.12
2018.0,12,0,0,1,1,0,0,1,1,10.518589728681988,0.0033333333333333335,2018.0,0,0,0.12
2018.5,12,0,0,1,1,0,0,1,1,10.502386459608635,0.0033333333333333335,2018.5,0,0,0.12
2019.0,12,0,0,1,1,0,0,1,1,10.464690153450508,0.0033333333333333335,2019.0,0,0,0.12
2019.5,12,0,0,1,1,0,0,1,1,10.403849497125442,0.0033333333333333335,2019.5,0,0,0.12
2020.0,12,0,0,1,1,0,0,1,1,10.44690050769748,0.0033333333333333335,2020.0,0,0,0.12
2020.5,11,0,0,1,1,0,0,1,1,10.136836719183332,0.0030555555555555557,2020.5,0,0,0.11
2021.0,11,0,0,1,1,0,0,1,1,10.119840418603012,0.0030555555555555557,2021.0,0,0,0.11
2021.5,11,0,0,1,1,0,0,1,1,10.0528337802765,0.0030555555555555557,2021.5,0,0,0.11
2022.0,11,0,0,1,1,0,0,1,1,10.082893487039103,0.0030555555555555557,2022.0,0,1,0.11
2022.5,11,0,0,1,1,0,0,1,1,10.114873443733938,0.0030555555555555557,2022.5,0,1,0.11
2023.0,11,0,0,1,1,0,0,1,1,10.136145258543078,0.0030555555555555557,2023.0,0,1,0.11
2023.5,11,0,0,1,1,0,0,1,1,10.171410186449654,0.0030555555555555557,2023.5,0,1,0.11
2024.0,11,0,0,1,1,0,0,1,1,10.11788256697479,0.0030555555555555557,2024.0,0,1,0.11
2024.5,11,0,0,1,1,0,0,1,1,10.163286194967863,0.0030555555555555557,2024.5,0,1,0.11
2025.0,11,0,0,0,0,0,0,0,0,10.323352844921127,0.0030555555555555557,2025.0,0,2,0.11
2025.5,10,0,0,0,0,0,0,0,0,10.39596230812681,0.002777777777777778,2025.5,0,2,0.1
2026.0,9,0,0,0,0,0,0,0,0,10.508395054418777,0.0025,2026.0,0,2,0.09
2026.5,9,0,0,0,0,0,0,0,0,10.709656762371594,0.0025,2026.5,0,2,0.09
2027.0,13,0,0,0,0,0,0,0,0,11.597521571161575,0.003611111111111111,2027.0,0,2,0.13
2027.5,13,0,0,0,0,0,0,0,0,11.691758764730308,0.003611111111111111,2027.5,0,2,0.13
2028.0,13,0,0,0,0,0,0,0,0,11.817750254072719,0.003611111111111111,2028.0,0,2,0.13
2028.5,13,0,0,0,0,0,0,0,0,12.012219378011771,0.003611111111111111,2028.5,0,2,0.13
2029.0,13,0,0,0,0,0,0,0,0,12.10266430518544,0.003611111111111111,2029.0,0,2,0.13
2029.5,13,0,0,0,0,0,0,0,0,12.350972146165562,0.003611111111111111,2029.5,0,2,0.13
2030.0,13,0,0,0,0,0,0,0,0,12.392481554622767,0.003611111111111111,2030.0,0,2,0.13
2030.5,13,0,0,0,0,0,0,0,0,12.530454002905469,0.003611111111111111,2030.5,0,2,0.13
2031.0,13,0,0,0,0,0,0,0,0,12.580665611265518,0.003611111111111111,2031.0,0,2,0.13
2031.5,13,0,0,0,0,0,0,0,0,12.561246352001849,0.003611111111111111,2031.5,0,2,0.13
2032.0,13,0,0,0,0,0,0,0,0,12.567765335237434,0.003611111111111111,2032.0,0,2,0.13
2032.5,13,0,0,0,0,0,0,0,0,12.421549555781429,0.003611111111111111,2032.5,0,2,0.13
2033.0,13,0,0,0,0,0,0,0,0,12.228988556316324,0.003611111111111111,2033.0,0,2,0.13
2033.5,13,0,0,0,0,0,0,0,0,12.033506318316604,0.003611111111111111,2033.5,0,2,0.13
2034.0,13,0,0,0,0,0,0,0,0,12.012812034720897,0.003611111111111111,2034.0,0,2,0.13
2034.5,13,0,0,0,0,0,0,0,0,11.832927279852745,0.003611111111111111,2034.5,0,2,0.13
2035.0,13,0,0,0,0,0,0,0,0,11.514171027224425,0.003611111111111111,2035.0,0,2,0.13
2035.5,13,1,0,0,0,1,0,0,0,11.38460394177983,0.003611111111111111,2035.5,0,2,0.13
2036.0,12,1,0,0,0,1,0,0,0,11.240544188548148,0.0033333333333333335,2036.0,0,2,0.12
2036.5,12,1,0,0,0,1,0,0,0,11.14689130960331,0.0033333333333333335,2036.5,0,2,0.12
2037.0,12,1,0,0,0,1,0,0,0,10.996450186478205,0.0033333333333333335,2037.0,0,2,0.12
2037.5,12,1,0,0,0,1,0,0,0,10.685301712684138,0.0033333333333333335,2037.5,0,2,0.12
2038.0,12,1,0,0,0,1,0,0,0,10.66504223095235,0.0033333333333333335,2038.0,0,2,0.12
2038.5,12,1,1,0,0,1,1,0,0,10.712169282181824,0.0033333333333333335,2038.5,0,2,0.12
2039.0,12,1,1,0,0,1,1,0,0,10.713783195447474,0.0033333333333333335,2039.0,0,2,0.12
2039.5,12,1,1,0,0,1,1,0,0,10.665710651674882,0.0033333333333333335,2039.5,0,2,0.12
2040.0,11,1,1,0,0,1,1,0,0,10.438021796699816,0.0030555555555555557,2040.0,0,2,0.11
2040.5,11,1,1,0,0,1,1,0,0,10.442774849072176,0.0030555555555555557,2040.5,0,2,0.11
2041.0,11,1,1,0,0,1,1,0,0,10.336858170623882,0.0030555555555555557,2041.0,0,2,0.11
2041.5,11,1,1,0,0,1,1,0,0,10.38537449884291,0.0030555555555555557,2041.5,0,2,0.11
2042.0,11,1,1,0,0,1,1,0,0,10.453943903365758,0.0030555555555555557,2042.0,0,2,0.11
2042.5,11,1,1,0,0,1,1,0,0,10.342779927272552,0.0030555555555555557,2042.5,0,2,0.11
2043.0,11,1,1,0,0,1,1,0,0,10.40479827395216,0.0030555555555555557,2043.0,0,2,0.11
2043.5,10,1,1,0,0,1,1,0,0,10.265879595236324,0.002777777777777778,2043.5,0,2,0.1
2044.0,10,1,1,0,0,1,1,0,0,10.221478807954988,0.002777777777777778,2044.0,0,2,0.1
2044.5,10,1,1,0,0,1,1,0,0,10.1495920313496,0.002777777777777778,2044.5,0,2,0.1
2045.0,10,1,1,0,0,1,1,0,0,10.130906905412845,0.002777777777777778,2045.0,0,2,0.1
2045.5,10,1,1,0,0,1,1,0,0,10.112998841354564,0.002777777777777778,2045.5,0,2,0.1
2046.0,10,1,1,0,0,1,1,0,0,10.18208542073116,0.002777777777777778,2046.0,0,2,0.1
2046.5,10,1,1,0,0,1,1,0,0,10.160922520708697,0.002777777777777778,2046.5,0,2,0.1
2047.0,10,1,1,0,0,1,1,0,0,10.193858036480083,0.002777777777777778,2047.0,0,2,0.1
2047.5,10,1,1,0,0,1,1,0,0,10.214662480626426,0.002777777777777778,2047.5,0,2,0.1
2048.0,10,1,1,0,0,1,1,0,0,10.197710191715448,0.002777777777777778,2048.0,0,2,0.1
2048.5,10,1,1,0,0,1,1,0,0,10.263603350531483,0.002777777777777778,2048.5,0,2,0.1
2049.0,10,1,1,0,0,1,1,0,0,10.251065390654546,0.002777777777777778,2049.0,0,2,0.1
2049.5,10,1,1,0,0,1,1,0,0,10.210917409854881,0.002777777777777778,2049.5,0,2,0.1
2050.0,10,1,1,0,0,1,1,0,0,10.14271948001551,0.002777777777777778,2050.0,0,2,0.1
2050.5,10,1,1,0,0,1,1,0,0,10.220899286333875,0.002777777777777778,2050.5,0,2,0.1
2051.0,10,1,1,0,0,1,1,0,0,10.179920016913382,0.002777777777777778,2051.0,0,2,0.1
2051.5,10,1,1,0,0,1,1,0,0,10.18444397216517,0.002777777777777778,2051.5,0,2,0.1
2052.0,10,1,1,0,0,1,1,0,0,10.12597330342134,0.002777777777777778,2052.0,0,2,0.1
2052.5,10,1,1,0,0,1,1,0,0,10.150938857253347,0.002777777777777778,2052.5,0,2,0.1
2053.0,10,1,1,0,0,1,1,0,0,10.23380578834767,0.002777777777777778,2053.0,0,2,0.1
2053.5,10,1,1,0,0,1,1,0,0,10.190325813166272,0.002777777777777778,2053.5,0,2,0.1
2054.0,10,1,1,0,0,1,1,0,0,10.116737211642027,0.002777777777777778,2054.0,0,2,0.1
2054.5,10,1,1,0,0,1,1,0,0,10.187478758223293,0.002777777777777778,2054.5,0,2,0.1
2055.0,10,1,1,0,0,1,1,0,0,10.20827972138504,0.002777777777777778,2055.0,0,2,0.1
2055.5,10,1,1,0,0,1,1,0,0,10.184396368435989,0.002777777777777778,2055.5,0,2,0.1
2056.0,10,1,1,0,0,1,1,0,0,10.150914165842986,0.002777777777777778,2056.0,0,2,0.1
2056.5,10,1,1,0,0,1,1,0,0,10.201778117478531,0.002777777777777778,2056.5,0,2,0.1
2057.0,10,1,1,0,0,1,1,0,0,10.166086981515106,0.002777777777777778,2057.0,0,2,0.1
2057.5,14,1,1,0,0,1,1,0,0,10.676429084515531,0.0038888888888888888,2057.5,0,2,0.14
2058.0,14,1,1,0,0,1,1,0,0,10.639571895616726,0.0038888888888888888,2058.0,0,2,0.14
2058.5,14,1,1,0,0,1,1,0,0,10.77089737958248,0.0038888888888888888,2058.5,0,2,0.14
2059.0,14,1,1,0,0,1,1,0,0,10.823990190112363,0.0038888888888888888,2059.0,0,2,0.14
2059.5,14,1,1,0,0,1,1,0,0,10.87801547217705,0.0038888888888888888,2059.5,0,2,0.14
2060.0,14,1,1,0,0,1,1,0,0,10.954228929387071,0.0038888888888888888,2060.0,0,2,0.14
2060.5,14,1,1,0,0,1,1,0,0,11.010224064004777,0.0038888888888888888,2060.5,0,2,0.14
2061.0,14,1,1,0,0,1,1,0,0,11.009600409983594,0.0038888888888888888,2061.0,0,2,0.14
2061.5,14,1,1,0,0,1,1,0,0,10.900446405782333,0.0038888888888888888,2061.5,0,2,0.14
2062.0,14,1,1,0,0,1,1,0,0,11.010217851252497,0.0038888888888888888,2062.0,0,2,0.14
2062.5,14,1,1,0,0,1,1,0,0,10.946022159511557,0.0038888888888888888,2062.5,0,2,0.14
2063.0,14,1,1,0,0,1,1,0,0,10.793394192818889,0.0038888888888888888,2063.0,0,2,0.14
2063.5,14,1,1,0,0,1,1,0,0,10.66567066764955,0.0038888888888888888,2063.5,0,2,0.14
2064.0,14,1,1,0,0,1,1,0,0,10.586595399033447,0.0038888888888888888,2064.0,0,2,0.14
2064.5,14,1,1,0,0,1,1,0,0,10.386892068044451,0.0038888888888888888,2064.5,0,2,0.14
2065.0,14,1,1,0,0,1,1,0,0,10.227067162702761,0.0038888888888888888,2065.0,0,2,0.14
2065.5,13,1,1,0,0,1,1,0,0,9.789341259207927,0.003611111111111111,2065.5,0,2,0.13
2066.0,13,1,1,0,0,1,1,0,0,9.800854867888496,0.003611111111111111,2066.0,0,2,0.13
2066.5,13,2,1,0,0,2,1,0,0,9.751408191203177,0.003611111111111111,2066.5,0,2,0.13
2067.0,13,2,1,0,0,2,1,0,0,9.769024169537845,0.003611111111111111,2067.0,0,3,0.13
2067.5,13,2,1,0,0,2,1,0,0,9.568709747820595,0.003611111111111111,2067.5,0,3,0.13
2068.0,13,2,1,0,0,2,1,0,0,9.53464567153672,0.003611111111111111,2068.0,0,3,0.13
2068.5,13,2,1,0,0,2,1,0,0,9.259919706019685,0.003611111111111111,2068.5,0,3,0.13
2069.0,13,2,1,0,0,2,1,0,0,9.165842577875077,0.003611111111111111,2069.0,0,3,0.13
2069.5,13,2,1,0,0,2,1,0,0,9.02973716574028,0.003611111111111111,2069.5,0,3,0.13
2070.0,13,0,0,0,0,0,0,0,0,9.215575705498976,0.003611111111111111,2070.0,0,0,0.13
2070.5,12,0,0,0,0,0,0,0,0,9.255535414109083,0.0033333333333333335,2070.5,0,0,0.12
2071.0,12,0,0,0,0,0,0,0,0,9.533460236074362,0.0033333333333333335,2071.0,0,0,0.12
2071.5,12,0,0,0,0,0,0,0,0,9.90524725983986,0.0033333333333333335,2071.5,0,0,0.12
2072.0,12,0,0,0,0,0,0,0,0,10.160075645957255,0.0033333333333333335,2072.0,0,0,0.12
2072.5,12,0,0,0,0,0,0,0,0,10.563613792429676,0.0033333333333333335,2072.5,0,0,0.12
2073.0,11,0,0,0,0,0,0,0,0,10.704738721170528,0.0030555555555555557,2073.0,0,0,0.11
2073.5,11,0,0,0,0,0,0,0,0,10.976709411325551,0.0030555555555555557,2073.5,0,0,0.11
2074.0,11,0,0,0,0,0,0,0,0,11.28844689575649,0.0030555555555555557,2074.0,0,0,0.11
2074.5,11,0,0,0,0,0,0,0,0,11.591488067857101,0.0030555555555555557,2074.5,0,0,0.11
2075.0,11,0,0,0,0,0,0,0,0,11.891620533453844,0.0030555555555555557,2075.0,0,0,0.11
2075.5,11,0,0,0,0,0,0,0,0,12.08711965037488,0.0030555555555555557,2075.5,0,0,0.11
2076.0,11,0,0,0,0,0,0,0,0,12.427408325091971,0.0030555555555555557,2076.0,0,0,0.11
2076.5,11,0,0,0,0,0,0,0,0,12.64738100359748,0.0030555555555555557,2076.5,0,0,0.11
2077.0,11,0,0,0,0,0,0,0,0,12.55294358678948,0.0030555555555555557,2077.0,0,0,0.11
2077.5,11,0,0,0,0,0,0,0,0,12.626402095492152,0.0030555555555555557,2077.5,0,0,0.11
2078.0,10,0,0,0,0,0,0,0,0,12.998323443135522,0.002777777777777778,2078.0,0,0,0.1
2078.5,10,0,0,0,0,0,0,0,0,12.81906289964616,0.002777777777777778,2078.5,0,0,0.1
2079.0,10,0,0,0,0,0,0,0,0,12.900066996659664,0.002777777777777778,2079.0,0,0,0.1
2079.5,10,0,0,0,0,0,0,0,0,12.84734204949629,0.002777777777777778,2079.5,0,0,0.1
2080.0,10,0,0,0,0,0,0,0,0,12.944207170578228,0.002777777777777778,2080.0,0,0,0.1
2080.5,10,0,0,0,0,0,0,0,0,12.91701080177263,0.002777777777777778,2080.5,0,0,0.1
2081.0,10,0,0,0,0,0,0,0,0,12.916671307456488,0.002777777777777778,2081.0,0,0,0.1
2081.5,10,0,0,0,0,0,0,0,0,12.88721659043622,0.002777777777777778,2081.5,0,0,0.1
2082.0,10,0,0,0,0,0,0,0,0,12.848730766561857,0.002777777777777778,2082.0,0,0,0.1
2082.5,10,0,0,0,0,0,0,0,0,12.807651971213563,0.002777777777777778,2082.5,0,0,0.1
2083.0,10,0,0,0,0,0,0,0,0,12.917013450266603,0.002777777777777778,2083.0,0,0,0.1
2083.5,10,0,0,0,0,0,0,0,0,12.842478023747024,0.002777777777777778,2083.5,0,0,0.1
2084.0,10,0,0,0,0,0,0,0,0,13.007304518586533,0.002777777777777778,2084.0,0,0,0.1
2084.5,10,0,0,0,0,0,0,0,0,12.836184679746438,0.002777777777777778,2084.5,0,0,0.1
2085.0,10,0,0,0,0,0,0,0,0,12.940723530026663,0.002777777777777778,2085.0,0,0,0.1
2085.5,10,0,0,0,0,0,0,0,0,12.968948706114242,0.002777777777777778,2085.5,0,0,0.1
2086.0,10,0,0,0,0,0,0,0,0,12.953828627167312,0.002777777777777778,2086.0,0,0,0.1
2086.5,10,0,0,0,0,0,0,0,0,12.87955285686119,0.002777777777777778,2086.5,0,0,0.1
2087.0,10,0,0,0,0,0,0,0,0,12.8611439767322,0.002777777777777778,2087.0,0,0,0.1
2087.5,14,0,0,0,0,0,0,0,0,13.002844815551043,0.0038888888888888888,2087.5,0,0,0.14
2088.0,14,0,0,0,0,0,0,0,0,12.972147157708605,0.0038888888888888888,2088.0,0,0,0.14
2088.5,14,0,0,0,0,0,0,0,0,12.975472384601588,0.0038888888888888888,2088.5,0,0,0.14
2089.0,14,0,0,0,0,0,0,0,0,12.877309191660348,0.0038888888888888888,2089.0,0,0,0.14
2089.5,14,0,0,0,0,0,0,0,0,12.933676067607667,0.0038888888888888888,2089.5,0,0,0.14
2090.0,14,0,0,0,0,0,0,0,0,12.853214804282004,0.0038888888888888888,2090.0,0,0,0.14
2090.5,14,0,0,0,0,0,0,0,0,12.91479651517184,0.0038888888888888888,2090.5,0,0,0.14
2091.0,14,0,0,0,0,0,0,0,0,12.911528195698704,0.0038888888888888888,2091.0,0,0,0.14
2091.5,14,0,0,0,0,0,0,0,0,12.965453199220017,0.0038888888888888888,2091.5,0,0,0.14
2092.0,14,0,0,0,0,0,0,0,0,12.829774219281232,0.0038888888888888888,2092.0,0,0,0.14
2092.5,14,0,0,0,0,0,0,0,0,12.661406765589415,0.0038888888888888888,2092.5,0,0,0.14
2093.0,14,0,0,0,0,0,0,0,0,12.323394131701752,0.0038888888888888888,2093.0,0,0,0.14
2093.5,14,0,0,0,0,0,0,0,0,11.905911045393983,0.0038888888888888888,2093.5,0,0,0.14
2094.0,14,0,0,0,0,0,0,0,0,11.719124348183609,0.0038888888888888888,2094.0,0,0,0.14
2094.5,14,0,0,0,0,0,0,0,0,11.456937875794498,0.0038888888888888888,2094.5,0,0,0.14
2095.0,14,0,0,0,0,0,0,0,0,11.23802258011452,0.0038888888888888888,2095.0,0,0,0.14
2095.5,14,0,0,0,1,0,0,0,1,11.023686588282288,0.0038888888888888888,2095.5,0,0,0.14
2096.0,14,0,0,1,1,0,0,1,1,11.079042354513353,0.0038888888888888888,2096.0,0,0,0.14
2096.5,14,0,0,1,1,0,0,1,1,11.00547168464883,0.0038888888888888888,2096.5,0,0,0.14
2097.0,14,0,0,1,1,0,0,1,1,11.033384459019526,0.0038888888888888888,2097.0,0,0,0.14
2097.5,14,0,0,1,1,0,0,1,1,11.019821665828589,0.0038888888888888888,2097.5,0,0,0.14
2098.0,14,0,0,1,1,0,0,1,1,11.033434640532818,0.0038888888888888888,2098.0,0,0,0.14
2098.5,14,0,0,1,1,0,0,1,1,11.008694541059127,0.0038888888888888888,2098.5,0,0,0.14
2099.0,14,0,0,1,1,0,0,1,1,10.935281895050972,0.0038888888888888888,2099.0,0,0,0.14
2099.5,14,0,0,1,1,0,0,1,1,10.953998772219348,0.0038888888888888888,2099.5,0,0,0.14
2100.0,14,0,0,1,1,0,0,1,1,11.021950183045245,0.0038888888888888888,2100.0,0,0,0.14
2100.5,13,0,0,1,1,0,0,1,1,10.760406549373382,0.003611111111111111,2100.5,0,0,0.13
2101.0,13,0,0,1,1,0,0,1,1,10.841806058369786,0.003611111111111111,2101.0,0,0,0.13
2101.5,13,0,0,1,1,0,0,1,1,10.79145742137285,0.003611111111111111,2101.5,0,0,0.13
2102.0,13,0,0,1,1,0,0,1,1,10.755829954432064,0.003611111111111111,2102.0,0,0,0.13
2102.5,13,0,0,1,1,0,0,1,1,10.7325559253392,0.003611111111111111,2102.5,0,0,0.13
2103.0,13,0,0,1,1,0,0,1,1,10.735192942287048,0.003611111111111111,2103.0,0,0,0.13
2103.5,12,0,0,1,1,0,0,1,1,10.675658044900068,0.0033333333333333335,2103.5,0,0,0.12
2104.0,12,0,0,1,1,0,0,1,1,10.629681210168462,0.0033333333333333335,2104.0,0,0,0.12
2104.5,12,0,0,1,1,0,0,1,1,10.542856103150816,0.0033333333333333335,2104.5,0,0,0.12
2105.0,12,0,0,1,1,0,0,1,1,10.655795469523119,0.0033333333333333335,2105.0,0,0,0.12
2105.5,12,0,0,1,1,0,0,1,1,10.590380874601175,0.0033333333333333335,2105.5,0,0,0.12
2106.0,12,0,0,1,1,0,0,1,1,10.575436999840916,0.0033333333333333335,2106.0,0,0,0.12
2106.5,12,0,0,1,1,0,0,1,1,10.636951965360419,0.0033333333333333335,2106.5,0,0,0.12
2107.0,12,0,0,1,1,0,0,1,1,10.538378282667468,0.0033333333333333335,2107.0,0,0,0.12
2107.5,12,0,0,1,1,0,0,1,1,10.574930882844901,0.0033333333333333335,2107.5,0,0,0.12
2108.0,12,0,0,1,1,0,0,1,1,10.617148656133233,0.0033333333333333335,2108.0,0,0,0.12
2108.5,12,0,0,1,1,0,0,1,1,10.672973336646121,0.0033333333333333335,2108.5,0,0,0.12
2109.0,12,0,0,1,1,0,0,1,1,10.63667512436807,0.0033333333333333335,2109.0,0,0,0.12
2109.5,12,0,0,1,1,0,0,1,1,10.62609083223605,0.0033333333333333335,2109.5,0,0,0.12
2110.0,12,0,0,1,1,0,0,1,1,10.61095856683389,0.0033333333333333335,2110.0,0,0,0.12
2110.5,12,0,0,1,1,0,0,1,1,10.629898802427752,0.0033333333333333335,2110.5,0,0,0.12
2111.0,11,0,0,1,1,0,0,1,1,10.37461137678409,0.0030555555555555557,2111.0,0,0,0.11
2111.5,10,0,0,1,1,0,0,1,1,10.082248128062544,0.002777777777777778,2111.5,0,0,0.1
2112.0,10,0,0,1,1,0,0,1,1,10.019738964690093,0.002777777777777778,2112.0,0,1,0.1
2112.5,10,0,0,1,1,0,0,1,1,10.07868655915159,0.002777777777777778,2112.5,0,1,0.1
2113.0,10,0,0,1,1,0,0,1,1,10.05478373624637,0.002777777777777778,2113.0,0,1,0.1
2113.5,10,0,0,1,1,0,0,1,1,10.042746657107688,0.002777777777777778,2113.5,0,1,0.1
2114.0,9,0,0,1,1,0,0,1,1,9.813187291206496,0.0025,2114.0,0,1,0.09
2114.5,9,0,0,1,1,0,0,1,1,9.779117064727537,0.0025,2114.5,0,1,0.09
2115.0,9,0,0,0,0,0,0,0,0,10.167896327890341,0.0025,2115.0,0,2,0.09
2115.5,8,0,0,0,0,0,0,0,0,10.113764196086905,0.0022222222222222222,2115.5,0,2,0.08
2116.0,8,0,0,0,0,0,0,0,0,10.426447960627904,0.0022222222222222222,2116.0,0,2,0.08
2116.5,8,0,0,0,0,0,0,0,0,10.65590567372541,0.0022222222222222222,2116.5,0,2,0.08
2117.0,8,0,0,0,0,0,0,0,0,10.956337556626877,0.0022222222222222222,2117.0,0,2,0.08
2117.5,8,0,0,0,0,0,0,0,0,11.224853449006098,0.0022222222222222222,2117.5,0,2,0.08
2118.0,12,0,0,0,0,0,0,0,0,12.287004244357083,0.0033333333333333335,2118.0,0,2,0.12
2118.5,12,0,0,0,0,0,0,0,0,12.287381998239482,0.0033333333333333335,2118.5,0,2,0.12
2119.0,12,0,0,0,0,0,0,0,0,12.419159695900403,0.0033333333333333335,2119.0,0,2,0.12
2119.5,12,0,0,0,0,0,0,0,0,12.526457095675333,0.0033333333333333335,2119.5,0,2,0.12
2120.0,12,0,0,0,0,0,0,0,0,12.725172090622019,0.0033333333333333335,2120.0,0,2,0.12
2120.5,12,0,0,0,0,0,0,0,0,12.914341127460597,0.0033333333333333335,2120.5,0,2,0.12
2121.0,12,0,0,0,0,0,0,0,0,12.97193275623602,0.0033333333333333335,2121.0,0,2,0.12
2121.5,12,0,0,0,0,0,0,0,0,13.055575158606885,0.0033333333333333335,2121.5,0,2,0.12
2122.0,12,0,0,0,0,0,0,0,0,13.129739547777746,0.0033333333333333335,2122.0,0,2,0.12
2122.5,12,0,0,0,0,0,0,0,0,12.974031575897767,0.0033333333333333335,2122.5,0,2,0.12
2123.0,12,0,0,0,0,0,0,0,0,12.803945580403225,0.0033333333333333335,2123.0,0,2,0.12
2123.5,12,0,0,0,0,0,0,0,0,12.397302150153742,0.0033333333333333335,2123.5,0,2,0.12
2124.0,12,0,0,0,0,0,0,0,0,12.04256842952386,0.0033333333333333335,2124.0,0,2,0.12
2124.5,12,0,0,0,0,0,0,0,0,11.656003145533317,0.0033333333333333335,2124.5,0,2,0.12
2125.0,12,0,0,0,0,0,0,0,0,11.366947967709754,0.0033333333333333335,2125.0,0,2,0.12
2125.5,12,0,0,0,0,0,0,0,0,11.004587721306683,0.0033333333333333335,2125.5,0,2,0.12
2126.0,12,1,0,0,0,1,0,0,0,10.83997606235747,0.0033333333333333335,2126.0,0,2,0.12
2126.5,12,1,1,0,0,1,1,0,0,10.910198177179476,0.0033333333333333335,2126.5,0,2,0.12
2127.0,12,1,1,0,0,1,1,0,0,10.921435503983998,0.0033333333333333335,2127.0,0,2,0.12
2127.5,12,1,1,0,0,1,1,0,0,10.843980747383632,0.0033333333333333335,2127.5,0,2,0.12
2128.0,12,1,1,0,0,1,1,0,0,10.935115859960318,0.0033333333333333335,2128.0,0,2,0.12
2128.5,12,1,1,0,0,1,1,0,0,10.841158001091562,0.0033333333333333335,2128.5,0,2,0.12
2129.0,12,1,1,0,0,1,1,0,0,10.888011536745934,0.0033333333333333335,2129.0,0,2,0.12
2129.5,12,1,1,0,0,1,1,0,0,10.846054216632112,0.0033333333333333335,2129.5,0,2,0.12
2130.0,12,1,1,0,0,1,1,0,0,10.86580838335375,0.0033333333333333335,2130.0,0,2,0.12
2130.5,12,1,1,0,0,1,1,0,0,10.891465557815465,0.0033333333333333335,2130.5,0,2,0.12
2131.0,12,1,1,0,0,1,1,0,0,10.849433243487802,0.0033333333333333335,2131.0,0,2,0.12
2131.5,12,1,1,0,0,1,1,0,0,10.901496168744709,0.0033333333333333335,2131.5,0,2,0.12
2132.0,12,1,1,0,0,1,1,0,0,10.81520079975664,0.0033333333333333335,2132.0,0,2,0.12
2132.5,12,1,1,0,0,1,1,0,0,10.84032843628073,0.0033333333333333335,2132.5,0,2,0.12
2133.0,11,1,1,0,0,1,1,0,0,10.68425802113318,0.0030555555555555557,2133.0,0,2,0.11
2133.5,11,1,1,0,0,1,1,0,0,10.643473382517898,0.0030555555555555557,2133.5,0,2,0.11
2134.0,11,1,1,0,0,1,1,0,0,10.695329160123038,0.0030555555555555557,2134.0,0,2,0.11
2134.5,11,1,1,0,0,1,1,0,0,10.613514891204796,0.0030555555555555557,2134.5,0,2,0.11
2135.0,11,1,1,0,0,1,1,0,0,10.677340862149025,0.0030555555555555557,2135.0,0,2,0.11
2135.5,11,1,1,0,0,1,1,0,0,10.692000268842508,0.0030555555555555557,2135.5,0,2,0.11
2136.0,11,1,1,0,0,1,1,0,0,10.604030783139372,0.0030555555555555557,2136.0,0,2,0.11
2136.5,11,1,1,0,0,1,1,0,0,10.518850999120614,0.0030555555555555557,2136.5,0,2,0.11
2137.0,11,1,1,0,0,1,1,0,0,10.693500619663594,0.0030555555555555557,2137.0,0,2,0.11
2137.5,11,1,1,0,0,1,1,0,0,10.657279115127261,0.0030555555555555557,2137.5,0,2,0.11
2138.0,11,1,1,0,0,1,1,0,0,10.575122320057647,0.0030555555555555557,2138.0,0,2,0.11
2138.5,11,1,1,0,0,1,1,0,0,10.668935908700371,0.0030555555555555557,2138.5,0,2,0.11
2139.0,11,1,1,0,0,1,1,0,0,10.627764106926456,0.0030555555555555557,2139.0,0,2,0.11
2139.5,11,1,1,0,0,1,1,0,0,10.649749187293708,0.0030555555555555557,2139.5,0,2,0.11
2140.0,11,1,1,0,0,1,1,0,0,10.70291116806741,0.0030555555555555557,2140.0,0,2,0.11
2140.5,11,1,1,0,0,1,1,0,0,10.676559956645244,0.0030555555555555557,2140.5,0,2,0.11
2141.0,11,1,1,0,0,1,1,0,0,10.674233031573864,0.0030555555555555557,2141.0,0,2,0.11
2141.5,11,1,1,0,0,1,1,0,0,10.61003677738893,0.0030555555555555557,2141.5,0,2,0.11
2142.0,11,1,1,0,0,1,1,0,0,10.64754896068627,0.0030555555555555557,2142.0,0,2,0.11
2142.5,11,1,1,0,0,1,1,0,0,10.541831068720406,0.0030555555555555557,2142.5,0,2,0.11
2143.0,11,1,1,0,0,1,1,0,0,10.712416110108807,0.0030555555555555557,2143.0,0,2,0.11
2143.5,11,1,1,0,0,1,1,0,0,10.557252707580433,0.0030555555555555557,2143.5,0,2,0.11
2144.0,11,1,1,0,0,1,1,0,0,10.652907365522845,0.0030555555555555557,2144.0,0,2,0.11
2144.5,10,1,1,0,0,1,1,0,0,10.498088061594983,0.002777777777777778,2144.5,0,2,0.1
2145.0,10,1,1,0,0,1,1,0,0,10.607092697086859,0.002777777777777778,2145.0,0,2,0.1
2145.5,10,1,1,0,0,1,1,0,0,10.520580270788281,0.002777777777777778,2145.5,0,2,0.1
2146.0,10,1,1,0,0,1,1,0,0,10.579794400422484,0.002777777777777778,2146.0,0,2,0.1
2146.5,10,1,1,0,0,1,1,0,0,10.603994125414989,0.002777777777777778,2146.5,0,2,0.1
2147.0,10,1,1,0,0,1,1,0,0,10.663714973876134,0.002777777777777778,2147.0,0,2,0.1
2147.5,10,1,1,0,0,1,1,0,0,10.493500992951097,0.002777777777777778,2147.5,0,2,0.1
2148.0,14,1,1,0,0,1,1,0,0,10.743601631278006,0.0038888888888888888,2148.0,0,2,0.14
2148.5,14,1,1,0,0,1,1,0,0,10.737260514079955,0.0038888888888888888,2148.5,0,2,0.14
2149.0,14,1,1,0,0,1,1,0,0,10.78059069554401,0.0038888888888888888,2149.0,0,2,0.14
2149.5,14,1,1,0,0,1,1,0,0,10.837790690920881,0.0038888888888888888,2149.5,0,2,0.14
2150.0,14,1,1,0,0,1,1,0,0,10.998640264488856,0.0038888888888888888,2150.0,0,2,0.14
2150.5,14,1,1,0,0,1,1,0,0,11.034514500747534,0.0038888888888888888,2150.5,0,2,0.14
2151.0,14,1,1,0,0,1,1,0,0,11.093228860625429,0.0038888888888888888,2151.0,0,2,0.14
2151.5,14,1,1,0,0,1,1,0,0,11.03789074401402,0.0038888888888888888,2151.5,0,2,0.14
2152.0,14,1,1,0,0,1,1,0,0,10.959161522193108,0.0038888888888888888,2152.0,0,2,0.14
2152.5,14,1,1,0,0,1,1,0,0,10.98722062454934,0.0038888888888888888,2152.5,0,2,0.14
2153.0,14,1,1,0,0,1,1,0,0,10.944333864352924,0.0038888888888888888,2153.0,0,2,0.14
2153.5,14,1,1,0,0,1,1,0,0,10.761705474400861,0.0038888888888888888,2153.5,0,2,0.14
2154.0,14,1,1,0,0,1,1,0,0,10.564421743454137,0.0038888888888888888,2154.0,0,2,0.14
2154.5,14,1,1,0,0,1,1,0,0,10.40902960286751,0.0038888888888888888,2154.5,0,2,0.14
2155.0,14,1,1,0,0,1,1,0,0,10.150034482974695,0.0038888888888888888,2155.0,0,2,0.14
2155.5,13,1,1,0,0,1,1,0,0,9.556521816993564,0.003611111111111111,2155.5,0,2,0.13
2156.0,12,1,2,0,0,1,2,0,0,9.022270551421359,0.0033333333333333335,2156.0,0,2,0.12
2156.5,12,1,2,0,0,1,2,0,0,8.877255937074041,0.0033333333333333335,2156.5,0,2,0.12
2157.0,12,1,2,0,0,1,2,0,0,8.584295750419129,0.0033333333333333335,2157.0,0,3,0.12
2157.5,12,1,2,0,0,1,2,0,0,8.530892484293476,0.0033333333333333335,2157.5,0,3,0.12
2158.0,12,2,2,0,0,2,2,0,0,8.44702483356349,0.0033333333333333335,2158.0,0,3,0.12
2158.5,12,2,2,0,0,2,2,0,0,8.527056269977528,0.0033333333333333335,2158.5,0,3,0.12
2159.0,12,2,2,0,0,2,2,0,0,8.49349823732625,0.0033333333333333335,2159.0,0,3,0.12
2159.5,12,2,2,0,0,2,2,0,0,8.430991862002708,0.0033333333333333335,2159.5,0,3,0.12
2160.0,12,0,0,0,0,0,0,0,0,8.90921234576624,0.0033333333333333335,2160.0,0,0,0.12
2160.5,12,0,0,0,0,0,0,0,0,9.10957142685285,0.0033333333333333335,2160.5,0,0,0.12
2161.0,11,0,0,0,0,0,0,0,0,9.12718727622136,0.0030555555555555557,2161.0,0,0,0.11
2161.5,11,0,0,0,0,0,0,0,0,9.442606430263018,0.0030555555555555557,2161.5,0,0,0.11
2162.0,11,0,0,0,0,0,0,0,0,9.79785653964804,0.0030555555555555557,2162.0,0,0,0.11
2162.5,11,0,0,0,0,0,0,0,0,10.24241869008335,0.0030555555555555557,2162.5,0,0,0.11
2163.0,11,0,0,0,0,0,0,0,0,10.482581843255184,0.0030555555555555557,2163.0,0,0,0.11
2163.5,11,0,0,0,0,0,0,0,0,11.033207550460062,0.0030555555555555557,2163.5,0,0,0.11
2164.0,11,0,0,0,0,0,0,0,0,11.30439321455183,0.0030555555555555557,2164.0,0,0,0.11
2164.5,11,0,0,0,0,0,0,0,0,11.671242230472721,0.0030555555555555557,2164.5,0,0,0.11
2165.0,11,0,0,0,0,0,0,0,0,12.055560018408336,0.0030555555555555557,2165.0,0,0,0.11
2165.5,11,0,0,0,0,0,0,0,0,12.347743654812405,0.0030555555555555557,2165.5,0,0,0.11
2166.0,11,0,0,0,0,0,0,0,0,12.726848555960595,0.0030555555555555557,2166.0,0,0,0.11
2166.5,11,0,0,0,0,0,0,0,0,12.858358551234955,0.0030555555555555557,2166.5,0,0,0.11
2167.0,11,0,0,0,0,0,0,0,0,12.795736783078423,0.0030555555555555557,2167.0,0,0,0.11
2167.5,11,0,0,0,0,0,0,0,0,12.792010432736966,0.0030555555555555557,2167.5,0,0,0.11
2168.0,11,0,0,0,0,0,0,0,0,12.976829306323186,0.0030555555555555557,2168.0,0,0,0.11
2168.5,11,0,0,0,0,0,0,0,0,12.91568336837135,0.0030555555555555557,2168.5,0,0,0.11
2169.0,11,0,0,0,0,0,0,0,0,12.76592293918486,0.0030555555555555557,2169.0,0,0,0.11
2169.5,11,0,0,0,0,0,0,0,0,12.725859919031802,0.0030555555555555557,2169.5,0,0,0.11
2170.0,11,0,0,0,0,0,0,0,0,12.721649236292508,0.0030555555555555557,2170.0,0,0,0.11
2170.5,11,0,0,0,0,0,0,0,0,12.745273708595658,0.0030555555555555557,2170.5,0,0,0.11
2171.0,11,0,0,0,0,0,0,0,0,12.76099256635658,0.0030555555555555557,2171.0,0,0,0.11
2171.5,11,0,0,0,0,0,0,0,0,12.80644696352658,0.0030555555555555557,2171.5,0,0,0.11
2172.0,11,0,0,0,0,0,0,0,0,12.91875501354451,0.0030555555555555557,2172.0,0,0,0.11
2172.5,10,0,0,0,0,0,0,0,0,12.922379087714114,0.002777777777777778,2172.5,0,0,0.1
2173.0,10,0,0,0,0,0,0,0,0,12.86175897965241,0.002777777777777778,2173.0,0,0,0.1
2173.5,10,0,0,0,0,0,0,0,0,12.930206654892867,0.002777777777777778,2173.5,0,0,0.1
2174.0,10,0,0,0,0,0,0,0,0,12.898093189878026,0.002777777777777778,2174.0,0,0,0.1
2174.5,10,0,0,0,0,0,0,0,0,12.95310144960797,0.002777777777777778,2174.5,0,0,0.1
2175.0,10,0,0,0,0,0,0,0,0,12.812897033423983,0.002777777777777778,2175.0,0,0,0.1
2175.5,10,0,0,0,0,0,0,0,0,12.948043654084074,0.002777777777777778,2175.5,0,0,0.1
2176.0,10,0,0,0,0,0,0,0,0,13.016126364318524,0.002777777777777778,2176.0,0,0,0.1
2176.5,10,0,0,0,0,0,0,0,0,12.962361355813087,0.002777777777777778,2176.5,0,0,0.1
2177.0,10,0,0,0,0,0,0,0,0,12.941628445899449,0.002777777777777778,2177.0,0,0,0.1
2177.5,10,0,0,0,0,0,0,0,0,12.823580262337677,0.002777777777777778,2177.5,0,0,0.1
2178.0,10,0,0,0,0,0,0,0,0,13.013717843031378,0.002777777777777778,2178.0,0,0,0.1
2178.5,14,0,0,0,0,0,0,0,0,13.14656994665192,0.0038888888888888888,2178.5,0,0,0.14
2179.0,14,0,0,0,0,0,0,0,0,13.085616831955113,0.0038888888888888888,2179.0,0,0,0.14
2179.5,14,0,0,0,0,0,0,0,0,13.116797227858681,0.0038888888888888888,2179.5,0,0,0.14
2180.0,14,0,0,0,0,0,0,0,0,13.103662270517601,0.0038888888888888888,2180.0,0,0,0.14
2180.5,14,0,0,0,0,0,0,0,0,12.972702863458727,0.0038888888888888888,2180.5,0,0,0.14
2181.0,14,0,0,0,0,0,0,0,0,13.01176092823287,0.0038888888888888888,2181.0,0,0,0.14
2181.5,14,0,0,0,0,0,0,0,0,12.974327144438883,0.0038888888888888888,2181.5,0,0,0.14
2182.0,14,0,0,0,0,0,0,0,0,13.022717636183883,0.0038888888888888888,2182.0,0,0,0.14
2182.5,14,0,0,0,0,0,0,0,0,12.994867649594122,0.0038888888888888888,2182.5,0,0,0.14
2183.0,14,0,0,0,0,0,0,0,0,12.82747921404615,0.0038888888888888888,2183.0,0,0,0.14
2183.5,14,0,0,0,0,0,0,0,0,12.679852795165532,0.0038888888888888888,2183.5,0,0,0.14
2184.0,14,0,0,0,0,0,0,0,0,12.513361267838993,0.0038888888888888888,2184.0,0,0,0.14
2184.5,14,0,0,0,0,0,0,0,0,12.354056632054306,0.0038888888888888888,2184.5,0,0,0.14
2185.0,14,0,0,0,0,0,0,0,0,12.17956767223446,0.0038888888888888888,2185.0,0,0,0.14
2185.5,14,0,0,0,0,0,0,0,0,12.106187561803267,0.0038888888888888888,2185.5,0,0,0.14
2186.0,14,0,0,1,0,0,0,1,0,11.973813933390327,0.0038888888888888888,2186.0,0,0,0.14
2186.5,14,0,0,1,0,0,0,1,0,12.064141841803947,0.0038888888888888888,2186.5,0,0,0.14
2187.0,14,0,0,1,0,0,0,1,0,12.112814974727499,0.0038888888888888888,2187.0,0,0,0.14
2187.5,14,0,0,1,0,0,0,1,0,12.000881958735533,0.0038888888888888888,2187.5,0,0,0.14
2188.0,14,0,0,1,0,0,0,1,0,12.01796463630147,0.0038888888888888888,2188.0,0,0,0.14
2188.5,14,0,0,1,0,0,0,1,0,11.973012739447224,0.0038888888888888888,2188.5,0,0,0.14
2189.0,14,0,0,1,0,0,0,1,0,12.07884818528531,0.0038888888888888888,2189.0,0,0,0.14
2189.5,14,0,0,1,0,0,0,1,0,12.029848759347654,0.0038888888888888888,2189.5,0,0,0.14
2190.0,14,0,0,1,0,0,0,1,0,12.105499757102738,0.0038888888888888888,2190.0,0,0,0.14
2190.5,14,0,0,1,0,0,0,1,0,11.991331254753097,0.0038888888888888888,2190.5,0,0,0.14
2191.0,14,0,0,1,0,0,0,1,0,11.997730858484132,0.0038888888888888888,2191.0,0,0,0.14
2191.5,13,0,0,1,0,0,0,1,0,11.980797313128686,0.003611111111111111,2191.5,0,0,0.13
2192.0,12,0,0,1,0,0,0,1,0,11.760063821105602,0.0033333333333333335,2192.0,0,0,0.12
2192.5,12,0,0,1,0,0,0,1,0,11.757764373822491,0.0033333333333333335,2192.5,0,0,0.12
2193.0,12,0,0,1,0,0,0,1,0,11.797351039888675,0.0033333333333333335,2193.0,0,0,0.12
2193.5,12,0,0,1,0,0,0,1,0,11.771363967495597,0.0033333333333333335,2193.5,0,0,0.12
2194.0,12,0,0,1,0,0,0,1,0,11.7362971321355,0.0033333333333333335,2194.0,0,0,0.12
2194.5,12,0,0,1,0,0,0,1,0,11.735091074467464,0.0033333333333333335,2194.5,0,0,0.12
2195.0,12,0,0,1,0,0,0,1,0,11.583060061731723,0.0033333333333333335,2195.0,0,0,0.12
2195.5,12,0,0,1,0,0,0,1,0,11.424821204055355,0.0033333333333333335,2195.5,0,0,0.12
2196.0,12,0,0,1,0,0,0,1,0,11.30266557992254,0.0033333333333333335,2196.0,0,0,0.12
2196.5,12,0,0,1,0,0,0,1,0,11.055869148755178,0.0033333333333333335,2196.5,0,0,0.12
2197.0,12,0,0,1,0,0,0,1,0,11.020912242117603,0.0033333333333333335,2197.0,0,0,0.12
2197.5,12,0,0,1,1,0,0,1,1,11.028436614002336,0.0033333333333333335,2197.5,0,0,0.12
2198.0,12,0,0,1,1,0,0,1,1,10.983673279893042,0.0033333333333333335,2198.0,0,0,0.12
2198.5,12,0,0,1,1,0,0,1,1,11.021832502898723,0.0033333333333333335,2198.5,0,0,0.12
2199.0,12,0,0,1,1,0,0,1,1,11.019611657165214,0.0033333333333333335,2199.0,0,0,0.12
2199.5,12,0,0,1,1,0,0,1,1,10.993011320931243,0.0033333333333333335,2199.5,0,0,0.12
2200.0,12,0,0,1,1,0,0,1,1,11.004415792259572,0.0033333333333333335,2200.0,0,0,0.12
2200.5,10,0,0,1,1,0,0,1,1,10.559967077879694,0.002777777777777778,2200.5,0,0,0.1
2201.0,10,0,0,1,1,0,0,1,1,10.532830823484103,0.002777777777777778,2201.0,0,0,0.1
2201.5,9,0,0,1,1,0,0,1,1,10.183596495642284,0.0025,2201.5,0,0,0.09
2202.0,9,0,0,1,1,0,0,1,1,10.196891315854266,0.0025,2202.0,0,1,0.09
2202.5,8,0,0,1,1,0,0,1,1,9.882514643103582,0.0022222222222222222,2202.5,0,1,0.08
2203.0,8,0,0,1,1,0,0,1,1,9.821446861415984,0.0022222222222222222,2203.0,0,1,0.08
2203.5,8,0,0,1,1,0,0,1,1,9.851639700962346,0.0022222222222222222,2203.5,0,1,0.08
2204.0,8,0,0,1,1,0,0,1,1,9.805371750756398,0.0022222222222222222,2204.0,0,1,0.08
2204.5,8,0,0,1,1,0,0,1,1,9.814371720591383,0.0022222222222222222,2204.5,0,1,0.08
2205.0,8,0,0,0,0,0,0,0,0,10.052612925372317,0.0022222222222222222,2205.0,0,2,0.08
2205.5,8,0,0,0,0,0,0,0,0,10.381961068031186,0.0022222222222222222,2205.5,0,2,0.08
2206.0,8,0,0,0,0,0,0,0,0,10.707087746258575,0.0022222222222222222,2206.0,0,2,0.08
2206.5,8,0,0,0,0,0,0,0,0,10.913676558749675,0.0022222222222222222,2206.5,0,2,0.08
2207.0,8,0,0,0,0,0,0,0,0,11.080753399289486,0.0022222222222222222,2207.0,0,2,0.08
2207.5,8,0,0,0,0,0,0,0,0,11.35328634196815,0.0022222222222222222,2207.5,0,2,0.08
2208.0,8,0,0,0,0,0,0,0,0,11.573003583607012,0.0022222222222222222,2208.0,0,2,0.08
2208.5,12,0,0,0,0,0,0,0,0,12.469743790677242,0.0033333333333333335,2208.5,0,2,0.12
2209.0,12,0,0,0,0,0,0,0,0,12.52033748788915,0.0033333333333333335,2209.0,0,2,0.12
2209.5,12,0,0,0,0,0,0,0,0,12.737610156024077,0.0033333333333333335,2209.5,0,2,0.12
2210.0,12,0,0,0,0,0,0,0,0,12.812780178741582,0.0033333333333333335,2210.0,0,2,0.12
2210.5,12,0,0,0,0,0,0,0,0,12.843064252775811,0.0033333333333333335,2210.5,0,2,0.12
2211.0,12,0,0,0,0,0,0,0,0,13.065375848316966,0.0033333333333333335,2211.0,0,2,0.12
2211.5,12,0,0,0,0,0,0,0,0,13.00418163994002,0.0033333333333333335,2211.5,0,2,0.12
2212.0,12,0,0,0,0,0,0,0,0,13.081625733696901,0.0033333333333333335,2212.0,0,2,0.12
2212.5,12,0,0,0,0,0,0,0,0,12.989002317534222,0.0033333333333333335,2212.5,0,2,0.12
2213.0,12,0,0,0,0,0,0,0,0,12.982515964554862,0.0033333333333333335,2213.0,0,2,0.12
2213.5,12,0,0,0,0,0,0,0,0,13.041553259886031,0.0033333333333333335,2213.5,0,2,0.12
2214.0,12,0,0,0,0,0,0,0,0,13.00165614595913,0.0033333333333333335,2214.0,0,2,0.12
2214.5,12,0,0,0,0,0,0,0,0,12.63276753278072,0.0033333333333333335,2214.5,0,2,0.12
2215.0,12,0,0,0,0,0,0,0,0,12.30500350194451,0.0033333333333333335,2215.0,0,2,0.12
2215.5,12,0,0,0,0,0,0,0,0,12.097671598179161,0.0033333333333333335,2215.5,0,2,0.12
2216.0,12,0,0,0,0,0,0,0,0,11.68700190825001,0.0033333333333333335,2216.0,0,2,0.12
2216.5,12,0,0,0,0,0,0,0,0,11.232022690778455,0.0033333333333333335,2216.5,0,2,0.12
2217.0,12,0,0,0,0,0,0,0,0,10.928694177212213,0.0033333333333333335,2217.0,0,2,0.12
2217.5,12,1,1,0,0,1,1,0,0,10.843041564873106,0.0033333333333333335,2217.5,0,2,0.12
2218.0,12,1,1,0,0,1,1,0,0,10.73492020319196,0.0033333333333333335,2218.0,0,2,0.12
2218.5,12,1,1,0,0,1,1,0,0,10.805486000176836,0.0033333333333333335,2218.5,0,2,0.12
2219.0,12,1,1,0,0,1,1,0,0,10.789895809311725,0.0033333333333333335,2219.0,0,2,0.12
2219.5,12,1,1,0,0,1,1,0,0,10.801905220168715,0.0033333333333333335,2219.5,0,2,0.12
2220.0,12,1,1,0,0,1,1,0,0,10.796153424351276,0.0033333333333333335,2220.0,0,2,0.12
2220.5,12,1,1,0,0,1,1,0,0,10.798633045336382,0.0033333333333333335,2220.5,0,2,0.12
2221.0,12,1,1,0,0,1,1,0,0,10.829130253521642,0.0033333333333333335,2221.0,0,2,0.12
2221.5,12,1,1,0,0,1,1,0,0,10.818389700338512,0.0033333333333333335,2221.5,0,2,0.12
2222.0,12,1,1,0,0,1,1,0,0,10.809233451007861,0.0033333333333333335,2222.0,0,2,0.12
2222.5,12,1,1,0,0,1,1,0,0,10.870407173400274,0.0033333333333333335,2222.5,0,2,0.12
2223.0,11,1,1,0,0,1,1,0,0,10.66960856856948,0.0030555555555555557,2223.0,0,2,0.11
2223.5,11,1,1,0,0,1,1,0,0,10.544109494529074,0.0030555555555555557,2223.5,0,2,0.11
2224.0,11,1,1,0,0,1,1,0,0,10.612647886118133,0.0030555555555555557,2224.0,0,2,0.11
2224.5,11,1,1,0,0,1,1,0,0,10.640788793293972,0.0030555555555555557,2224.5,0,2,0.11
2225.0,11,1,1,0,0,1,1,0,0,10.621767107793133,0.0030555555555555557,2225.0,0,2,0.11
2225.5,11,1,1,0,0,1,1,0,0,10.707048279761382,0.0030555555555555557,2225.5,0,2,0.11
2226.0,11,1,1,0,0,1,1,0,0,10.552490352062426,0.0030555555555555557,2226.0,0,2,0.11
2226.5,11,1,1,0,0,1,1,0,0,10.631800988201181,0.0030555555555555557,2226.5,0,2,0.11
2227.0,11,1,1,0,0,1,1,0,0,10.584938471200244,0.0030555555555555557,2227.0,0,2,0.11
2227.5,11,1,1,0,0,1,1,0,0,10.638497540155768,0.0030555555555555557,2227.5,0,2,0.11
2228.0,11,1,1,0,0,1,1,0,0,10.56791475851682,0.0030555555555555557,2228.0,0,2,0.11
2228.5,11,1,1,0,0,1,1,0,0,10.63937292060462,0.0030555555555555557,2228.5,0,2,0.11
2229.0,11,1,1,0,0,1,1,0,0,10.528668868322645,0.0030555555555555557,2229.0,0,2,0.11
2229.5,11,1,1,0,0,1,1,0,0,10.556115857413602,0.0030555555555555557,2229.5,0,2,0.11
2230.0,11,1,1,0,0,1,1,0,0,10.437961831124412,0.0030555555555555557,2230.0,0,2,0.11
2230.5,11,1,1,0,0,1,1,0,0,10.464190555241395,0.0030555555555555557,2230.5,0,2,0.11
2231.0,11,1,1,0,0,1,1,0,0,10.433717900134432,0.0030555555555555557,2231.0,0,2,0.11
2231.5,10,1,1,0,0,1,1,0,0,10.293454472023434,0.002777777777777778,2231.5,0,2,0.1
2232.0,10,1,1,0,0,1,1,0,0,10.329931879240245,0.002777777777777778,2232.0,0,2,0.1
2232.5,10,1,1,0,0,1,1,0,0,10.28900735890783,0.002777777777777778,2232.5,0,2,0.1
2233.0,10,1,1,0,0,1,1,0,0,10.298552433555646,0.002777777777777778,2233.0,0,2,0.1
2233.5,10,1,1,0,0,1,1,0,0,10.265435670539585,0.002777777777777778,2233.5,0,2,0.1
2234.0,10,1,1,0,0,1,1,0,0,10.352617295745143,0.002777777777777778,2234.0,0,2,0.1
2234.5,10,1,1,0,0,1,1,0,0,10.468390225575853,0.002777777777777778,2234.5,0,2,0.1
2235.0,10,1,1,0,0,1,1,0,0,10.50891114019543,0.002777777777777778,2235.0,0,2,0.1
2235.5,10,1,1,0,0,1,1,0,0,10.51578634967898,0.002777777777777778,2235.5,0,2,0.1
2236.0,10,1,1,0,0,1,1,0,0,10.479530007806478,0.002777777777777778,2236.0,0,2,0.1
2236.5,10,1,1,0,0,1,1,0,0,10.474483764769845,0.002777777777777778,2236.5,0,2,0.1
2237.0,10,1,1,0,0,1,1,0,0,10.453550238736076,0.002777777777777778,2237.0,0,2,0.1
2237.5,10,1,1,0,0,1,1,0,0,10.351155931140397,0.002777777777777778,2237.5,0,2,0.1
2238.0,10,1,1,0,0,1,1,0,0,10.46099678870743,0.002777777777777778,2238.0,0,2,0.1
2238.5,10,1,1,0,0,1,1,0,0,10.438360468891783,0.002777777777777778,2238.5,0,2,0.1
2239.0,14,1,1,0,0,1,1,0,0,10.96663192139796,0.0038888888888888888,2239.0,0,2,0.14
2239.5,14,1,1,0,0,1,1,0,0,10.910604577288707,0.0038888888888888888,2239.5,0,2,0.14
2240.0,14,1,1,0,0,1,1,0,0,10.960440680451999,0.0038888888888888888,2240.0,0,2,0.14
2240.5,14,1,1,0,0,1,1,0,0,11.085308512163891,0.0038888888888888888,2240.5,0,2,0.14
2241.0,14,1,1,0,0,1,1,0,0,11.058387481254105,0.0038888888888888888,2241.0,0,2,0.14
2241.5,14,1,1,0,0,1,1,0,0,11.203521543585738,0.0038888888888888888,2241.5,0,2,0.14
2242.0,14,1,1,0,0,1,1,0,0,11.22028329544699,0.0038888888888888888,2242.0,0,2,0.14
2242.5,14,1,1,0,0,1,1,0,0,11.321434345991097,0.0038888888888888888,2242.5,0,2,0.14
2243.0,14,1,1,0,0,1,1,0,0,11.295123013602518,0.0038888888888888888,2243.0,0,2,0.14
2243.5,14,1,1,0,0,1,1,0,0,11.121193447640012,0.0038888888888888888,2243.5,0,2,0.14
2244.0,14,1,1,0,0,1,1,0,0,10.986136236245459,0.0038888888888888888,2244.0,0,2,0.14
2244.5,14,1,1,0,0,1,1,0,0,10.765269327832888,0.0038888888888888888,2244.5,0,2,0.14
2245.0,14,1,1,0,0,1,1,0,0,10.443547347402339,0.0038888888888888888,2245.0,0,2,0.14
2245.5,13,1,1,0,0,1,1,0,0,9.897002064739322,0.003611111111111111,2245.5,0,2,0.13
2246.0,13,1,1,0,0,1,1,0,0,9.552971200270033,0.003611111111111111,2246.0,0,2,0.13
2246.5,13,2,1,0,0,2,1,0,0,9.319790882783673,0.003611111111111111,2246.5,0,2,0.13
2247.0,13,2,1,0,0,2,1,0,0,9.250662612969911,0.003611111111111111,2247.0,0,3,0.13
2247.5,13,2,1,0,0,2,1,0,0,9.082979438064552,0.003611111111111111,2247.5,0,3,0.13
2248.0,13,2,2,0,0,2,2,0,0,9.163208133349235,0.003611111111111111,2248.0,0,3,0.13
2248.5,13,2,2,0,0,2,2,0,0,9.15419014590999,0.003611111111111111,2248.5,0,3,0.13
2249.0,13,2,2,0,0,2,2,0,0,9.137125658962798,0.003611111111111111,2249.0,0,3,0.13
2249.5,13,2,2,0,0,2,2,0,0,9.042447594683022,0.003611111111111111,2249.5,0,3,0.13
2250.0,13,0,0,0,0,0,0,0,0,9.435564178765622,0.003611111111111111,2250.0,0,0,0.13
2250.5,13,0,0,0,0,0,0,0,0,9.705070884645998,0.003611111111111111,2250.5,0,0,0.13
2251.0,13,0,0,0,0,0,0,0,0,10.069716673476238,0.003611111111111111,2251.0,0,0,0.13
2251.5,13,0,0,0,0,0,0,0,0,10.374148000489537,0.003611111111111111,2251.5,0,0,0.13
2252.0,12,0,0,0,0,0,0,0,0,10.569808189004787,0.0033333333333333335,2252.0,0,0,0.12
2252.5,12,0,0,0,0,0,0,0,0,10.780591915781116,0.0033333333333333335,2252.5,0,0,0.12
2253.0,11,0,0,0,0,0,0,0,0,10.861812707186646,0.0030555555555555557,2253.0,0,0,0.11
2253.5,11,0,0,0,0,0,0,0,0,11.303231392329486,0.0030555555555555557,2253.5,0,0,0.11
2254.0,11,0,0,0,0,0,0,0,0,11.669141507902957,0.0030555555555555557,2254.0,0,0,0.11
2254.5,11,0,0,0,0,0,0,0,0,11.89527597711173,0.0030555555555555557,2254.5,0,0,0.11
2255.0,11,0,0,0,0,0,0,0,0,12.39883150774631,0.0030555555555555557,2255.0,0,0,0.11
2255.5,11,0,0,0,0,0,0,0,0,12.796297895204203,0.0030555555555555557,2255.5,0,0,0.11
2256.0,11,0,0,0,0,0,0,0,0,13.008664105138848,0.0030555555555555557,2256.0,0,0,0.11
2256.5,11,0,0,0,0,0,0,0,0,13.063755702589516,0.0030555555555555557,2256.5,0,0,0.11
2257.0,10,0,0,0,0,0,0,0,0,13.373784425352303,0.002777777777777778,2257.0,0,0,0.1
2257.5,10,0,0,0,0,0,0,0,0,13.372585005255482,0.002777777777777778,2257.5,0,0,0.1
2258.0,10,0,0,0,0,0,0,0,0,13.399638119689723,0.002777777777777778,2258.0,0,0,0.1
2258.5,10,0,0,0,0,0,0,0,0,13.306622634018373,0.002777777777777778,2258.5,0,0,0.1
2259.0,10,0,0,0,0,0,0,0,0,13.407712170561377,0.002777777777777778,2259.0,0,0,0.1
2259.5,10,0,0,0,0,0,0,0,0,13.400918869268448,0.002777777777777778,2259.5,0,0,0.1
2260.0,10,0,0,0,0,0,0,0,0,13.415383425170393,0.002777777777777778,2260.0,0,0,0.1
2260.5,10,0,0,0,0,0,0,0,0,13.366913232959874,0.002777777777777778,2260.5,0,0,0.1
2261.0,10,0,0,0,0,0,0,0,0,13.430581199458635,0.002777777777777778,2261.0,0,0,0.1
2261.5,10,0,0,0,0,0,0,0,0,13.330987638304311,0.002777777777777778,2261.5,0,0,0.1
2262.0,10,0,0,0,0,0,0,0,0,13.325356019258567,0.002777777777777778,2262.0,0,0,0.1
2262.5,10,0,0,0,0,0,0,0,0,13.294013341977797,0.002777777777777778,2262.5,0,0,0.1
2263.0,10,0,0,0,0,0,0,0,0,13.386028377139544,0.002777777777777778,2263.0,0,0,0.1
2263.5,10,0,0,0,0,0,0,0,0,13.394884922553853,0.002777777777777778,2263.5,0,0,0.1
2264.0,10,0,0,0,0,0,0,0,0,13.353505782574018,0.002777777777777778,2264.0,0,0,0.1
2264.5,10,0,0,0,0,0,0,0,0,13.407764024672167,0.002777777777777778,2264.5,0,0,0.1
2265.0,10,0,0,0,0,0,0,0,0,13.363718714564408,0.002777777777777778,2265.0,0,0,0.1
2265.5,10,0,0,0,0,0,0,0,0,13.403398192484698,0.002777777777777778,2265.5,0,0,0.1
2266.0,10,0,0,0,0,0,0,0,0,13.333304889816159,0.002777777777777778,2266.0,0,0,0.1
2266.5,10,0,0,0,0,0,0,0,0,13.321763593772726,0.002777777777777778,2266.5,0,0,0.1
2267.0,10,0,0,0,0,0,0,0,0,13.415298161425696,0.002777777777777778,2267.0,0,0,0.1
2267.5,10,0,0,0,0,0,0,0,0,13.328028526442893,0.002777777777777778,2267.5,0,0,0.1
2268.0,10,0,0,0,0,0,0,0,0,13.3342337671987,0.002777777777777778,2268.0,0,0,0.1
2268.5,10,0,0,0,0,0,0,0,0,13.356997472850441,0.002777777777777778,2268.5,0,0,0.1
2269.0,14,0,0,0,0,0,0,0,0,13.451552471179143,0.0038888888888888888,2269.0,0,0,0.14
2269.5,14,0,0,0,0,0,0,0,0,13.347171443395794,0.0038888888888888888,2269.5,0,0,0.14
2270.0,14,0,0,0,0,0,0,0,0,13.421673773408083,0.0038888888888888888,2270.0,0,0,0.14
2270.5,14,0,0,0,0,0,0,0,0,13.340990940356038,0.0038888888888888888,2270.5,0,0,0.14
2271.0,14,0,0,0,0,0,0,0,0,13.413121930257196,0.0038888888888888888,2271.0,0,0,0.14
2271.5,14,0,0,0,0,0,0,0,0,13.311517174573726,0.0038888888888888888,2271.5,0,0,0.14
2272.0,14,0,0,0,0,0,0,0,0,13.320024008789678,0.0038888888888888888,2272.0,0,0,0.14
2272.5,14,0,0,0,0,0,0,0,0,13.450075543450007,0.0038888888888888888,2272.5,0,0,0.14
2273.0,14,0,0,0,0,0,0,0,0,13.348415709894962,0.0038888888888888888,2273.0,0,0,0.14
2273.5,14,0,0,0,0,0,0,0,0,13.316403348791484,0.0038888888888888888,2273.5,0,0,0.14
2274.0,14,0,0,0,0,0,0,0,0,13.117371730116586,0.0038888888888888888,2274.0,0,0,0.14
2274.5,14,0,0,0,0,0,0,0,0,12.83863661636058,0.0038888888888888888,2274.5,0,0,0.14
2275.0,14,0,0,0,0,0,0,0,0,12.54095676120246,0.0038888888888888888,2275.0,0,0,0.14
2275.5,14,0,0,0,0,0,0,0,0,12.163250397756178,0.0038888888888888888,2275.5,0,0,0.14
2276.0,14,0,0,0,0,0,0,0,0,11.890156245621514,0.0038888888888888888,2276.0,0,0,0.14
2276.5,14,0,0,0,1,0,0,0,1,11.53113251163712,0.0038888888888888888,2276.5,0,0,0.14
2277.0,14,0,0,0,1,0,0,0,1,11.52830762738915,0.0038888888888888888,2277.0,0,0,0.14
2277.5,14,0,0,1,1,0,0,1,1,11.434180773400826,0.0038888888888888888,2277.5,0,0,0.14
2278.0,14,0,0,1,1,0,0,1,1,11.392199874898031,0.0038888888888888888,2278.0,0,0,0.14
2278.5,14,0,0,1,1,0,0,1,1,11.4686298337919,0.0038888888888888888,2278.5,0,0,0.14
2279.0,14,0,0,1,1,0,0,1,1,11.441843303278548,0.0038888888888888888,2279.0,0,0,0.14
2279.5,14,0,0,1,1,0,0,1,1,11.43042463431342,0.0038888888888888888,2279.5,0,0,0.14
2280.0,14,0,0,1,1,0,0,1,1,11.421654672786236,0.0038888888888888888,2280.0,0,0,0.14
2280.5,14,0,0,1,1,0,0,1,1,11.419009746435075,0.0038888888888888888,2280.5,0,0,0.14
2281.0,14,0,0,1,1,0,0,1,1,11.497433019028886,0.0038888888888888888,2281.0,0,0,0.14
2281.5,14,0,0,1,1,0,0,1,1,11.397271918641211,0.0038888888888888888,2281.5,0,0,0.14
2282.0,12,0,0,1,1,0,0,1,1,11.086311158632634,0.0033333333333333335,2282.0,0,0,0.12
2282.5,12,0,0,1,1,0,0,1,1,11.16247217663301,0.0033333333333333335,2282.5,0,0,0.12
2283.0,12,0,0,1,1,0,0,1,1,11.084152692973234,0.0033333333333333335,2283.0,0,0,0.12
2283.5,12,0,0,1,1,0,0,1,1,11.044365402906443,0.0033333333333333335,2283.5,0,0,0.12
2284.0,12,0,0,1,1,0,0,1,1,11.026444918345746,0.0033333333333333335,2284.0,0,0,0.12
2284.5,12,0,0,1,1,0,0,1,1,11.056507341448926,0.0033333333333333335,2284.5,0,0,0.12
2285.0,12,0,0,1,1,0,0,1,1,11.08584664366857,0.0033333333333333335,2285.0,0,0,0.12
2285.5,12,0,0,1,1,0,0,1,1,11.008660682641677,0.0033333333333333335,2285.5,0,0,0.12
2286.0,12,0,0,1,1,0,0,1,1,11.0376135969483,0.0033333333333333335,2286.0,0,0,0.12
2286.5,12,0,0,1,1,0,0,1,1,11.047655718804345,0.0033333333333333335,2286.5,0,0,0.12
2287.0,12,0,0,1,1,0,0,1,1,11.067765670968889,0.0033333333333333335,2287.0,0,0,0.12
2287.5,12,0,0,1,1,0,0,1,1,11.07656422941139,0.0033333333333333335,2287.5,0,0,0.12
2288.0,12,0,0,1,1,0,0,1,1,11.054607351758449,0.0033333333333333335,2288.0,0,0,0.12
2288.5,12,0,0,1,1,0,0,1,1,11.164856844443605,0.0033333333333333335,2288.5,0,0,0.12
2289.0,12,0,0,1,1,0,0,1,1,11.104973003639499,0.0033333333333333335,2289.0,0,0,0.12
2289.5,12,0,0,1,1,0,0,1,1,11.017204096573492,0.0033333333333333335,2289.5,0,0,0.12
2290.0,12,0,0,1,1,0,0,1,1,11.11772758598448,0.0033333333333333335,2290.0,0,0,0.12
2290.5,11,0,0,1,1,0,0,1,1,10.807846820484519,0.0030555555555555557,2290.5,0,0,0.11
2291.0,11,0,0,1,1,0,0,1,1,10.856439737103422,0.0030555555555555557,2291.0,0,0,0.11
2291.5,9,0,0,1,1,0,0,1,1,10.288234653648761,0.0025,2291.5,0,0,0.09
2292.0,8,0,0,1,1,0,0,1,1,10.013989545931425,0.0022222222222222222,2292.0,0,1,0.08
2292.5,8,0,0,1,1,0,0,1,1,10.053247317499798,0.0022222222222222222,2292.5,0,1,0.08
2293.0,8,0,0,1,1,0,0,1,1,10.023111012833859,0.0022222222222222222,2293.0,0,1,0.08
2293.5,8,0,0,1,1,0,0,1,1,9.965559201067398,0.0022222222222222222,2293.5,0,1,0.08
2294.0,8,0,0,1,1,0,0,1,1,9.923822252412819,0.0022222222222222222,2294.0,0,1,0.08
2294.5,8,0,0,1,1,0,0,1,1,10.080030464863839,0.0022222222222222222,2294.5,0,1,0.08
2295.0,8,0,0,0,0,0,0,0,0,10.274297986868358,0.0022222222222222222,2295.0,0,2,0.08
2295.5,8,0,0,0,0,0,0,0,0,10.537739222382248,0.0022222222222222222,2295.5,0,2,0.08
2296.0,8,0,0,0,0,0,0,0,0,10.772628166342207,0.0022222222222222222,2296.0,0,2,0.08
2296.5,8,0,0,0,0,0,0,0,0,11.013793946450921,0.0022222222222222222,2296.5,0,2,0.08
2297.0,8,0,0,0,0,0,0,0,0,11.364148084437062,0.0022222222222222222,2297.0,0,2,0.08
2297.5,8,0,0,0,0,0,0,0,0,11.570670998363227,0.0022222222222222222,2297.5,0,2,0.08
2298.0,8,0,0,0,0,0,0,0,0,11.908231998596335,0.0022222222222222222,2298.0,0,2,0.08
2298.5,8,0,0,0,0,0,0,0,0,12.18009064536064,0.0022222222222222222,2298.5,0,2,0.08
2299.0,8,0,0,0,0,0,0,0,0,12.390359199130495,0.0022222222222222222,2299.0,0,2,0.08
2299.5,12,0,0,0,0,0,0,0,0,13.010107739280281,0.0033333333333333335,2299.5,0,2,0.12
2300.0,12,0,0,0,0,0,0,0,0,12.94500184197471,0.0033333333333333335,2300.0,0,2,0.12
2300.5,12,0,0,0,0,0,0,0,0,13.280100833613808,0.0033333333333333335,2300.5,0,2,0.12
2301.0,12,0,0,0,0,0,0,0,0,13.218966809872763,0.0033333333333333335,2301.0,0,2,0.12
2301.5,12,0,0,0,0,0,0,0,0,13.372947070990255,0.0033333333333333335,2301.5,0,2,0.12
2302.0,12,0,0,0,0,0,0,0,0,13.338944713271047,0.0033333333333333335,2302.0,0,2,0.12
2302.5,12,0,0,0,0,0,0,0,0,13.35424319152206,0.0033333333333333335,2302.5,0,2,0.12
2303.0,12,0,0,0,0,0,0,0,0,13.333544618736584,0.0033333333333333335,2303.0,0,2,0.12
2303.5,12,0,0,0,0,0,0,0,0,13.263567402654049,0.0033333333333333335,2303.5,0,2,0.12
2304.0,12,0,0,0,0,0,0,0,0,13.022518917229215,0.0033333333333333335,2304.0,0,2,0.12
2304.5,12,0,0,0,0,0,0,0,0,12.686146643198384,0.0033333333333333335,2304.5,0,2,0.12
2305.0,12,0,0,0,0,0,0,0,0,12.354135290144027,0.0033333333333333335,2305.0,0,2,0.12
2305.5,12,0,0,0,0,0,0,0,0,11.990848330613753,0.0033333333333333335,2305.5,0,2,0.12
2306.0,12,0,0,0,0,0,0,0,0,11.713233919852767,0.0033333333333333335,2306.0,0,2,0.12
2306.5,12,0,0,0,0,0,0,0,0,11.335036346096539,0.0033333333333333335,2306.5,0,2,0.12
2307.0,12,0,1,0,0,0,1,0,0,11.260363302375644,0.0033333333333333335,2307.0,0,2,0.12
2307.5,12,1,1,0,0,1,1,0,0,11.17041706105853,0.0033333333333333335,2307.5,0,2,0.12
2308.0,12,1,1,0,0,1,1,0,0,11.126206217087569,0.0033333333333333335,2308.0,0,2,0.12
2308.5,12,1,1,0,0,1,1,0,0,11.120722775096512,0.0033333333333333335,2308.5,0,2,0.12
2309.0,12,1,1,0,0,1,1,0,0,11.114369586388442,0.0033333333333333335,2309.0,0,2,0.12
2309.5,12,1,1,0,0,1,1,0,0,11.099879307126052,0.0033333333333333335,2309.5,0,2,0.12
2310.0,12,1,1,0,0,1,1,0,0,11.108499331065973,0.0033333333333333335,2310.0,0,2,0.12
2310.5,12,1,1,0,0,1,1,0,0,10.962828999264842,0.0033333333333333335,2310.5,0,2,0.12
2311.0,12,1,1,0,0,1,1,0,0,11.15775954822107,0.0033333333333333335,2311.0,0,2,0.12
2311.5,12,1,1,0,0,1,1,0,0,10.982373805508926,0.0033333333333333335,2311.5,0,2,0.12
2312.0,12,1,1,0,0,1,1,0,0,11.082611420737905,0.0033333333333333335,2312.0,0,2,0.12
2312.5,11,1,1,0,0,1,1,0,0,10.822192003961161,0.0030555555555555557,2312.5,0,2,0.11
2313.0,11,1,1,0,0,1,1,0,0,10.756822957010746,0.0030555555555555557,2313.0,0,2,0.11
2313.5,11,1,1,0,0,1,1,0,0,10.847984792574792,0.0030555555555555557,2313.5,0,2,0.11
2314.0,11,1,1,0,0,1,1,0,0,10.898802375409387,0.0030555555555555557,2314.0,0,2,0.11
2314.5,10,1,1,0,0,1,1,0,0,10.615087885983328,0.002777777777777778,2314.5,0,2,0.1
2315.0,10,1,1,0,0,1,1,0,0,10.651860165932254,0.002777777777777778,2315.0,0,2,0.1
2315.5,10,1,1,0,0,1,1,0,0,10.585195010569683,0.002777777777777778,2315.5,0,2,0.1
2316.0,10,1,1,0,0,1,1,0,0,10.620637756925813,0.002777777777777778,2316.0,0,2,0.1
2316.5,10,1,1,0,0,1,1,0,0,10.583860386628464,0.002777777777777778,2316.5,0,2,0.1
2317.0,10,1,1,0,0,1,1,0,0,10.55043737289593,0.002777777777777778,2317.0,0,2,0.1
2317.5,10,1,1,0,0,1,1,0,0,10.592135210817021,0.002777777777777778,2317.5,0,2,0.1
2318.0,10,1,1,0,0,1,1,0,0,10.598711154450235,0.002777777777777778,2318.0,0,2,0.1
2318.5,10,1,1,0,0,1,1,0,0,10.703954886033705,0.002777777777777778,2318.5,0,2,0.1
2319.0,10,1,1,0,0,1,1,0,0,10.635302923802326,0.002777777777777778,2319.0,0,2,0.1
2319.5,10,1,1,0,0,1,1,0,0,10.707671448254066,0.002777777777777778,2319.5,0,2,0.1
2320.0,10,1,1,0,0,1,1,0,0,10.525193515063537,0.002777777777777778,2320.0,0,2,0.1
2320.5,10,1,1,0,0,1,1,0,0,10.649156647064764,0.002777777777777778,2320.5,0,2,0.1
2321.0,10,1,1,0,0,1,1,0,0,10.626527733870123,0.002777777777777778,2321.0,0,2,0.1
2321.5,10,1,1,0,0,1,1,0,0,10.60030440705227,0.002777777777777778,2321.5,0,2,0.1
2322.0,10,1,1,0,0,1,1,0,0,10.608072331259999,0.002777777777777778,2322.0,0,2,0.1
2322.5,10,1,1,0,0,1,1,0,0,10.618553326123898,0.002777777777777778,2322.5,0,2,0.1
2323.0,10,1,1,0,0,1,1,0,0,10.72348443741076,0.002777777777777778,2323.0,0,2,0.1
2323.5,10,1,1,0,0,1,1,0,0,10.667977631905623,0.002777777777777778,2323.5,0,2,0.1
2324.0,10,1,1,0,0,1,1,0,0,10.69960991800627,0.002777777777777778,2324.0,0,2,0.1
2324.5,10,1,1,0,0,1,1,0,0,10.635112006981895,0.002777777777777778,2324.5,0,2,0.1
2325.0,10,1,1,0,0,1,1,0,0,10.759351563659536,0.002777777777777778,2325.0,0,2,0.1
2325.5,10,1,1,0,0,1,1,0,0,10.586237254354444,0.002777777777777778,2325.5,0,2,0.1
2326.0,10,1,1,0,0,1,1,0,0,10.540514819455371,0.002777777777777778,2326.0,0,2,0.1
2326.5,10,1,1,0,0,1,1,0,0,10.612811975679168,0.002777777777777778,2326.5,0,2,0.1
2327.0,10,1,1,0,0,1,1,0,0,10.573558177918702,0.002777777777777778,2327.0,0,2,0.1
2327.5,10,1,1,0,0,1,1,0,0,10.597697172789875,0.002777777777777778,2327.5,0,2,0.1
2328.0,10,1,1,0,0,1,1,0,0,10.605760103385936,0.002777777777777778,2328.0,0,2,0.1
2328.5,10,1,1,0,0,1,1,0,0,10.75427926679006,0.002777777777777778,2328.5,0,2,0.1
2329.0,10,1,1,0,0,1,1,0,0,10.638360740935703,0.002777777777777778,2329.0,0,2,0.1
2329.5,14,1,1,0,0,1,1,0,0,11.021599967094724,0.0038888888888888888,2329.5,0,2,0.14
2330.0,14,1,1,0,0,1,1,0,0,11.009700445373994,0.0038888888888888888,2330.0,0,2,0.14
2330.5,14,1,1,0,0,1,1,0,0,11.052343784509345,0.0038888888888888888,2330.5,0,2,0.14
2331.0,14,1,1,0,0,1,1,0,0,11.206016116238915,0.0038888888888888888,2331.0,0,2,0.14
2331.5,14,1,1,0,0,1,1,0,0,11.274373281763422,0.0038888888888888888,2331.5,0,2,0.14
2332.0,14,1,1,0,0,1,1,0,0,11.312771733492367,0.0038888888888888888,2332.0,0,2,0.14
2332.5,14,1,1,0,0,1,1,0,0,11.42698753003208,0.0038888888888888888,2332.5,0,2,0.14
2333.0,14,1,1,0,0,1,1,0,0,11.230477048262985,0.0038888888888888888,2333.0,0,2,0.14
2333.5,14,1,1,0,0,1,1,0,0,11.332938041704747,0.0038888888888888888,2333.5,0,2,0.14
2334.0,14,1,1,0,0,1,1,0,0,11.306782984480352,0.0038888888888888888,2334.0,0,2,0.14
2334.5,14,1,1,0,0,1,1,0,0,11.154966034439726,0.0038888888888888888,2334.5,0,2,0.14
2335.0,14,1,1,0,0,1,1,0,0,10.794464464348975,0.0038888888888888888,2335.0,0,2,0.14
2335.5,13,1,1,0,0,1,1,0,0,10.29116964550341,0.003611111111111111,2335.5,0,2,0.13
2336.0,12,1,1,0,0,1,1,0,0,9.631233617717434,0.0033333333333333335,2336.0,0,2,0.12
2336.5,12,1,1,0,0,1,1,0,0,9.278648773931698,0.0033333333333333335,2336.5,0,2,0.12
2337.0,12,2,1,0,0,2,1,0,0,8.975485811643656,0.0033333333333333335,2337.0,0,3,0.12
2337.5,12,2,1,0,0,2,1,0,0,8.82536439898299,0.0033333333333333335,2337.5,0,3,0.12
2338.0,12,2,1,0,0,2,1,0,0,8.890070241588452,0.0033333333333333335,2338.0,0,3,0.12
2338.5,12,2,2,0,0,2,2,0,0,8.749149619391366,0.0033333333333333335,2338.5,0,3,0.12
2339.0,12,2,2,0,0,2,2,0,0,8.767628892401788,0.0033333333333333335,2339.0,0,3,0.12
2339.5,12,2,2,0,0,2,2,0,0,8.86057042277757,0.0033333333333333335,2339.5,0,3,0.12
2340.0,12,0,0,0,0,0,0,0,0,9.151570150069206,0.0033333333333333335,2340.0,0,0,0.12
2340.5,12,0,0,0,0,0,0,0,0,9.483626503623212,0.0033333333333333335,2340.5,0,0,0.12
2341.0,12,0,0,0,0,0,0,0,0,9.795260362973906,0.0033333333333333335,2341.0,0,0,0.12
2341.5,12,0,0,0,0,0,0,0,0,10.167428579089972,0.0033333333333333335,2341.5,0,0,0.12
2342.0,12,0,0,0,0,0,0,0,0,10.409321149299624,0.0033333333333333335,2342.0,0,0,0.12
2342.5,11,0,0,0,0,0,0,0,0,10.53830222163913,0.0030555555555555557,2342.5,0,0,0.11
2343.0,11,0,0,0,0,0,0,0,0,10.960263004356026,0.0030555555555555557,2343.0,0,0,0.11
2343.5,11,0,0,0,0,0,0,0,0,11.366681349598087,0.0030555555555555557,2343.5,0,0,0.11
2344.0,11,0,0,0,0,0,0,0,0,11.705995161516977,0.0030555555555555557,2344.0,0,0,0.11
2344.5,11,0,0,0,0,0,0,0,0,12.092831189808653,0.0030555555555555557,2344.5,0,0,0.11
2345.0,11,0,0,0,0,0,0,0,0,12.414092304848522,0.0030555555555555557,2345.0,0,0,0.11
2345.5,11,0,0,0,0,0,0,0,0,12.852765838816596,0.0030555555555555557,2345.5,0,0,0.11
2346.0,11,0,0,0,0,0,0,0,0,13.072697513814006,0.0030555555555555557,2346.0,0,0,0.11
2346.5,11,0,0,0,0,0,0,0,0,13.268252815102151,0.0030555555555555557,2346.5,0,0,0.11
2347.0,11,0,0,0,0,0,0,0,0,13.266257964000745,0.0030555555555555557,2347.0,0,0,0.11
2347.5,10,0,0,0,0,0,0,0,0,13.27700561502908,0.002777777777777778,2347.5,0,0,0.1
2348.0,10,0,0,0,0,0,0,0,0,13.383733641798207,0.002777777777777778,2348.0,0,0,0.1
2348.5,10,0,0,0,0,0,0,0,0,13.367421367797832,0.002777777777777778,2348.5,0,0,0.1
2349.0,10,0,0,0,0,0,0,0,0,13.293192582316294,0.002777777777777778,2349.0,0,0,0.1
2349.5,10,0,0,0,0,0,0,0,0,13.253229634346969,0.002777777777777778,2349.5,0,0,0.1
2350.0,10,0,0,0,0,0,0,0,0,13.261249068321955,0.002777777777777778,2350.0,0,0,0.1
2350.5,10,0,0,0,0,0,0,0,0,13.32115532416461,0.002777777777777778,2350.5,0,0,0.1
2351.0,10,0,0,0,0,0,0,0,0,13.26836766182987,0.002777777777777778,2351.0,0,0,0.1
2351.5,10,0,0,0,0,0,0,0,0,13.337093541337705,0.002777777777777778,2351.5,0,0,0.1
2352.0,10,0,0,0,0,0,0,0,0,13.147558115119645,0.002777777777777778,2352.0,0,0,0.1
2352.5,10,0,0,0,0,0,0,0,0,13.31669289863861,0.002777777777777778,2352.5,0,0,0.1
2353.0,10,0,0,0,0,0,0,0,0,13.12972384732642,0.002777777777777778,2353.0,0,0,0.1
2353.5,10,0,0,0,0,0,0,0,0,13.181419640518323,0.002777777777777778,2353.5,0,0,0.1
2354.0,10,0,0,0,0,0,0,0,0,13.228692953235768,0.002777777777777778,2354.0,0,0,0.1
2354.5,10,0,0,0,0,0,0,0,0,13.310528319105103,0.002777777777777778,2354.5,0,0,0.1
2355.0,10,0,0,0,0,0,0,0,0,13.367929530089786,0.002777777777777778,2355.0,0,0,0.1
2355.5,10,0,0,0,0,0,0,0,0,13.249050289548066,0.002777777777777778,2355.5,0,0,0.1
2356.0,10,0,0,0,0,0,0,0,0,13.305526147357487,0.002777777777777778,2356.0,0,0,0.1
2356.5,10,0,0,0,0,0,0,0,0,13.265830397021091,0.002777777777777778,2356.5,0,0,0.1
2357.0,10,0,0,0,0,0,0,0,0,13.271135649913521,0.002777777777777778,2357.0,0,0,0.1
2357.5,10,0,0,0,0,0,0,0,0,13.32937040041277,0.002777777777777778,2357.5,0,0,0.1
2358.0,10,0,0,0,0,0,0,0,0,13.26374563647976,0.002777777777777778,2358.0,0,0,0.1
2358.5,10,0,0,0,0,0,0,0,0,13.323377331336559,0.002777777777777778,2358.5,0,0,0.1
2359.0,10,0,0,0,0,0,0,0,0,13.382083290551853,0.002777777777777778,2359.0,0,0,0.1
2359.5,10,0,0,0,0,0,0,0,0,13.325363600994057,0.002777777777777778,2359.5,0,0,0.1
2360.0,14,0,0,0,0,0,0,0,0,13.44337605380973,0.0038888888888888888,2360.0,0,0,0.14
2360.5,14,0,0,0,0,0,0,0,0,13.36219301317291,0.0038888888888888888,2360.5,0,0,0.14
2361.0,14,0,0,0,0,0,0,0,0,13.354513861391839,0.0038888888888888888,2361.0,0,0,0.14
2361.5,14,0,0,0,0,0,0,0,0,13.315335351565366,0.0038888888888888888,2361.5,0,0,0.14
2362.0,14,0,0,0,0,0,0,0,0,13.393511175404049,0.0038888888888888888,2362.0,0,0,0.14
2362.5,14,0,0,0,0,0,0,0,0,13.315854030965507,0.0038888888888888888,2362.5,0,0,0.14
2363.0,14,0,0,0,0,0,0,0,0,13.37919041583901,0.0038888888888888888,2363.0,0,0,0.14
2363.5,14,0,0,0,0,0,0,0,0,13.312795052780384,0.0038888888888888888,2363.5,0,0,0.14
2364.0,14,0,0,0,0,0,0,0,0,13.222105313878277,0.0038888888888888888,2364.0,0,0,0.14
2364.5,14,0,0,0,0,0,0,0,0,13.025641436355713,0.0038888888888888888,2364.5,0,0,0.14
2365.0,14,0,0,0,0,0,0,0,0,12.742830122079397,0.0038888888888888888,2365.0,0,0,0.14
2365.5,14,0,0,0,0,0,0,0,0,12.491868354705364,0.0038888888888888888,2365.5,0,0,0.14
2366.0,14,0,0,0,0,0,0,0,0,12.155816841242835,0.0038888888888888888,2366.0,0,0,0.14
2366.5,14,0,0,0,0,0,0,0,0,11.788643811509118,0.0038888888888888888,2366.5,0,0,0.14
2367.0,14,0,0,0,0,0,0,0,0,11.628425217627987,0.0038888888888888888,2367.0,0,0,0.14
2367.5,14,0,0,1,0,0,0,1,0,11.526626725680973,0.0038888888888888888,2367.5,0,0,0.14
2368.0,14,0,0,1,1,0,0,1,1,11.428422915122026,0.0038888888888888888,2368.0,0,0,0.14
2368.5,14,0,0,1,1,0,0,1,1,11.479605095696419,0.0038888888888888888,2368.5,0,0,0.14
2369.0,14,0,0,1,1,0,0,1,1,11.348434483349104,0.0038888888888888888,2369.0,0,0,0.14
2369.5,14,0,0,1,1,0,0,1,1,11.489875419880486,0.0038888888888888888,2369.5,0,0,0.14
2370.0,14,0,0,1,1,0,0,1,1,11.474641384887233,0.0038888888888888888,2370.0,0,0,0.14
2370.5,14,0,0,1,1,0,0,1,1,11.397173619947418,0.0038888888888888888,2370.5,0,0,0.14
2371.0,14,0,0,1,1,0,0,1,1,11.484716213535506,0.0038888888888888888,2371.0,0,0,0.14
2371.5,14,0,0,1,1,0,0,1,1,11.355351171554618,0.0038888888888888888,2371.5,0,0,0.14
2372.0,14,0,0,1,1,0,0,1,1,11.464340737774092,0.0038888888888888888,2372.0,0,0,0.14
2372.5,14,0,0,1,1,0,0,1,1,11.434417726719207,0.0038888888888888888,2372.5,0,0,0.14
2373.0,14,0,0,1,1,0,0,1,1,11.421625156442227,0.0038888888888888888,2373.0,0,0,0.14
2373.5,14,0,0,1,1,0,0,1,1,11.444612343691047,0.0038888888888888888,2373.5,0,0,0.14
2374.0,14,0,0,1,1,0,0,1,1,11.417178000240543,0.0038888888888888888,2374.0,0,0,0.14
2374.5,13,0,0,1,1,0,0,1,1,11.300501239004511,0.003611111111111111,2374.5,0,0,0.13
2375.0,13,0,0,1,1,0,0,1,1,11.366342148448306,0.003611111111111111,2375.0,0,0,0.13
2375.5,13,0,0,1,1,0,0,1,1,11.323744558957836,0.003611111111111111,2375.5,0,0,0.13
2376.0,13,0,0,1,1,0,0,1,1,11.29301425510362,0.003611111111111111,2376.0,0,0,0.13
2376.5,12,0,0,1,1,0,0,1,1,11.106271715781396,0.0033333333333333335,2376.5,0,0,0.12
2377.0,12,0,0,1,1,0,0,1,1,11.161479782984452,0.0033333333333333335,2377.0,0,0,0.12
2377.5,12,0,0,1,1,0,0,1,1,11.121107832963284,0.0033333333333333335,2377.5,0,0,0.12
2378.0,12,0,0,1,1,0,0,1,1,11.099958364633508,0.0033333333333333335,2378.0,0,0,0.12
2378.5,12,0,0,1,1,0,0,1,1,11.169189749888046,0.0033333333333333335,2378.5,0,0,0.12
2379.0,12,0,0,1,1,0,0,1,1,11.10264091326682,0.0033333333333333335,2379.0,0,0,0.12
2379.5,12,0,0,1,1,0,0,1,1,11.175131875995447,0.0033333333333333335,2379.5,0,0,0.12
2380.0,11,0,0,1,1,0,0,1,1,10.912610318852733,0.0030555555555555557,2380.0,0,0,0.11
2380.5,10,0,0,1,1,0,0,1,1,10.630528405160197,0.002777777777777778,2380.5,0,0,0.1
2381.0,8,0,0,1,1,0,0,1,1,10.056143678429805,0.0022222222222222222,2381.0,0,0,0.08
2381.5,8,0,0,1,1,0,0,1,1,10.043009865969802,0.0022222222222222222,2381.5,0,0,0.08
2382.0,8,0,0,1,1,0,0,1,1,10.006929380643566,0.0022222222222222222,2382.0,0,1,0.08
2382.5,8,0,0,1,1,0,0,1,1,9.945350912162837,0.0022222222222222222,2382.5,0,1,0.08
2383.0,8,0,0,1,1,0,0,1,1,10.059347935639822,0.0022222222222222222,2383.0,0,1,0.08
2383.5,8,0,0,1,1,0,0,1,1,9.958500000912032,0.0022222222222222222,2383.5,0,1,0.08
2384.0,8,0,0,1,1,0,0,1,1,9.98418109956009,0.0022222222222222222,2384.0,0,1,0.08
2384.5,8,0,0,1,1,0,0,1,1,9.956656934370844,0.0022222222222222222,2384.5,0,1,0.08
2385.0,8,0,0,0,0,0,0,0,0,10.27481841330999,0.0022222222222222222,2385.0,0,2,0.08
2385.5,8,0,0,0,0,0,0,0,0,10.548041719048701,0.0022222222222222222,2385.5,0,2,0.08
2386.0,8,0,0,0,0,0,0,0,0,10.7241533102122,0.0022222222222222222,2386.0,0,2,0.08
2386.5,8,0,0,0,0,0,0,0,0,10.91293915558817,0.0022222222222222222,2386.5,0,2,0.08
2387.0,8,0,0,0,0,0,0,0,0,11.218746001775795,0.0022222222222222222,2387.0,0,2,0.08
2387.5,8,0,0,0,0,0,0,0,0,11.524468504013562,0.0022222222222222222,2387.5,0,2,0.08
2388.0,8,0,0,0,0,0,0,0,0,11.735168476340545,0.0022222222222222222,2388.0,0,2,0.08
2388.5,8,0,0,0,0,0,0,0,0,11.998142014062974,0.0022222222222222222,2388.5,0,2,0.08
2389.0,8,0,0,0,0,0,0,0,0,12.24652045548027,0.0022222222222222222,2389.0,0,2,0.08
2389.5,8,0,0,0,0,0,0,0,0,12.459722099037386,0.0022222222222222222,2389.5,0,2,0.08
2390.0,12,0,0,0,0,0,0,0,0,13.0509391281712,0.0033333333333333335,2390.0,0,2,0.12
2390.5,12,0,0,0,0,0,0,0,0,13.156048561886509,0.0033333333333333335,2390.5,0,2,0.12
2391.0,12,0,0,0,0,0,0,0,0,13.342767494346182,0.0033333333333333335,2391.0,0,2,0.12
2391.5,12,0,0,0,0,0,0,0,0,13.429219402907705,0.0033333333333333335,2391.5,0,2,0.12
2392.0,12,0,0,0,0,0,0,0,0,13.381950436743345,0.0033333333333333335,2392.0,0,2,0.12
2392.5,12,0,0,0,0,0,0,0,0,13.449229550721881,0.0033333333333333335,2392.5,0,2,0.12
2393.0,12,0,0,0,0,0,0,0,0,13.34810399703889,0.0033333333333333335,2393.0,0,2,0.12
2393.5,12,0,0,0,0,0,0,0,0,13.40295471679452,0.0033333333333333335,2393.5,0,2,0.12
2394.0,12,0,0,0,0,0,0,0,0,13.479195999661014,0.0033333333333333335,2394.0,0,2,0.12
2394.5,12,0,0,0,0,0,0,0,0,13.21631429134301,0.0033333333333333335,2394.5,0,2,0.12
2395.0,12,0,0,0,0,0,0,0,0,12.894559314032039,0.0033333333333333335,2395.0,0,2,0.12
2395.5,12,0,0,0,0,0,0,0,0,12.569166058448367,0.0033333333333333335,2395.5,0,2,0.12
2396.0,12,0,0,0,0,0,0,0,0,12.234705520727134,0.0033333333333333335,2396.0,0,2,0.12
2396.5,12,0,0,0,0,0,0,0,0,11.837291580630007,0.0033333333333333335,2396.5,0,2,0.12
2397.0,12,0,0,0,0,0,0,0,0,11.524544488177796,0.0033333333333333335,2397.0,0,2,0.12
2397.5,12,0,0,0,0,0,0,0,0,11.248646978639883,0.0033333333333333335,2397.5,0,2,0.12
2398.0,12,1,1,0,0,1,1,0,0,11.135094641788656,0.0033333333333333335,2398.0,0,2,0.12
2398.5,12,1,1,0,0,1,1,0,0,11.128664432732213,0.0033333333333333335,2398.5,0,2,0.12
2399.0,12,1,1,0,0,1,1,0,0,11.19624441477791,0.0033333333333333335,2399.0,0,2,0.12
2399.5,12,1,1,0,0,1,1,0,0,11.180704507590406,0.0033333333333333335,2399.5,0,2,0.12
2400.0,16,2,2,0,0,2,2,0,0,9.694378116017571,0.0044444444444444444,2400.0,0,2,0.16
2400.5,16,1,1,0,0,1,1,0,0,9.8170547570263,0.0044444444444444444,2400.5,0,2,0.16
2401.0,16,1,1,0,0,1,1,0,0,9.914129553540539,0.0044444444444444444,2401.0,0,2,0.16
2401.5,16,1,1,0,0,1,1,0,0,9.861018364974285,0.0044444444444444444,2401.5,0,2,0.16
2402.0,16,1,1,0,0,1,1,0,0,9.902142436971467,0.0044444444444444444,2402.0,0,2,0.16
2402.5,16,1,1,0,0,1,1,0,0,9.963291095762091,0.0044444444444444444,2402.5,0,2,0.16
2403.0,15,1,1,0,0,1,1,0,0,9.850090372278805,0.004166666666666667,2403.0,0,2,0.15
2403.5,15,1,1,0,0,1,1,0,0,9.92155354448096,0.004166666666666667,2403.5,0,2,0.15
2404.0,15,1,1,0,0,1,1,0,0,9.942310103252982,0.004166666666666667,2404.0,0,2,0.15
2404.5,15,1,1,0,0,1,1,0,0,9.968025455919236,0.004166666666666667,2404.5,0,2,0.15
2405.0,15,1,1,0,0,1,1,0,0,10.058148654345098,0.004166666666666667,2405.0,0,2,0.15
2405.5,15,1,1,0,0,1,1,0,0,10.129989125136117,0.004166666666666667,2405.5,0,2,0.15
2406.0,15,1,1,0,0,1,1,0,0,10.193621455120994,0.004166666666666667,2406.0,0,2,0.15
2406.5,15,1,1,0,0,1,1,0,0,10.279858817533109,0.004166666666666667,2406.5,0,2,0.15
2407.0,15,1,1,0,0,1,1,0,0,10.292896758978085,0.004166666666666667,2407.0,0,2,0.15
2407.5,15,1,1,0,0,1,1,0,0,10.387658006853565,0.004166666666666667,2407.5,0,2,0.15
2408.0,15,1,1,0,0,1,1,0,0,10.42551801887153,0.004166666666666667,2408.0,0,2,0.15
2408.5,15,1,1,0,0,1,1,0,0,10.497273053403928,0.004166666666666667,2408.5,0,2,0.15
2409.0,15,1,1,0,0,1,1,0,0,10.590054010525797,0.004166666666666667,2409.0,0,2,0.15
2409.5,15,1,1,0,0,1,1,0,0,10.633199839078651,0.004166666666666667,2409.5,0,2,0.15
2410.0,15,1,1,0,0,1,1,0,0,10.713414662897572,0.004166666666666667,2410.0,0,2,0.15
2410.5,15,1,1,0,0,1,1,0,0,10.802550239491262,0.004166666666666667,2410.5,0,2,0.15
2411.0,15,1,1,0,0,1,1,0,0,10.809508900649057,0.004166666666666667,2411.0,0,2,0.15
2411.5,14,1,1,0,0,1,1,0,0,10.783417456352849,0.0038888888888888888,2411.5,0,2,0.14
2412.0,14,1,1,0,0,1,1,0,0,10.93337172277258,0.0038888888888888888,2412.0,0,2,0.14
2412.5,14,1,1,0,0,1,1,0,0,10.869333924338516,0.0038888888888888888,2412.5,0,2,0.14
2413.0,14,1,1,0,0,1,1,0,0,10.757434581297845,0.0038888888888888888,2413.0,0,2,0.14
2413.5,14,1,1,0,0,1,1,0,0,10.785405638161576,0.0038888888888888888,2413.5,0,2,0.14
2414.0,14,1,1,0,0,1,1,0,0,10.86412550918794,0.0038888888888888888,2414.0,0,2,0.14
2414.5,14,1,1,0,0,1,1,0,0,10.862561402365463,0.0038888888888888888,2414.5,0,2,0.14
2415.0,14,1,1,0,0,1,1,0,0,10.881471300147934,0.0038888888888888888,2415.0,0,2,0.14
2415.5,14,1,1,0,0,1,1,0,0,10.841116784923306,0.0038888888888888888,2415.5,0,2,0.14
2416.0,14,1,1,0,0,1,1,0,0,10.855099627920623,0.0038888888888888888,2416.0,0,2,0.14
2416.5,14,1,1,0,0,1,1,0,0,10.848101353493515,0.0038888888888888888,2416.5,0,2,0.14
2417.0,14,1,1,0,0,1,1,0,0,10.88995998863533,0.0038888888888888888,2417.0,0,2,0.14
2417.5,14,1,1,0,0,1,1,0,0,10.843563523654455,0.0038888888888888888,2417.5,0,2,0.14
2418.0,14,1,1,0,0,1,1,0,0,10.869920677440104,0.0038888888888888888,2418.0,0,2,0.14
2418.5,14,1,1,0,0,1,1,0,0,10.905862622700129,0.0038888888888888888,2418.5,0,2,0.14
2419.0,14,1,1,0,0,1,1,0,0,10.887279794275722,0.0038888888888888888,2419.0,0,2,0.14
2419.5,14,1,1,0,0,1,1,0,0,10.851600332779705,0.0038888888888888888,2419.5,0,2,0.14
2420.0,14,1,1,0,0,1,1,0,0,10.859994725944071,0.0038888888888888888,2420.0,0,2,0.14
2420.5,18,1,1,0,0,1,1,0,0,11.17197772946971,0.005,2420.5,0,2,0.18
2421.0,18,1,1,0,0,1,1,0,0,11.124598857949017,0.005,2421.0,0,2,0.18
2421.5,18,1,1,0,0,1,1,0,0,11.079759300912519,0.005,2421.5,0,2,0.18
2422.0,18,1,1,0,0,1,1,0,0,11.08864807815963,0.005,2422.0,0,2,0.18
2422.5,18,1,1,0,0,1,1,0,0,11.087539907427523,0.005,2422.5,0,2,0.18
2423.0,18,1,1,0,0,1,1,0,0,11.06847827245209,0.005,2423.0,0,2,0.18
2423.5,18,1,1,0,0,1,1,0,0,11.03209502114809,0.005,2423.5,0,2,0.18
2424.0,18,1,1,0,0,1,1,0,0,11.179130180144883,0.005,2424.0,0,2,0.18
2424.5,18,1,1,0,0,1,1,0,0,11.106163513996806,0.005,2424.5,0,2,0.18
2425.0,18,1,1,0,0,1,1,0,0,10.802592720033848,0.005,2425.0,0,2,0.18
2425.5,17,1,1,0,0,1,1,0,0,10.40552335550833,0.004722222222222222,2425.5,0,2,0.17
2426.0,16,1,1,0,0,1,1,0,0,9.967695843168691,0.0044444444444444444,2426.0,0,2,0.16
2426.5,16,1,1,0,0,1,1,0,0,9.695335311649128,0.0044444444444444444,2426.5,0,2,0.16
2427.0,16,1,1,0,0,1,1,0,0,9.383426956563437,0.0044444444444444444,2427.0,0,3,0.16
2427.5,16,1,1,0,0,1,1,0,0,9.227224319163259,0.0044444444444444444,2427.5,0,3,0.16
2428.0,16,2,2,0,0,2,2,0,0,9.109374785232975,0.0044444444444444444,2428.0,0,3,0.16
2428.5,16,2,2,0,0,2,2,0,0,9.15405799515499,0.0044444444444444444,2428.5,0,3,0.16
2429.0,16,2,2,0,0,2,2,0,0,9.123842494202183,0.0044444444444444444,2429.0,0,3,0.16
2429.5,16,2,2,0,0,2,2,0,0,9.14070042810928,0.0044444444444444444,2429.5,0,3,0.16
2430.0,16,0,0,0,0,0,0,0,0,9.487361283376615,0.0044444444444444444,2430.0,0,0,0.16
2430.5,16,0,0,0,0,0,0,0,0,9.73381993032167,0.0044444444444444444,2430.5,0,0,0.16
2431.0,16,0,0,0,0,0,0,0,0,9.853500177223804,0.0044444444444444444,2431.0,0,0,0.16
2431.5,16,0,0,0,0,0,0,0,0,10.153051304315934,0.0044444444444444444,2431.5,0,0,0.16
2432.0,16,0,0,0,0,0,0,0,0,10.402870525055231,0.0044444444444444444,2432.0,0,0,0.16
2432.5,16,0,0,0,0,0,0,0,0,10.669540089441625,0.0044444444444444444,2432.5,0,0,0.16
2433.0,16,0,0,0,0,0,0,0,0,10.913595347281126,0.0044444444444444444,2433.0,0,0,0.16
2433.5,14,0,0,0,0,0,0,0,0,10.717153091483768,0.0038888888888888888,2433.5,0,0,0.14
2434.0,14,0,0,0,0,0,0,0,0,11.003067693540414,0.0038888888888888888,2434.0,0,0,0.14
2434.5,14,0,0,0,0,0,0,0,0,11.267159532454148,0.0038888888888888888,2434.5,0,0,0.14
2435.0,14,0,0,0,0,0,0,0,0,11.521557746366485,0.0038888888888888888,2435.0,0,0,0.14
2435.5,14,0,0,0,0,0,0,0,0,11.843637664057699,0.0038888888888888888,2435.5,0,0,0.14
2436.0,14,0,0,0,0,0,0,0,0,12.095907477718068,0.0038888888888888888,2436.0,0,0,0.14
2436.5,14,0,0,0,0,0,0,0,0,12.358338474136414,0.0038888888888888888,2436.5,0,0,0.14
2437.0,14,0,0,0,0,0,0,0,0,12.376552249820506,0.0038888888888888888,2437.0,0,0,0.14
2437.5,14,0,0,0,0,0,0,0,0,12.288539216603384,0.0038888888888888888,2437.5,0,0,0.14
2438.0,14,0,0,0,0,0,0,0,0,12.416993992079682,0.0038888888888888888,2438.0,0,0,0.14
2438.5,14,0,0,0,0,0,0,0,0,12.433630744765313,0.0038888888888888888,2438.5,0,0,0.14
2439.0,14,0,0,0,0,0,0,0,0,12.355538305447306,0.0038888888888888888,2439.0,0,0,0.14
2439.5,14,0,0,0,0,0,0,0,0,12.32899706632764,0.0038888888888888888,2439.5,0,0,0.14
2440.0,14,0,0,0,0,0,0,0,0,12.387620378934246,0.0038888888888888888,2440.0,0,0,0.14
2440.5,14,0,0,0,0,0,0,0,0,12.33537113471123,0.0038888888888888888,2440.5,0,0,0.14
2441.0,14,0,0,0,0,0,0,0,0,12.41586282916833,0.0038888888888888888,2441.0,0,0,0.14
2441.5,14,0,0,0,0,0,0,0,0,12.293913506447902,0.0038888888888888888,2441.5,0,0,0.14
2442.0,14,0,0,0,0,0,0,0,0,12.304668305008507,0.0038888888888888888,2442.0,0,0,0.14
2442.5,14,0,0,0,0,0,0,0,0,12.224620306157343,0.0038888888888888888,2442.5,0,0,0.14
2443.0,14,0,0,0,0,0,0,0,0,11.95200222689303,0.0038888888888888888,2443.0,0,0,0.14
2443.5,14,0,0,0,0,0,0,0,0,11.692618558601097,0.0038888888888888888,2443.5,0,0,0.14
2444.0,14,0,0,0,0,0,0,0,0,11.389998921946908,0.0038888888888888888,2444.0,0,0,0.14
2444.5,14,0,0,0,0,0,0,0,0,11.140961096546734,0.0038888888888888888,2444.5,0,0,0.14
2445.0,14,0,0,0,0,0,0,0,0,10.823612538704472,0.0038888888888888888,2445.0,0,0,0.14
2445.5,14,0,0,1,1,0,0,1,1,10.732757487094094,0.0038888888888888888,2445.5,0,0,0.14
2446.0,14,0,0,1,1,0,0,1,1,10.780082318333356,0.0038888888888888888,2446.0,0,0,0.14
2446.5,14,0,0,1,1,0,0,1,1,10.766327935258781,0.0038888888888888888,2446.5,0,0,0.14
2447.0,14,0,0,1,1,0,0,1,1,10.751622843132926,0.0038888888888888888,2447.0,0,0,0.14
2447.5,14,0,0,1,1,0,0,1,1,10.81339430631122,0.0038888888888888888,2447.5,0,0,0.14
2448.0,14,0,0,1,1,0,0,1,1,10.792516567238408,0.0038888888888888888,2448.0,0,0,0.14
2448.5,14,0,0,1,1,0,0,1,1,10.78050998279326,0.0038888888888888888,2448.5,0,0,0.14
2449.0,14,0,0,1,1,0,0,1,1,10.766471952999543,0.0038888888888888888,2449.0,0,0,0.14
2449.5,14,0,0,1,1,0,0,1,1,10.74638956989062,0.0038888888888888888,2449.5,0,0,0.14
2450.0,14,0,0,1,1,0,0,1,1,10.78114379832538,0.0038888888888888888,2450.0,0,0,0.14
2450.5,18,0,0,1,1,0,0,1,1,10.981401083710516,0.005,2450.5,0,0,0.18
2451.0,18,0,0,1,1,0,0,1,1,10.9654447970339,0.005,2451.0,0,0,0.18
2451.5,18,0,0,1,1,0,0,1,1,11.0689069126315,0.005,2451.5,0,0,0.18
2452.0,18,0,0,1,1,0,0,1,1,11.106894787976845,0.005,2452.0,0,0,0.18
2452.5,18,0,0,1,1,0,0,1,1,11.150260598251561,0.005,2452.5,0,0,0.18
2453.0,18,0,0,1,1,0,0,1,1,11.199206707605514,0.005,2453.0,0,0,0.18
2453.5,18,0,0,1,1,0,0,1,1,11.306544668035407,0.005,2453.5,0,0,0.18
2454.0,18,0,0,1,1,0,0,1,1,11.248800318379713,0.005,2454.0,0,0,0.18
2454.5,18,0,0,1,1,0,0,1,1,11.268954173451636,0.005,2454.5,0,0,0.18
2455.0,18,0,0,1,1,0,0,1,1,11.207531655815384,0.005,2455.0,0,0,0.18
2455.5,18,0,0,1,1,0,0,1,1,11.05381533671277,0.005,2455.5,0,0,0.18
2456.0,18,0,0,1,1,0,0,1,1,10.970156303522137,0.005,2456.0,0,0,0.18
2456.5,18,0,0,1,1,0,0,1,1,10.847462838268514,0.005,2456.5,0,0,0.18
2457.0,18,0,0,1,1,0,0,1,1,10.742002261456562,0.005,2457.0,0,0,0.18
2457.5,18,0,0,1,1,0,0,1,1,10.576027542686424,0.005,2457.5,0,0,0.18
2458.0,18,0,0,1,1,0,0,1,1,10.634441530500931,0.005,2458.0,0,0,0.18
2458.5,18,0,0,1,2,0,0,1,2,10.432561232449887,0.005,2458.5,0,0,0.18
2459.0,18,0,0,1,2,0,0,1,2,10.509665770817811,0.005,2459.0,0,0,0.18
2459.5,18,0,0,1,2,0,0,1,2,10.425203757074431,0.005,2459.5,0,0,0.18
2460.0,18,0,0,1,2,0,0,1,2,10.598865399310657,0.005,2460.0,0,0,0.18
2460.5,18,0,0,1,2,0,0,1,2,10.460184712484484,0.005,2460.5,0,0,0.18
2461.0,18,0,0,1,2,0,0,1,2,10.342704621655091,0.005,2461.0,0,0,0.18
2461.5,18,0,0,1,2,0,0,1,2,10.277476276063148,0.005,2461.5,0,0,0.18
2462.0,18,0,0,1,2,0,0,1,2,10.036363960374116,0.005,2462.0,0,0,0.18
2462.5,18,0,0,1,2,0,0,1,2,10.017372959822827,0.005,2462.5,0,0,0.18
2463.0,18,0,0,1,2,0,0,1,2,9.944344609017756,0.005,2463.0,0,0,0.18
2463.5,17,0,0,2,2,0,0,2,2,9.614199697985681,0.004722222222222222,2463.5,0,0,0.17
2464.0,17,0,0,2,2,0,0,2,2,9.650113324318218,0.004722222222222222,2464.0,0,0,0.17
2464.5,17,0,0,2,2,0,0,2,2,9.637029716643791,0.004722222222222222,2464.5,0,0,0.17
2465.0,17,0,0,2,2,0,0,2,2,9.668140081812119,0.004722222222222222,2465.0,0,0,0.17
2465.5,16,0,0,2,2,0,0,2,2,9.420186238447089,0.0044444444444444444,2465.5,0,0,0.16
2466.0,16,0,0,2,2,0,0,2,2,9.467596989445912,0.0044444444444444444,2466.0,0,0,0.16
2466.5,16,0,0,2,2,0,0,2,2,9.414635789329653,0.0044444444444444444,2466.5,0,0,0.16
2467.0,16,0,0,2,2,0,0,2,2,9.450656150044264,0.0044444444444444444,2467.0,0,0,0.16
2467.5,16,0,0,2,2,0,0,2,2,9.44749052148548,0.0044444444444444444,2467.5,0,0,0.16
2468.0,16,0,0,2,2,0,0,2,2,9.399979307589122,0.0044444444444444444,2468.0,0,0,0.16
2468.5,16,0,0,2,2,0,0,2,2,9.342493715964551,0.0044444444444444444,2468.5,0,0,0.16
2469.0,16,0,0,2,2,0,0,2,2,9.459711845642627,0.0044444444444444444,2469.0,0,0,0.16
2469.5,16,0,0,2,2,0,0,2,2,9.372238196305293,0.0044444444444444444,2469.5,0,0,0.16
2470.0,16,0,0,2,2,0,0,2,2,9.448623945281755,0.0044444444444444444,2470.0,0,0,0.16
2470.5,12,0,0,2,2,0,0,2,2,8.06101384677637,0.0033333333333333335,2470.5,0,0,0.12
2471.0,12,0,0,2,2,0,0,2,2,8.050654174879154,0.0033333333333333335,2471.0,0,0,0.12
2471.5,12,0,0,2,2,0,0,2,2,8.038567754789103,0.0033333333333333335,2471.5,0,0,0.12
2472.0,12,0,0,2,2,0,0,2,2,8.057101266189749,0.0033333333333333335,2472.0,0,1,0.12
2472.5,12,0,0,2,2,0,0,2,2,8.016990312978395,0.0033333333333333335,2472.5,0,1,0.12
2473.0,12,0,0,2,2,0,0,2,2,7.967718941577517,0.0033333333333333335,2473.0,0,1,0.12
2473.5,12,0,0,2,2,0,0,2,2,7.974189644942178,0.0033333333333333335,2473.5,0,1,0.12
2474.0,12,0,0,2,2,0,0,2,2,8.001571624793813,0.0033333333333333335,2474.0,0,1,0.12
2474.5,12,0,0,2,2,0,0,2,2,8.07252615508026,0.0033333333333333335,2474.5,0,1,0.12
2475.0,12,0,0,0,0,0,0,0,0,8.317746687360673,0.0033333333333333335,2475.0,0,2,0.12
2475.5,12,0,0,0,0,0,0,0,0,8.654633656248654,0.0033333333333333335,2475.5,0,2,0.12
2476.0,12,0,0,0,0,0,0,0,0,8.813551531103174,0.0033333333333333335,2476.0,0,2,0.12
2476.5,12,0,0,0,0,0,0,0,0,9.059157919899958,0.0033333333333333335,2476.5,0,2,0.12
2477.0,12,0,0,0,0,0,0,0,0,9.35214378224407,0.0033333333333333335,2477.0,0,2,0.12
2477.5,12,0,0,0,0,0,0,0,0,9.643539741771848,0.0033333333333333335,2477.5,0,2,0.12
2478.0,12,0,0,0,0,0,0,0,0,9.82975641278485,0.0033333333333333335,2478.0,0,2,0.12
2478.5,12,0,0,0,0,0,0,0,0,10.03847782469503,0.0033333333333333335,2478.5,0,2,0.12
2479.0,12,0,0,0,0,0,0,0,0,10.298308409460128,0.0033333333333333335,2479.0,0,2,0.12
2479.5,12,0,0,0,0,0,0,0,0,10.577823267636248,0.0033333333333333335,2479.5,0,2,0.12
2480.0,12,0,0,0,0,0,0,0,0,10.771539674586506,0.0033333333333333335,2480.0,0,2,0.12
2480.5,12,0,0,0,0,0,0,0,0,11.001891635117781,0.0033333333333333335,2480.5,0,2,0.12
2481.0,16,0,0,0,0,0,0,0,0,11.763500458472429,0.0044444444444444444,2481.0,0,2,0.16
2481.5,16,0,0,0,0,0,0,0,0,11.60324909686855,0.0044444444444444444,2481.5,0,2,0.16
2482.0,16,0,0,0,0,0,0,0,0,11.695937438890851,0.0044444444444444444,2482.0,0,2,0.16
2482.5,16,0,0,0,0,0,0,0,0,11.824276070266516,0.0044444444444444444,2482.5,0,2,0.16
2483.0,16,0,0,0,0,0,0,0,0,11.872976296079598,0.0044444444444444444,2483.0,0,2,0.16
2483.5,16,0,0,0,0,0,0,0,0,11.845486356212806,0.0044444444444444444,2483.5,0,2,0.16
2484.0,16,0,0,0,0,0,0,0,0,11.896814472108545,0.0044444444444444444,2484.0,0,2,0.16
2484.5,16,0,0,0,0,0,0,0,0,12.073201453548556,0.0044444444444444444,2484.5,0,2,0.16
2485.0,16,0,0,0,0,0,0,0,0,12.010283536106309,0.0044444444444444444,2485.0,0,2,0.16
2485.5,16,0,0,0,0,0,0,0,0,12.08768467093427,0.0044444444444444444,2485.5,0,2,0.16
2486.0,16,0,0,0,0,0,0,0,0,12.150505061372261,0.0044444444444444444,2486.0,0,2,0.16
2486.5,16,0,0,0,0,0,0,0,0,12.175392682076973,0.0044444444444444444,2486.5,0,2,0.16
2487.0,16,0,0,0,0,0,0,0,0,12.122569245389386,0.0044444444444444444,2487.0,0,2,0.16
2487.5,16,0,0,0,0,0,0,0,0,12.06539664595497,0.0044444444444444444,2487.5,0,2,0.16
2488.0,16,0,0,0,0,0,0,0,0,11.838628991647322,0.0044444444444444444,2488.0,0,2,0.16
2488.5,16,0,0,0,0,0,0,0,0,11.53614228313192,0.0044444444444444444,2488.5,0,2,0.16
2489.0,16,0,0,0,0,0,0,0,0,11.34975355187318,0.0044444444444444444,2489.0,0,2,0.16
2489.5,16,0,0,0,0,0,0,0,0,11.06016053583879,0.0044444444444444444,2489.5,0,2,0.16
2490.0,16,0,1,0,0,0,1,0,0,10.886444242021698,0.0044444444444444444,2490.0,0,2,0.16
2490.5,16,0,1,0,0,0,1,0,0,10.718637469234242,0.0044444444444444444,2490.5,0,2,0.16
2491.0,16,0,1,0,0,0,1,0,0,10.774060561193743,0.0044444444444444444,2491.0,0,2,0.16
2491.5,16,1,1,0,0,1,1,0,0,10.662759270881288,0.0044444444444444444,2491.5,0,2,0.16
2492.0,16,1,1,0,0,1,1,0,0,10.597648636944134,0.0044444444444444444,2492.0,0,2,0.16
2492.5,16,1,1,0,0,1,1,0,0,10.695197014143012,0.0044444444444444444,2492.5,0,2,0.16
2493.0,16,1,1,0,0,1,1,0,0,10.619155898297603,0.0044444444444444444,2493.0,0,2,0.16
2493.5,16,1,1,0,0,1,1,0,0,10.62569077624118,0.0044444444444444444,2493.5,0,2,0.16
2494.0,16,1,1,0,0,1,1,0,0,10.634228733250136,0.0044444444444444444,2494.0,0,2,0.16
2494.5,16,1,1,0,0,1,1,0,0,10.60122758022896,0.0044444444444444444,2494.5,0,2,0.16
2495.0,16,1,1,0,0,1,1,0,0,10.67904437759841,0.0044444444444444444,2495.0,0,2,0.16
2495.5,16,1,1,0,0,1,1,0,0,10.656190919293811,0.0044444444444444444,2495.5,0,2,0.16
2496.0,16,1,1,0,0,1,1,0,0,10.575929643285571,0.0044444444444444444,2496.0,0,2,0.16
2496.5,14,1,1,0,0,1,1,0,0,10.649688936495815,0.0038888888888888888,2496.5,0,2,0.14
2497.0,14,1,1,0,0,1,1,0,0,10.637150571648558,0.0038888888888888888,2497.0,0,2,0.14
2497.5,14,1,1,0,0,1,1,0,0,10.601673775632193,0.0038888888888888888,2497.5,0,2,0.14
2498.0,14,1,1,0,0,1,1,0,0,10.63865612718951,0.0038888888888888888,2498.0,0,2,0.14
2498.5,14,1,1,0,0,1,1,0,0,10.693320857321302,0.0038888888888888888,2498.5,0,2,0.14
2499.0,14,1,1,0,0,1,1,0,0,10.550572362964832,0.0038888888888888888,2499.0,0,2,0.14
2499.5,14,1,1,0,0,1,1,0,0,10.641823325958361,0.0038888888888888888,2499.5,0,2,0.14
2500.0,14,1,1,0,0,1,1,0,0,10.633041776892423,0.0038888888888888888,2500.0,0,2,0.14
2500.5,14,1,1,0,0,1,1,0,0,10.580555844456882,0.0038888888888888888,2500.5,0,2,0.14
2501.0,14,1,1,0,0,1,1,0,0,10.659993173035089,0.0038888888888888888,2501.0,0,2,0.14
2501.5,14,1,1,0,0,1,1,0,0,10.630099005788724,0.0038888888888888888,2501.5,0,2,0.14
2502.0,14,1,1,0,0,1,1,0,0,10.549925028616986,0.0038888888888888888,2502.0,0,2,0.14
2502.5,14,1,1,0,0,1,1,0,0,10.550310404736177,0.0038888888888888888,2502.5,0,2,0.14
2503.0,14,1,1,0,0,1,1,0,0,10.53561772886756,0.0038888888888888888,2503.0,0,2,0.14
2503.5,14,1,1,0,0,1,1,0,0,10.617596750022338,0.0038888888888888888,2503.5,0,2,0.14
2504.0,14,1,1,0,0,1,1,0,0,10.643761121065314,0.0038888888888888888,2504.0,0,2,0.14
2504.5,14,1,1,0,0,1,1,0,0,10.619372592579797,0.0038888888888888888,2504.5,0,2,0.14
2505.0,14,1,1,0,0,1,1,0,0,10.577617137808712,0.0038888888888888888,2505.0,0,2,0.14
2505.5,14,1,1,0,0,1,1,0,0,10.671098741788642,0.0038888888888888888,2505.5,0,2,0.14
2506.0,13,1,1,0,0,1,1,0,0,10.508929564966989,0.003611111111111111,2506.0,0,2,0.13
2506.5,13,1,1,0,0,1,1,0,0,10.488732192751476,0.003611111111111111,2506.5,0,2,0.13
2507.0,13,1,1,0,0,1,1,0,0,10.534327910557703,0.003611111111111111,2507.0,0,2,0.13
2507.5,13,1,1,0,0,1,1,0,0,10.519781693989188,0.003611111111111111,2507.5,0,2,0.13
2508.0,13,1,1,0,0,1,1,0,0,10.525837220298296,0.003611111111111111,2508.0,0,2,0.13
2508.5,13,1,1,0,0,1,1,0,0,10.550104123667554,0.003611111111111111,2508.5,0,2,0.13
2509.0,13,1,1,0,0,1,1,0,0,10.457341120827468,0.003611111111111111,2509.0,0,2,0.13
2509.5,13,1,1,0,0,1,1,0,0,10.481410720617715,0.003611111111111111,2509.5,0,2,0.13
2510.0,12,1,1,0,0,1,1,0,0,10.51734415347587,0.0033333333333333335,2510.0,0,2,0.12
2510.5,12,1,1,0,0,1,1,0,0,10.4768685816034,0.0033333333333333335,2510.5,0,2,0.12
2511.0,16,1,1,0,0,1,1,0,0,10.873235080506001,0.0044444444444444444,2511.0,0,2,0.16
2511.5,16,1,1,0,0,1,1,0,0,10.872236149114777,0.0044444444444444444,2511.5,0,2,0.16
2512.0,16,1,1,0,0,1,1,0,0,10.947921249601366,0.0044444444444444444,2512.0,0,2,0.16
2512.5,16,1,1,0,0,1,1,0,0,10.977865776979032,0.0044444444444444444,2512.5,0,2,0.16
2513.0,16,1,1,0,0,1,1,0,0,10.960101668388106,0.0044444444444444444,2513.0,0,2,0.16
2513.5,16,1,1,0,0,1,1,0,0,11.063173041125864,0.0044444444444444444,2513.5,0,2,0.16
2514.0,16,1,1,0,0,1,1,0,0,11.073058700375665,0.0044444444444444444,2514.0,0,2,0.16
2514.5,16,1,1,0,0,1,1,0,0,11.078985885474362,0.0044444444444444444,2514.5,0,2,0.16
2515.0,16,1,1,0,0,1,1,0,0,11.102018709895896,0.0044444444444444444,2515.0,0,2,0.16
2515.5,15,1,1,0,0,1,1,0,0,10.858688365592842,0.004166666666666667,2515.5,0,2,0.15
2516.0,15,1,1,0,0,1,1,0,0,10.723049607229756,0.004166666666666667,2516.0,0,2,0.15
2516.5,15,1,1,0,0,1,1,0,0,10.592710236635552,0.004166666666666667,2516.5,0,2,0.15
2517.0,15,1,1,0,0,1,1,0,0,10.45293441452559,0.004166666666666667,2517.0,0,3,0.15
2517.5,15,1,1,0,0,1,1,0,0,10.217448867797028,0.004166666666666667,2517.5,0,3,0.15
2518.0,15,1,1,0,0,1,1,0,0,9.84773483982689,0.004166666666666667,2518.0,0,3,0.15
2518.5,15,1,1,0,0,1,1,0,0,9.64542914119411,0.004166666666666667,2518.5,0,3,0.15
2519.0,15,1,2,0,0,1,2,0,0,9.419682489488448,0.004166666666666667,2519.0,0,3,0.15
2519.5,15,1,2,0,0,1,2,0,0,9.288851347991885,0.004166666666666667,2519.5,0,3,0.15
2520.0,15,0,0,0,0,0,0,0,0,9.37679778695234,0.004166666666666667,2520.0,0,0,0.15
2520.5,14,0,0,0,0,0,0,0,0,9.418703775009106,0.0038888888888888888,2520.5,0,0,0.14
2521.0,14,0,0,0,0,0,0,0,0,9.582303477720268,0.0038888888888888888,2521.0,0,0,0.14
2521.5,14,0,0,0,0,0,0,0,0,9.747348872017097,0.0038888888888888888,2521.5,0,0,0.14
2522.0,14,0,0,0,0,0,0,0,0,9.748371460265028,0.0038888888888888888,2522.0,0,0,0.14
2522.5,14,0,0,0,0,0,0,0,0,9.997815005741357,0.0038888888888888888,2522.5,0,0,0.14
2523.0,14,0,0,1,0,0,0,1,0,10.240971864450884,0.0038888888888888888,2523.0,0,0,0.14
2523.5,14,0,0,1,0,0,0,1,0,10.547584572686075,0.0038888888888888888,2523.5,0,0,0.14
2524.0,13,0,0,1,0,0,0,1,0,10.555551060726808,0.003611111111111111,2524.0,0,0,0.13
2524.5,13,0,0,1,0,0,0,1,0,10.919489355529528,0.003611111111111111,2524.5,0,0,0.13
2525.0,13,0,0,1,0,0,0,1,0,11.204552684927863,0.003611111111111111,2525.0,0,0,0.13
2525.5,13,0,0,1,0,0,0,1,0,11.362333950452342,0.003611111111111111,2525.5,0,0,0.13
2526.0,13,0,0,1,0,0,0,1,0,11.608719030494003,0.003611111111111111,2526.0,0,0,0.13
2526.5,13,0,0,1,0,0,0,1,0,11.584317032325906,0.003611111111111111,2526.5,0,0,0.13
2527.0,12,0,0,1,0,0,0,1,0,11.633608972276607,0.0033333333333333335,2527.0,0,0,0.12
2527.5,11,0,0,1,0,0,0,1,0,11.617483777356991,0.0030555555555555557,2527.5,0,0,0.11
2528.0,11,0,0,1,0,0,0,1,0,11.865642139513449,0.0030555555555555557,2528.0,0,0,0.11
2528.5,11,0,0,1,0,0,0,1,0,11.756101278324827,0.0030555555555555557,2528.5,0,0,0.11
2529.0,11,0,0,1,0,0,0,1,0,11.769904103432959,0.0030555555555555557,2529.0,0,0,0.11
2529.5,11,0,0,1,0,0,0,1,0,11.856159172692003,0.0030555555555555557,2529.5,0,0,0.11
2530.0,10,0,0,1,0,0,0,1,0,11.790333737543664,0.002777777777777778,2530.0,0,0,0.1
2530.5,10,0,0,1,0,0,0,1,0,11.79088632890733,0.002777777777777778,2530.5,0,0,0.1
2531.0,10,0,0,1,0,0,0,1,0,11.771488900366352,0.002777777777777778,2531.0,0,0,0.1
2531.5,10,0,0,1,0,0,0,1,0,11.692839458692001,0.002777777777777778,2531.5,0,0,0.1
2532.0,10,0,0,1,0,0,0,1,0,11.736548805561728,0.002777777777777778,2532.0,0,0,0.1
2532.5,10,0,0,1,0,0,0,1,0,11.796582215599596,0.002777777777777778,2532.5,0,0,0.1
2533.0,10,0,0,1,0,0,0,1,0,11.728376392974862,0.002777777777777778,2533.0,0,0,0.1
2533.5,10,0,0,1,0,0,0,1,0,11.652952578736116,0.002777777777777778,2533.5,0,0,0.1
2534.0,10,0,0,1,0,0,0,1,0,11.787905879630818,0.002777777777777778,2534.0,0,0,0.1
2534.5,10,0,0,1,0,0,0,1,0,11.759026684014938,0.002777777777777778,2534.5,0,0,0.1
2535.0,10,0,0,1,0,0,0,1,0,11.641431081465091,0.002777777777777778,2535.0,0,0,0.1
2535.5,10,0,0,1,0,0,0,1,0,11.803877644898716,0.002777777777777778,2535.5,0,0,0.1
2536.0,10,0,0,1,0,0,0,1,0,11.690291223706557,0.002777777777777778,2536.0,0,0,0.1
2536.5,10,0,0,1,0,0,0,1,0,11.803550761571499,0.002777777777777778,2536.5,0,0,0.1
2537.0,10,0,0,1,0,0,0,1,0,11.776167806491832,0.002777777777777778,2537.0,0,0,0.1
2537.5,10,0,0,1,0,0,0,1,0,11.842944723735677,0.002777777777777778,2537.5,0,0,0.1
2538.0,10,0,0,1,0,0,0,1,0,11.702351931894777,0.002777777777777778,2538.0,0,0,0.1
2538.5,10,0,0,1,0,0,0,1,0,11.679676090749094,0.002777777777777778,2538.5,0,0,0.1
2539.0,10,0,0,1,0,0,0,1,0,11.757413432841535,0.002777777777777778,2539.0,0,0,0.1
2539.5,10,0,0,1,0,0,0,1,0,11.758145796005959,0.002777777777777778,2539.5,0,0,0.1
2540.0,10,0,0,1,0,0,0,1,0,11.712432899774397,0.002777777777777778,2540.0,0,0,0.1
2540.5,10,0,0,1,0,0,0,1,0,11.77672997830796,0.002777777777777778,2540.5,0,0,0.1
2541.0,10,0,0,1,0,0,0,1,0,11.68644795362267,0.002777777777777778,2541.0,0,0,0.1
2541.5,14,0,0,1,0,0,0,1,0,12.314733730533353,0.0038888888888888888,2541.5,0,0,0.14
2542.0,14,0,0,1,0,0,0,1,0,12.141533076384803,0.0038888888888888888,2542.0,0,0,0.14
2542.5,14,0,0,1,0,0,0,1,0,12.253090270759472,0.0038888888888888888,2542.5,0,0,0.14
2543.0,14,0,0,1,0,0,0,1,0,12.165218144587767,0.0038888888888888888,2543.0,0,0,0.14
2543.5,14,0,0,1,0,0,0,1,0,12.299303385202801,0.0038888888888888888,2543.5,0,0,0.14
2544.0,14,0,0,1,0,0,0,1,0,12.181995738897138,0.0038888888888888888,2544.0,0,0,0.14
2544.5,14,0,0,1,0,0,0,1,0,12.246673610568541,0.0038888888888888888,2544.5,0,0,0.14
2545.0,14,0,0,1,0,0,0,1,0,12.229790960238876,0.0038888888888888888,2545.0,0,0,0.14
2545.5,14,0,0,1,0,0,0,1,0,12.107410094892037,0.0038888888888888888,2545.5,0,0,0.14
2546.0,14,0,0,1,0,0,0,1,0,11.999548781147322,0.0038888888888888888,2546.0,0,0,0.14
2546.5,14,0,0,1,0,0,0,1,0,11.794708573034598,0.0038888888888888888,2546.5,0,0,0.14
2547.0,14,0,0,1,0,0,0,1,0,11.63204097973819,0.0038888888888888888,2547.0,0,0,0.14
2547.5,14,0,0,1,0,0,0,1,0,11.564530711516664,0.0038888888888888888,2547.5,0,0,0.14
2548.0,14,0,0,1,0,0,0,1,0,11.474981979835297,0.0038888888888888888,2548.0,0,0,0.14
2548.5,14,0,0,1,0,0,0,1,0,11.092502991640027,0.0038888888888888888,2548.5,0,0,0.14
2549.0,14,0,0,1,1,0,0,1,1,10.894927836500733,0.0038888888888888888,2549.0,0,0,0.14
2549.5,14,0,0,1,1,0,0,1,1,10.759547743563223,0.0038888888888888888,2549.5,0,0,0.14
2550.0,14,0,0,1,1,0,0,1,1,10.609266091342546,0.0038888888888888888,2550.0,0,0,0.14
2550.5,14,0,0,1,1,0,0,1,1,10.527196911542395,0.0038888888888888888,2550.5,0,0,0.14
2551.0,14,0,0,1,1,0,0,1,1,10.403748727511354,0.0038888888888888888,2551.0,0,0,0.14
2551.5,14,0,0,2,1,0,0,2,1,10.324543982657522,0.0038888888888888888,2551.5,0,0,0.14
2552.0,14,0,0,2,1,0,0,2,1,10.359830305413757,0.0038888888888888888,2552.0,0,0,0.14
2552.5,14,0,0,2,1,0,0,2,1,10.409298982570508,0.0038888888888888888,2552.5,0,0,0.14
2553.0,14,0,0,2,1,0,0,2,1,10.311439223127765,0.0038888888888888888,2553.0,0,0,0.14
2553.5,14,0,0,2,1,0,0,2,1,10.285826495630827,0.0038888888888888888,2553.5,0,0,0.14
2554.0,14,0,0,2,1,0,0,2,1,10.411953609983161,0.0038888888888888888,2554.0,0,0,0.14
2554.5,13,0,0,2,1,0,0,2,1,10.152673066306837,0.003611111111111111,2554.5,0,0,0.13
2555.0,13,0,0,2,1,0,0,2,1,10.024080687325089,0.003611111111111111,2555.0,0,0,0.13
2555.5,13,0,0,2,1,0,0,2,1,10.158163281515197,0.003611111111111111,2555.5,0,0,0.13
2556.0,13,0,0,2,1,0,0,2,1,10.100147717023692,0.003611111111111111,2556.0,0,0,0.13
2556.5,13,0,0,2,1,0,0,2,1,10.0601938084899,0.003611111111111111,2556.5,0,0,0.13
2557.0,13,0,0,2,1,0,0,2,1,10.119746558236848,0.003611111111111111,2557.0,0,0,0.13
2557.5,13,0,0,2,1,0,0,2,1,10.126168873600154,0.003611111111111111,2557.5,0,0,0.13
2558.0,13,0,0,2,1,0,0,2,1,10.042369452371684,0.003611111111111111,2558.0,0,0,0.13
2558.5,13,0,0,2,1,0,0,2,1,10.082983930580273,0.003611111111111111,2558.5,0,0,0.13
2559.0,13,0,0,2,1,0,0,2,1,10.14434277799116,0.003611111111111111,2559.0,0,0,0.13
2559.5,13,0,0,2,1,0,0,2,1,10.111992412487933,0.003611111111111111,2559.5,0,0,0.13
2560.0,13,0,0,2,1,0,0,2,1,10.174971093862741,0.003611111111111111,2560.0,0,0,0.13
2560.5,12,0,0,2,1,0,0,2,1,9.804541177059594,0.0033333333333333335,2560.5,0,0,0.12
2561.0,11,0,0,2,1,0,0,2,1,9.617777934358067,0.0030555555555555557,2561.0,0,0,0.11
2561.5,11,0,0,2,1,0,0,2,1,9.44843205448053,0.0030555555555555557,2561.5,0,0,0.11
2562.0,11,0,0,2,1,0,0,2,1,9.523222986006383,0.0030555555555555557,2562.0,0,1,0.11
2562.5,10,0,0,2,1,0,0,2,1,9.203971861312475,0.002777777777777778,2562.5,0,1,0.1
2563.0,10,0,0,2,1,0,0,2,1,9.175961482167784,0.002777777777777778,2563.0,0,1,0.1
2563.5,9,0,0,2,1,0,0,2,1,8.844139660034962,0.0025,2563.5,0,1,0.09
2564.0,9,0,0,2,1,0,0,2,1,8.79445441256356,0.0025,2564.0,0,1,0.09
2564.5,9,0,0,2,1,0,0,2,1,8.89170903707235,0.0025,2564.5,0,1,0.09
2565.0,9,0,0,0,0,0,0,0,0,9.106662405685457,0.0025,2565.0,0,2,0.09
2565.5,9,0,0,0,0,0,0,0,0,9.561632994782322,0.0025,2565.5,0,2,0.09
2566.0,9,0,0,0,0,0,0,0,0,9.846337137833121,0.0025,2566.0,0,2,0.09
2566.5,9,0,0,0,0,0,0,0,0,10.180021654580395,0.0025,2566.5,0,2,0.09
2567.0,9,0,0,0,0,0,0,0,0,10.531918644770604,0.0025,2567.0,0,2,0.09
2567.5,9,0,0,0,0,0,0,0,0,10.741244134418189,0.0025,2567.5,0,2,0.09
2568.0,9,0,0,0,0,0,0,0,0,11.156841130341284,0.0025,2568.0,0,2,0.09
2568.5,9,0,0,0,0,0,0,0,0,11.384309838418629,0.0025,2568.5,0,2,0.09
2569.0,9,0,0,0,0,0,0,0,0,11.70516591176472,0.0025,2569.0,0,2,0.09
2569.5,9,0,0,0,0,0,0,0,0,12.08477489908954,0.0025,2569.5,0,2,0.09
2570.0,9,0,0,0,0,0,0,0,0,12.29861631825984,0.0025,2570.0,0,2,0.09
2570.5,9,0,0,0,0,0,0,0,0,12.588147614682908,0.0025,2570.5,0,2,0.09
2571.0,9,0,0,0,0,0,0,0,0,13.017717977019858,0.0025,2571.0,0,2,0.09
2571.5,13,0,0,0,0,0,0,0,0,13.05412073019005,0.003611111111111111,2571.5,0,2,0.13
2572.0,13,0,0,0,0,0,0,0,0,12.980194911224439,0.003611111111111111,2572.0,0,2,0.13
2572.5,13,0,0,0,0,0,0,0,0,13.102014479288972,0.003611111111111111,2572.5,0,2,0.13
2573.0,13,0,0,0,0,0,0,0,0,12.984688934605707,0.003611111111111111,2573.0,0,2,0.13
2573.5,13,0,0,0,0,0,0,0,0,13.037312627074913,0.003611111111111111,2573.5,0,2,0.13
2574.0,13,0,0,0,0,0,0,0,0,12.999940495417592,0.003611111111111111,2574.0,0,2,0.13
2574.5,13,0,0,0,0,0,0,0,0,13.146841415591677,0.003611111111111111,2574.5,0,2,0.13
2575.0,13,0,0,0,0,0,0,0,0,13.078477974565374,0.003611111111111111,2575.0,0,2,0.13
2575.5,13,0,0,0,0,0,0,0,0,13.092298306458304,0.003611111111111111,2575.5,0,2,0.13
2576.0,13,0,0,0,0,0,0,0,0,12.89872775666996,0.003611111111111111,2576.0,0,2,0.13
2576.5,13,0,0,0,0,0,0,0,0,12.85497808046109,0.003611111111111111,2576.5,0,2,0.13
2577.0,13,0,0,0,0,0,0,0,0,12.657256543862063,0.003611111111111111,2577.0,0,2,0.13
2577.5,13,0,0,0,0,0,0,0,0,12.320428528468426,0.003611111111111111,2577.5,0,2,0.13
2578.0,13,0,0,0,0,0,0,0,0,11.98888521477392,0.003611111111111111,2578.0,0,2,0.13
2578.5,13,0,0,0,0,0,0,0,0,11.665147161131387,0.003611111111111111,2578.5,0,2,0.13
2579.0,13,0,1,0,0,0,1,0,0,11.326524248458878,0.003611111111111111,2579.0,0,2,0.13
2579.5,13,0,1,0,0,0,1,0,0,11.204731145406264,0.003611111111111111,2579.5,0,2,0.13
2580.0,13,0,1,0,0,0,1,0,0,11.038268670353467,0.003611111111111111,2580.0,0,2,0.13
2580.5,13,1,1,0,0,1,1,0,0,11.011817460904867,0.003611111111111111,2580.5,0,2,0.13
2581.0,13,1,1,0,0,1,1,0,0,11.020030811584466,0.003611111111111111,2581.0,0,2,0.13
2581.5,13,1,1,0,0,1,1,0,0,11.009095640665041,0.003611111111111111,2581.5,0,2,0.13
2582.0,13,1,1,0,0,1,1,0,0,10.950820728524313,0.003611111111111111,2582.0,0,2,0.13
2582.5,13,1,1,0,0,1,1,0,0,11.014250980576053,0.003611111111111111,2582.5,0,2,0.13
2583.0,13,1,1,0,0,1,1,0,0,10.979771283923197,0.003611111111111111,2583.0,0,2,0.13
2583.5,13,1,1,0,0,1,1,0,0,10.934534434324613,0.003611111111111111,2583.5,0,2,0.13
2584.0,13,1,1,0,0,1,1,0,0,11.00856118148893,0.003611111111111111,2584.0,0,2,0.13
2584.5,12,1,1,0,0,1,1,0,0,10.772568037321925,0.0033333333333333335,2584.5,0,2,0.12
2585.0,12,1,1,0,0,1,1,0,0,10.702268079772878,0.0033333333333333335,2585.0,0,2,0.12
2585.5,12,1,1,0,0,1,1,0,0,10.784596013904297,0.0033333333333333335,2585.5,0,2,0.12
2586.0,12,1,1,0,0,1,1,0,0,10.728744477227464,0.0033333333333333335,2586.0,0,2,0.12
2586.5,12,1,1,0,0,1,1,0,0,10.727509054526857,0.0033333333333333335,2586.5,0,2,0.12
2587.0,12,1,1,0,0,1,1,0,0,10.78370300861504,0.0033333333333333335,2587.0,0,2,0.12
2587.5,12,1,1,0,0,1,1,0,0,10.79247194109564,0.0033333333333333335,2587.5,0,2,0.12
2588.0,12,1,1,0,0,1,1,0,0,10.746535863793122,0.0033333333333333335,2588.0,0,2,0.12
2588.5,12,1,1,0,0,1,1,0,0,10.71873919790166,0.0033333333333333335,2588.5,0,2,0.12
2589.0,12,1,1,0,0,1,1,0,0,10.801827801043999,0.0033333333333333335,2589.0,0,2,0.12
2589.5,12,1,1,0,0,1,1,0,0,10.699573124557906,0.0033333333333333335,2589.5,0,2,0.12
2590.0,12,1,1,0,0,1,1,0,0,10.705054172050652,0.0033333333333333335,2590.0,0,2,0.12
2590.5,12,1,1,0,0,1,1,0,0,10.709253445423691,0.0033333333333333335,2590.5,0,2,0.12
2591.0,12,1,1,0,0,1,1,0,0,10.77317756735605,0.0033333333333333335,2591.0,0,2,0.12
2591.5,12,1,1,0,0,1,1,0,0,10.884044086155887,0.0033333333333333335,2591.5,0,2,0.12
2592.0,12,1,1,0,0,1,1,0,0,10.685125444444147,0.0033333333333333335,2592.0,0,2,0.12
2592.5,12,1,1,0,0,1,1,0,0,10.777284242592886,0.0033333333333333335,2592.5,0,2,0.12
2593.0,12,1,1,0,0,1,1,0,0,10.748127752171731,0.0033333333333333335,2593.0,0,2,0.12
2593.5,12,1,1,0,0,1,1,0,0,10.796106164775184,0.0033333333333333335,2593.5,0,2,0.12
2594.0,12,1,1,0,0,1,1,0,0,10.800426787060196,0.0033333333333333335,2594.0,0,2,0.12
2594.5,11,1,1,0,0,1,1,0,0,10.682598501892786,0.0030555555555555557,2594.5,0,2,0.11
2595.0,11,1,1,0,0,1,1,0,0,10.577111461389455,0.0030555555555555557,2595.0,0,2,0.11
2595.5,11,1,1,0,0,1,1,0,0,10.647114067569317,0.0030555555555555557,2595.5,0,2,0.11
2596.0,11,1,1,0,0,1,1,0,0,10.70601847243028,0.0030555555555555557,2596.0,0,2,0.11
2596.5,11,1,1,0,0,1,1,0,0,10.630309141750264,0.0030555555555555557,2596.5,0,2,0.11
2597.0,11,1,1,0,0,1,1,0,0,10.66890359630362,0.0030555555555555557,2597.0,0,2,0.11
2597.5,11,1,1,0,0,1,1,0,0,10.710552798446718,0.0030555555555555557,2597.5,0,2,0.11
2598.0,11,1,1,0,0,1,1,0,0,10.615826424026254,0.0030555555555555557,2598.0,0,2,0.11
2598.5,11,1,1,0,0,1,1,0,0,10.60094941605156,0.0030555555555555557,2598.5,0,2,0.11
2599.0,11,1,1,0,0,1,1,0,0,10.594013777183863,0.0030555555555555557,2599.0,0,2,0.11
2599.5,11,1,1,0,0,1,1,0,0,10.58068455609682,0.0030555555555555557,2599.5,0,2,0.11
2600.0,11,1,1,0,0,1,1,0,0,10.723250304838967,0.0030555555555555557,2600.0,0,2,0.11
2600.5,11,1,1,0,0,1,1,0,0,10.658791598604806,0.0030555555555555557,2600.5,0,2,0.11
2601.0,11,1,1,0,0,1,1,0,0,10.537445489450723,0.0030555555555555557,2601.0,0,2,0.11
2601.5,11,1,1,0,0,1,1,0,0,10.644034348838016,0.0030555555555555557,2601.5,0,2,0.11
2602.0,15,1,1,0,0,1,1,0,0,10.902964944427184,0.004166666666666667,2602.0,0,2,0.15
2602.5,15,1,1,0,0,1,1,0,0,10.902776379232204,0.004166666666666667,2602.5,0,2,0.15
2603.0,15,1,1,0,0,1,1,0,0,10.977992911634566,0.004166666666666667,2603.0,0,2,0.15
2603.5,15,1,1,0,0,1,1,0,0,11.105921209545302,0.004166666666666667,2603.5,0,2,0.15
2604.0,15,1,1,0,0,1,1,0,0,11.116870700532324,0.004166666666666667,2604.0,0,2,0.15
2604.5,15,1,1,0,0,1,1,0,0,11.189384300260903,0.004166666666666667,2604.5,0,2,0.15
2605.0,15,1,1,0,0,1,1,0,0,11.238249807438827,0.004166666666666667,2605.0,0,2,0.15
2605.5,15,1,1,0,0,1,1,0,0,11.201935931333264,0.004166666666666667,2605.5,0,2,0.15
2606.0,14,1,1,0,0,1,1,0,0,10.912729031563515,0.0038888888888888888,2606.0,0,2,0.14
2606.5,14,1,1,0,0,1,1,0,0,10.745303514676314,0.0038888888888888888,2606.5,0,2,0.14
2607.0,14,1,1,0,0,1,1,0,0,10.568314291928901,0.0038888888888888888,2607.0,0,3,0.14
2607.5,14,1,1,0,0,1,1,0,0,10.491603979819692,0.0038888888888888888,2607.5,0,3,0.14
2608.0,13,1,1,0,0,1,1,0,0,10.17406086986198,0.003611111111111111,2608.0,0,3,0.13
2608.5,13,1,1,0,0,1,1,0,0,9.7986051555578,0.003611111111111111,2608.5,0,3,0.13
2609.0,13,1,1,0,0,1,1,0,0,9.523234464259943,0.003611111111111111,2609.0,0,3,0.13
2609.5,13,2,1,0,0,2,1,0,0,9.400740316045292,0.003611111111111111,2609.5,0,3,0.13
2610.0,12,0,0,0,0,0,0,0,0,9.39064015075215,0.0033333333333333335,2610.0,0,0,0.12
2610.5,12,0,0,0,0,0,0,0,0,9.797764824127212,0.0033333333333333335,2610.5,0,0,0.12
2611.0,12,0,0,0,0,0,0,0,0,10.065544688560125,0.0033333333333333335,2611.0,0,0,0.12
2611.5,12,0,0,0,0,0,0,0,0,10.491230116009575,0.0033333333333333335,2611.5,0,0,0.12
2612.0,12,0,0,0,0,0,0,0,0,10.647969446316132,0.0033333333333333335,2612.0,0,0,0.12
2612.5,12,0,0,0,0,0,0,0,0,10.830399997927408,0.0033333333333333335,2612.5,0,0,0.12
2613.0,12,0,0,0,0,0,0,0,0,10.907256724354442,0.0033333333333333335,2613.0,0,0,0.12
2613.5,12,0,0,0,0,0,0,0,0,10.984580707624573,0.0033333333333333335,2613.5,0,0,0.12
2614.0,12,0,0,0,0,0,0,0,0,11.03178763295856,0.0033333333333333335,2614.0,0,0,0.12
2614.5,12,0,0,0,0,0,0,0,0,11.059539289018788,0.0033333333333333335,2614.5,0,0,0.12
2615.0,10,0,0,1,0,0,0,1,0,10.879305979681003,0.002777777777777778,2615.0,0,0,0.1
2615.5,10,0,0,1,0,0,0,1,0,11.060157725128253,0.002777777777777778,2615.5,0,0,0.1
2616.0,10,0,0,1,0,0,0,1,0,11.415436778724846,0.002777777777777778,2616.0,0,0,0.1
2616.5,10,0,0,1,0,0,0,1,0,11.628514001039742,0.002777777777777778,2616.5,0,0,0.1
2617.0,10,0,0,1,0,0,0,1,0,11.651188167878415,0.002777777777777778,2617.0,0,0,0.1
2617.5,10,0,0,1,0,0,0,1,0,11.694549182271574,0.002777777777777778,2617.5,0,0,0.1
2618.0,10,0,0,1,0,0,0,1,0,11.73707748393527,0.002777777777777778,2618.0,0,0,0.1
2618.5,10,0,0,1,0,0,0,1,0,11.72645667828851,0.002777777777777778,2618.5,0,0,0.1
2619.0,10,0,0,1,0,0,0,1,0,11.719441684234178,0.002777777777777778,2619.0,0,0,0.1
2619.5,10,0,0,1,0,0,0,1,0,11.722286201448865,0.002777777777777778,2619.5,0,0,0.1
2620.0,10,0,0,1,0,0,0,1,0,11.672215570351097,0.002777777777777778,2620.0,0,0,0.1
2620.5,10,0,0,1,0,0,0,1,0,11.739161749701003,0.002777777777777778,2620.5,0,0,0.1
2621.0,10,0,0,1,0,0,0,1,0,11.692772248501411,0.002777777777777778,2621.0,0,0,0.1
2621.5,10,0,0,1,0,0,0,1,0,11.6290107915562,0.002777777777777778,2621.5,0,0,0.1
2622.0,10,0,0,1,0,0,0,1,0,11.774900618123345,0.002777777777777778,2622.0,0,0,0.1
2622.5,10,0,0,1,0,0,0,1,0,11.689151251219435,0.002777777777777778,2622.5,0,0,0.1
2623.0,10,0,0,1,0,0,0,1,0,11.76582540945498,0.002777777777777778,2623.0,0,0,0.1
2623.5,10,0,0,1,0,0,0,1,0,11.683908435638283,0.002777777777777778,2623.5,0,0,0.1
2624.0,10,0,0,1,0,0,0,1,0,11.793630289125897,0.002777777777777778,2624.0,0,0,0.1
2624.5,10,0,0,1,0,0,0,1,0,11.672342775956484,0.002777777777777778,2624.5,0,0,0.1
2625.0,10,0,0,1,0,0,0,1,0,11.810730809256668,0.002777777777777778,2625.0,0,0,0.1
2625.5,10,0,0,1,0,0,0,1,0,11.748138954274452,0.002777777777777778,2625.5,0,0,0.1
2626.0,10,0,0,1,0,0,0,1,0,11.795357025610492,0.002777777777777778,2626.0,0,0,0.1
2626.5,10,0,0,1,0,0,0,1,0,11.6928348096931,0.002777777777777778,2626.5,0,0,0.1
2627.0,10,0,0,1,0,0,0,1,0,11.684478516344964,0.002777777777777778,2627.0,0,0,0.1
2627.5,10,0,0,1,0,0,0,1,0,11.64392895137044,0.002777777777777778,2627.5,0,0,0.1
2628.0,10,0,0,1,0,0,0,1,0,11.670852090024145,0.002777777777777778,2628.0,0,0,0.1
2628.5,10,0,0,1,0,0,0,1,0,11.748553691365931,0.002777777777777778,2628.5,0,0,0.1
2629.0,10,0,0,1,0,0,0,1,0,11.676136160971252,0.002777777777777778,2629.0,0,0,0.1
2629.5,10,0,0,1,0,0,0,1,0,11.683835428781455,0.002777777777777778,2629.5,0,0,0.1
2630.0,10,0,0,1,0,0,0,1,0,11.634493227308026,0.002777777777777778,2630.0,0,0,0.1
2630.5,10,0,0,1,0,0,0,1,0,11.633506567007501,0.002777777777777778,2630.5,0,0,0.1
2631.0,10,0,0,1,0,0,0,1,0,11.60446151028241,0.002777777777777778,2631.0,0,0,0.1
2631.5,10,0,0,1,0,0,0,1,0,11.597694388832652,0.002777777777777778,2631.5,0,0,0.1
2632.0,14,0,0,1,0,0,0,1,0,11.639701386035856,0.0038888888888888888,2632.0,0,0,0.14
2632.5,14,0,0,1,0,0,0,1,0,11.57348556308026,0.0038888888888888888,2632.5,0,0,0.14
2633.0,14,0,0,1,0,0,0,1,0,11.69290263129424,0.0038888888888888888,2633.0,0,0,0.14
2633.5,14,0,0,1,0,0,0,1,0,11.712283866444901,0.0038888888888888888,2633.5,0,0,0.14
2634.0,14,0,0,1,0,0,0,1,0,11.734688112612364,0.0038888888888888888,2634.0,0,0,0.14
2634.5,14,0,0,1,0,0,0,1,0,11.880264297019702,0.0038888888888888888,2634.5,0,0,0.14
2635.0,14,0,0,1,0,0,0,1,0,11.852605514935105,0.0038888888888888888,2635.0,0,0,0.14
2635.5,14,0,0,1,0,0,0,1,0,11.883139503762978,0.0038888888888888888,2635.5,0,0,0.14
2636.0,14,0,0,1,0,0,0,1,0,12.004113589893976,0.0038888888888888888,2636.0,0,0,0.14
2636.5,14,0,0,1,0,0,0,1,0,11.964443307279373,0.0038888888888888888,2636.5,0,0,0.14
2637.0,14,0,0,1,0,0,0,1,0,11.899823806960745,0.0038888888888888888,2637.0,0,0,0.14
2637.5,14,0,0,1,0,0,0,1,0,11.800537313656182,0.0038888888888888888,2637.5,0,0,0.14
2638.0,14,0,0,1,0,0,0,1,0,11.656415616253863,0.0038888888888888888,2638.0,0,0,0.14
2638.5,14,0,0,1,0,0,0,1,0,11.506014441804995,0.0038888888888888888,2638.5,0,0,0.14
2639.0,14,0,0,1,0,0,0,1,0,11.212240672269742,0.0038888888888888888,2639.0,0,0,0.14
2639.5,14,0,0,1,0,0,0,1,0,10.971026790891957,0.0038888888888888888,2639.5,0,0,0.14
2640.0,14,0,0,1,0,0,0,1,0,10.794376947540451,0.0038888888888888888,2640.0,0,0,0.14
2640.5,14,0,0,1,1,0,0,1,1,10.497957476172479,0.0038888888888888888,2640.5,0,0,0.14
2641.0,14,0,0,1,1,0,0,1,1,10.262230899597851,0.0038888888888888888,2641.0,0,0,0.14
2641.5,14,0,0,1,1,0,0,1,1,10.109489206416015,0.0038888888888888888,2641.5,0,0,0.14
2642.0,14,0,0,2,1,0,0,2,1,10.090024980436793,0.0038888888888888888,2642.0,0,0,0.14
2642.5,14,0,0,2,1,0,0,2,1,10.051123973833713,0.0038888888888888888,2642.5,0,0,0.14
2643.0,14,0,0,2,1,0,0,2,1,10.006137902823005,0.0038888888888888888,2643.0,0,0,0.14
2643.5,14,0,0,2,1,0,0,2,1,10.028008896921781,0.0038888888888888888,2643.5,0,0,0.14
2644.0,14,0,0,2,1,0,0,2,1,10.092086733767351,0.0038888888888888888,2644.0,0,0,0.14
2644.5,14,0,0,2,1,0,0,2,1,10.07021826076692,0.0038888888888888888,2644.5,0,0,0.14
2645.0,13,0,0,2,1,0,0,2,1,9.775830399003834,0.003611111111111111,2645.0,0,0,0.13
2645.5,13,0,0,2,1,0,0,2,1,9.77398008557578,0.003611111111111111,2645.5,0,0,0.13
2646.0,13,0,0,2,1,0,0,2,1,9.765788923969216,0.003611111111111111,2646.0,0,0,0.13
2646.5,13,0,0,2,1,0,0,2,1,9.809546556453789,0.003611111111111111,2646.5,0,0,0.13
2647.0,13,0,0,2,1,0,0,2,1,9.756808224004054,0.003611111111111111,2647.0,0,0,0.13
2647.5,13,0,0,2,1,0,0,2,1,9.743432850062572,0.003611111111111111,2647.5,0,0,0.13
2648.0,13,0,0,2,1,0,0,2,1,9.768931232287452,0.003611111111111111,2648.0,0,0,0.13
2648.5,13,0,0,2,1,0,0,2,1,9.707269005130634,0.003611111111111111,2648.5,0,0,0.13
2649.0,13,0,0,2,1,0,0,2,1,9.772382167543041,0.003611111111111111,2649.0,0,0,0.13
2649.5,13,0,0,2,1,0,0,2,1,9.851356168827264,0.003611111111111111,2649.5,0,0,0.13
2650.0,13,0,0,2,1,0,0,2,1,9.790270901299305,0.003611111111111111,2650.0,0,0,0.13
2650.5,11,0,0,2,1,0,0,2,1,9.349291104037091,0.0030555555555555557,2650.5,0,0,0.11
2651.0,11,0,0,2,1,0,0,2,1,9.21768112112352,0.0030555555555555557,2651.0,0,0,0.11
2651.5,11,0,0,2,1,0,0,2,1,9.250809611180152,0.0030555555555555557,2651.5,0,0,0.11
2652.0,10,0,0,2,1,0,0,2,1,8.811337746698722,0.002777777777777778,2652.0,0,1,0.1
2652.5,9,0,0,2,1,0,0,2,1,8.231426384964713,0.0025,2652.5,0,1,0.09
2653.0,9,0,0,2,1,0,0,2,1,8.425517910836485,0.0025,2653.0,0,1,0.09
2653.5,9,0,0,2,1,0,0,2,1,8.345347097280502,0.0025,2653.5,0,1,0.09
2654.0,9,0,0,2,1,0,0,2,1,8.324377670144107,0.0025,2654.0,0,1,0.09
2654.5,9,0,0,2,1,0,0,2,1,8.245536754977387,0.0025,2654.5,0,1,0.09
2655.0,9,0,0,0,0,0,0,0,0,8.757154201721217,0.0025,2655.0,0,2,0.09
2655.5,9,0,0,0,0,0,0,0,0,9.065702392560612,0.0025,2655.5,0,2,0.09
2656.0,9,0,0,0,0,0,0,0,0,9.393766552213762,0.0025,2656.0,0,2,0.09
2656.5,9,0,0,0,0,0,0,0,0,9.841821827097926,0.0025,2656.5,0,2,0.09
2657.0,9,0,0,0,0,0,0,0,0,10.135491626892112,0.0025,2657.0,0,2,0.09
2657.5,9,0,0,0,0,0,0,0,0,10.503248740690012,0.0025,2657.5,0,2,0.09
2658.0,9,0,0,0,0,0,0,0,0,10.781660246781826,0.0025,2658.0,0,2,0.09
2658.5,9,0,0,0,0,0,0,0,0,11.16497654127891,0.0025,2658.5,0,2,0.09
2659.0,9,0,0,0,0,0,0,0,0,11.529868332988663,0.0025,2659.0,0,2,0.09
2659.5,9,0,0,0,0,0,0,0,0,11.8158738152577,0.0025,2659.5,0,2,0.09
2660.0,9,0,0,0,0,0,0,0,0,12.162156037521937,0.0025,2660.0,0,2,0.09
2660.5,9,0,0,0,0,0,0,0,0,12.419217080951823,0.0025,2660.5,0,2,0.09
2661.0,9,0,0,0,0,0,0,0,0,12.454086708562919,0.0025,2661.0,0,2,0.09
2661.5,9,0,0,0,0,0,0,0,0,12.447084476847516,0.0025,2661.5,0,2,0.09
2662.0,9,0,0,0,0,0,0,0,0,12.440026129282499,0.0025,2662.0,0,2,0.09
2662.5,13,0,0,0,0,0,0,0,0,12.849328912366966,0.003611111111111111,2662.5,0,2,0.13
2663.0,13,0,0,0,0,0,0,0,0,12.737988303965741,0.003611111111111111,2663.0,0,2,0.13
2663.5,13,0,0,0,0,0,0,0,0,12.847167466455923,0.003611111111111111,2663.5,0,2,0.13
2664.0,13,0,0,0,0,0,0,0,0,12.852178940540963,0.003611111111111111,2664.0,0,2,0.13
2664.5,13,0,0,0,0,0,0,0,0,12.752515270517526,0.003611111111111111,2664.5,0,2,0.13
2665.0,13,0,0,0,0,0,0,0,0,12.683465412110875,0.003611111111111111,2665.0,0,2,0.13
2665.5,13,0,0,0,0,0,0,0,0,12.719269698465562,0.003611111111111111,2665.5,0,2,0.13
2666.0,13,0,0,0,0,0,0,0,0,12.819740892588946,0.003611111111111111,2666.0,0,2,0.13
2666.5,13,0,0,0,0,0,0,0,0,12.662940089939017,0.003611111111111111,2666.5,0,2,0.13
2667.0,13,0,0,0,0,0,0,0,0,12.555653466213887,0.003611111111111111,2667.0,0,2,0.13
2667.5,13,0,0,0,0,0,0,0,0,12.379618694072123,0.003611111111111111,2667.5,0,2,0.13
2668.0,13,0,0,0,0,0,0,0,0,12.236967826409332,0.003611111111111111,2668.0,0,2,0.13
2668.5,13,0,0,0,0,0,0,0,0,11.996052730263814,0.003611111111111111,2668.5,0,2,0.13
2669.0,13,0,0,0,0,0,0,0,0,11.796602814961659,0.003611111111111111,2669.0,0,2,0.13
2669.5,13,0,0,0,0,0,0,0,0,11.836841970814444,0.003611111111111111,2669.5,0,2,0.13
2670.0,13,1,0,0,0,1,0,0,0,11.731694273036386,0.003611111111111111,2670.0,0,2,0.13
2670.5,13,1,0,0,0,1,0,0,0,11.779897026177814,0.003611111111111111,2670.5,0,2,0.13
2671.0,13,1,0,0,0,1,0,0,0,11.775294444818712,0.003611111111111111,2671.0,0,2,0.13
2671.5,13,1,0,0,0,1,0,0,0,11.64236240506573,0.003611111111111111,2671.5,0,2,0.13
2672.0,13,1,0,0,0,1,0,0,0,11.686328945608627,0.003611111111111111,2672.0,0,2,0.13
2672.5,13,1,0,0,0,1,0,0,0,11.743220203273747,0.003611111111111111,2672.5,0,2,0.13
2673.0,13,1,0,0,0,1,0,0,0,11.767689155726044,0.003611111111111111,2673.0,0,2,0.13
2673.5,13,1,0,0,0,1,0,0,0,11.64719915451417,0.003611111111111111,2673.5,0,2,0.13
2674.0,13,1,0,0,0,1,0,0,0,11.764324316996433,0.003611111111111111,2674.0,0,2,0.13
2674.5,13,1,0,0,0,1,0,0,0,11.750370298765416,0.003611111111111111,2674.5,0,2,0.13
2675.0,13,1,0,0,0,1,0,0,0,11.653423577345867,0.003611111111111111,2675.0,0,2,0.13
2675.5,13,1,0,0,0,1,0,0,0,11.577854100889168,0.003611111111111111,2675.5,0,2,0.13
2676.0,12,1,0,0,0,1,0,0,0,11.139087714513247,0.0033333333333333335,2676.0,0,2,0.12
2676.5,12,1,0,0,0,1,0,0,0,11.046165023554947,0.0033333333333333335,2676.5,0,2,0.12
2677.0,12,1,0,0,0,1,0,0,0,10.848557333748625,0.0033333333333333335,2677.0,0,2,0.12
2677.5,12,1,0,0,0,1,0,0,0,10.693024604363023,0.0033333333333333335,2677.5,0,2,0.12
2678.0,12,1,1,0,0,1,1,0,0,10.585859318602289,0.0033333333333333335,2678.0,0,2,0.12
2678.5,12,1,1,0,0,1,1,0,0,10.57765967318471,0.0033333333333333335,2678.5,0,2,0.12
2679.0,12,1,1,0,0,1,1,0,0,10.67637636788494,0.0033333333333333335,2679.0,0,2,0.12
2679.5,12,1,1,0,0,1,1,0,0,10.745214834126257,0.0033333333333333335,2679.5,0,2,0.12
2680.0,12,1,1,0,0,1,1,0,0,10.614578730144343,0.0033333333333333335,2680.0,0,2,0.12
2680.5,12,1,1,0,0,1,1,0,0,10.715580179557747,0.0033333333333333335,2680.5,0,2,0.12
2681.0,12,1,1,0,0,1,1,0,0,10.67565733676012,0.0033333333333333335,2681.0,0,2,0.12
2681.5,12,1,1,0,0,1,1,0,0,10.647955252730675,0.0033333333333333335,2681.5,0,2,0.12
2682.0,12,1,1,0,0,1,1,0,0,10.594820006981337,0.0033333333333333335,2682.0,0,2,0.12
2682.5,12,1,1,0,0,1,1,0,0,10.755480846504526,0.0033333333333333335,2682.5,0,2,0.12
2683.0,12,1,1,0,0,1,1,0,0,10.622273964598735,0.0033333333333333335,2683.0,0,2,0.12
2683.5,12,1,1,0,0,1,1,0,0,10.668157264349595,0.0033333333333333335,2683.5,0,2,0.12
2684.0,12,1,1,0,0,1,1,0,0,10.643668796441169,0.0033333333333333335,2684.0,0,2,0.12
2684.5,12,1,1,0,0,1,1,0,0,10.76110137223336,0.0033333333333333335,2684.5,0,2,0.12
2685.0,12,1,1,0,0,1,1,0,0,10.608901399620343,0.0033333333333333335,2685.0,0,2,0.12
2685.5,12,1,1,0,0,1,1,0,0,10.666092964140427,0.0033333333333333335,2685.5,0,2,0.12
2686.0,12,1,1,0,0,1,1,0,0,10.679767138957125,0.0033333333333333335,2686.0,0,2,0.12
2686.5,12,1,1,0,0,1,1,0,0,10.668721988183021,0.0033333333333333335,2686.5,0,2,0.12
2687.0,12,1,1,0,0,1,1,0,0,10.7328369743578,0.0033333333333333335,2687.0,0,2,0.12
2687.5,12,1,1,0,0,1,1,0,0,10.667223977935812,0.0033333333333333335,2687.5,0,2,0.12
2688.0,12,1,1,0,0,1,1,0,0,10.658804011206104,0.0033333333333333335,2688.0,0,2,0.12
2688.5,12,1,1,0,0,1,1,0,0,10.626564724894628,0.0033333333333333335,2688.5,0,2,0.12
2689.0,12,1,1,0,0,1,1,0,0,10.680196902820336,0.0033333333333333335,2689.0,0,2,0.12
2689.5,12,1,1,0,0,1,1,0,0,10.630430085150797,0.0033333333333333335,2689.5,0,2,0.12
2690.0,12,1,1,0,0,1,1,0,0,10.647716091266602,0.0033333333333333335,2690.0,0,2,0.12
2690.5,12,1,1,0,0,1,1,0,0,10.62792567884891,0.0033333333333333335,2690.5,0,2,0.12
2691.0,12,1,1,0,0,1,1,0,0,10.774305340986196,0.0033333333333333335,2691.0,0,2,0.12
2691.5,12,1,1,0,0,1,1,0,0,10.74398503188754,0.0033333333333333335,2691.5,0,2,0.12
2692.0,12,1,1,0,0,1,1,0,0,10.665588782063104,0.0033333333333333335,2692.0,0,2,0.12
2692.5,15,1,1,0,0,1,1,0,0,10.9091596492487,0.004166666666666667,2692.5,0,2,0.15
2693.0,15,1,1,0,0,1,1,0,0,10.940279127393266,0.004166666666666667,2693.0,0,2,0.15
2693.5,15,1,1,0,0,1,1,0,0,10.982592402062263,0.004166666666666667,2693.5,0,2,0.15
2694.0,15,1,1,0,0,1,1,0,0,11.063559990978995,0.004166666666666667,2694.0,0,2,0.15
2694.5,15,1,1,0,0,1,1,0,0,11.1787976389492,0.004166666666666667,2694.5,0,2,0.15
2695.0,15,1,1,0,0,1,1,0,0,11.186077865376925,0.004166666666666667,2695.0,0,2,0.15
2695.5,15,1,1,0,0,1,1,0,0,11.239923458978701,0.004166666666666667,2695.5,0,2,0.15
2696.0,14,1,1,0,0,1,1,0,0,11.084138458798321,0.0038888888888888888,2696.0,0,2,0.14
2696.5,14,1,1,0,0,1,1,0,0,11.014979714780427,0.0038888888888888888,2696.5,0,2,0.14
2697.0,14,1,1,0,0,1,1,0,0,10.926067029617869,0.0038888888888888888,2697.0,0,3,0.14
2697.5,13,1,1,0,0,1,1,0,0,10.455613625347969,0.003611111111111111,2697.5,0,3,0.13
2698.0,13,1,1,0,0,1,1,0,0,9.976210397239985,0.003611111111111111,2698.0,0,3,0.13
2698.5,13,1,1,0,0,1,1,0,0,9.305125284101843,0.003611111111111111,2698.5,0,3,0.13
2699.0,13,1,1,0,0,1,1,0,0,8.643454405960943,0.003611111111111111,2699.0,0,3,0.13
2699.5,13,1,1,0,0,1,1,0,0,7.988548282760903,0.003611111111111111,2699.5,0,3,0.13
2700.0,13,0,0,0,0,0,0,0,0,8.032833766528139,0.003611111111111111,2700.0,0,0,0.13
2700.5,13,0,0,1,0,0,0,1,0,8.1045324434693,0.003611111111111111,2700.5,0,0,0.13
2701.0,12,0,0,1,0,0,0,1,0,8.044818536321072,0.0033333333333333335,2701.0,0,0,0.12
2701.5,12,0,0,1,1,0,0,1,1,8.354265304620823,0.0033333333333333335,2701.5,0,0,0.12
2702.0,12,0,0,1,1,0,0,1,1,8.576284295763902,0.0033333333333333335,2702.0,0,0,0.12
2702.5,12,0,0,1,1,0,0,1,1,8.950229510800987,0.0033333333333333335,2702.5,0,0,0.12
2703.0,12,0,0,1,1,0,0,1,1,9.319132020198033,0.0033333333333333335,2703.0,0,0,0.12
2703.5,12,0,0,1,1,0,0,1,1,9.719001955437776,0.0033333333333333335,2703.5,0,0,0.12
2704.0,12,0,0,1,1,0,0,1,1,9.98348450624979,0.0033333333333333335,2704.0,0,0,0.12
2704.5,12,0,0,1,1,0,0,1,1,10.247913038905956,0.0033333333333333335,2704.5,0,0,0.12
2705.0,12,0,0,1,1,0,0,1,1,10.40357215179997,0.0033333333333333335,2705.0,0,0,0.12
2705.5,11,0,0,1,1,0,0,1,1,10.247154807560559,0.0030555555555555557,2705.5,0,0,0.11
2706.0,11,0,0,1,1,0,0,1,1,10.349031937995239,0.0030555555555555557,2706.0,0,0,0.11
2706.5,11,0,0,1,1,0,0,1,1,10.387838065727543,0.0030555555555555557,2706.5,0,0,0.11
2707.0,11,0,0,1,1,0,0,1,1,10.442649656082942,0.0030555555555555557,2707.0,0,0,0.11
2707.5,11,0,0,1,1,0,0,1,1,10.48096426719526,0.0030555555555555557,2707.5,0,0,0.11
2708.0,11,0,0,1,1,0,0,1,1,10.358317764385577,0.0030555555555555557,2708.0,0,0,0.11
2708.5,11,0,0,1,1,0,0,1,1,10.414587101627749,0.0030555555555555557,2708.5,0,0,0.11
2709.0,11,0,0,1,1,0,0,1,1,10.406676763532783,0.0030555555555555557,2709.0,0,0,0.11
2709.5,11,0,0,1,1,0,0,1,1,10.381116754878752,0.0030555555555555557,2709.5,0,0,0.11
2710.0,11,0,0,1,1,0,0,1,1,10.405714086817424,0.0030555555555555557,2710.0,0,0,0.11
2710.5,11,0,0,1,1,0,0,1,1,10.32143512105592,0.0030555555555555557,2710.5,0,0,0.11
2711.0,11,0,0,1,1,0,0,1,1,10.406529866541664,0.0030555555555555557,2711.0,0,0,0.11
2711.5,11,0,0,1,1,0,0,1,1,10.458907897609134,0.0030555555555555557,2711.5,0,0,0.11
2712.0,11,0,0,1,1,0,0,1,1,10.480213316525349,0.0030555555555555557,2712.0,0,0,0.11
2712.5,11,0,0,1,1,0,0,1,1,10.430883698962983,0.0030555555555555557,2712.5,0,0,0.11
2713.0,11,0,0,1,1,0,0,1,1,10.448732022247503,0.0030555555555555557,2713.0,0,0,0.11
2713.5,11,0,0,1,1,0,0,1,1,10.449240262403846,0.0030555555555555557,2713.5,0,0,0.11
2714.0,11,0,0,1,1,0,0,1,1,10.391997085008574,0.0030555555555555557,2714.0,0,0,0.11
2714.5,11,0,0,1,1,0,0,1,1,10.331410543393698,0.0030555555555555557,2714.5,0,0,0.11
2715.0,10,0,0,1,1,0,0,1,1,10.28738441893057,0.002777777777777778,2715.0,0,0,0.1
2715.5,10,0,0,1,1,0,0,1,1,10.199183895817669,0.002777777777777778,2715.5,0,0,0.1
2716.0,10,0,0,1,1,0,0,1,1,10.37761347540113,0.002777777777777778,2716.0,0,0,0.1
2716.5,10,0,0,1,1,0,0,1,1,10.198256334093575,0.002777777777777778,2716.5,0,0,0.1
2717.0,10,0,0,1,1,0,0,1,1,10.27507952885394,0.002777777777777778,2717.0,0,0,0.1
2717.5,10,0,0,1,1,0,0,1,1,10.220684590851132,0.002777777777777778,2717.5,0,0,0.1
2718.0,10,0,0,1,1,0,0,1,1,10.283530583337825,0.002777777777777778,2718.0,0,0,0.1
2718.5,10,0,0,1,1,0,0,1,1,10.252262465256909,0.002777777777777778,2718.5,0,0,0.1
2719.0,10,0,0,1,1,0,0,1,1,10.268164259315643,0.002777777777777778,2719.0,0,0,0.1
2719.5,10,0,0,1,1,0,0,1,1,10.313790686062248,0.002777777777777778,2719.5,0,0,0.1
2720.0,10,0,0,1,1,0,0,1,1,10.262249072470413,0.002777777777777778,2720.0,0,0,0.1
2720.5,10,0,0,1,1,0,0,1,1,10.147627022288916,0.002777777777777778,2720.5,0,0,0.1
2721.0,10,0,0,1,1,0,0,1,1,10.269496135620113,0.002777777777777778,2721.0,0,0,0.1
2721.5,10,0,0,1,1,0,0,1,1,10.22526769090834,0.002777777777777778,2721.5,0,0,0.1
2722.0,10,0,0,1,1,0,0,1,1,10.164002703810521,0.002777777777777778,2722.0,0,0,0.1
2722.5,10,0,0,1,1,0,0,1,1,10.16937914376188,0.002777777777777778,2722.5,0,0,0.1
2723.0,14,0,0,1,1,0,0,1,1,10.62980521031525,0.0038888888888888888,2723.0,0,0,0.14
2723.5,14,0,0,1,1,0,0,1,1,10.626404723713165,0.0038888888888888888,2723.5,0,0,0.14
2724.0,14,0,0,1,1,0,0,1,1,10.618693000327855,0.0038888888888888888,2724.0,0,0,0.14
2724.5,14,0,0,1,1,0,0,1,1,10.805410105732761,0.0038888888888888888,2724.5,0,0,0.14
2725.0,14,0,0,1,1,0,0,1,1,10.794840347338825,0.0038888888888888888,2725.0,0,0,0.14
2725.5,14,0,0,1,1,0,0,1,1,10.920427945767821,0.0038888888888888888,2725.5,0,0,0.14
2726.0,14,0,0,1,1,0,0,1,1,10.93831181396317,0.0038888888888888888,2726.0,0,0,0.14
2726.5,14,0,0,1,1,0,0,1,1,10.989979293499434,0.0038888888888888888,2726.5,0,0,0.14
2727.0,14,0,0,1,1,0,0,1,1,10.978362396945787,0.0038888888888888888,2727.0,0,0,0.14
2727.5,14,0,0,1,1,0,0,1,1,10.973650509493075,0.0038888888888888888,2727.5,0,0,0.14
2728.0,14,0,0,1,1,0,0,1,1,10.921784672016333,0.0038888888888888888,2728.0,0,0,0.14
2728.5,14,0,0,1,1,0,0,1,1,11.03149715927887,0.0038888888888888888,2728.5,0,0,0.14
2729.0,14,0,0,1,1,0,0,1,1,10.800499364739517,0.0038888888888888888,2729.0,0,0,0.14
2729.5,14,0,0,1,1,0,0,1,1,10.597305631191364,0.0038888888888888888,2729.5,0,0,0.14
2730.0,14,0,0,1,1,0,0,1,1,10.279102382016507,0.0038888888888888888,2730.0,0,0,0.14
2730.5,14,0,0,1,1,0,0,1,1,9.980896563914788,0.0038888888888888888,2730.5,0,0,0.14
2731.0,14,0,0,1,1,0,0,1,1,9.600449701596833,0.0038888888888888888,2731.0,0,0,0.14
2731.5,14,0,0,1,1,0,0,1,1,9.283040490578431,0.0038888888888888888,2731.5,0,0,0.14
2732.0,14,0,0,1,2,0,0,1,2,9.24042907980652,0.0038888888888888888,2732.0,0,0,0.14
2732.5,14,0,0,2,2,0,0,2,2,9.202987200280498,0.0038888888888888888,2732.5,0,0,0.14
2733.0,14,0,0,2,2,0,0,2,2,9.144831125392926,0.0038888888888888888,2733.0,0,0,0.14
2733.5,14,0,0,2,2,0,0,2,2,9.187722245254623,0.0038888888888888888,2733.5,0,0,0.14
2734.0,14,0,0,2,2,0,0,2,2,9.194269667258624,0.0038888888888888888,2734.0,0,0,0.14
2734.5,14,0,0,2,2,0,0,2,2,9.201436818087018,0.0038888888888888888,2734.5,0,0,0.14
2735.0,14,0,0,2,2,0,0,2,2,9.17905255583076,0.0038888888888888888,2735.0,0,0,0.14
2735.5,14,0,0,2,2,0,0,2,2,9.137701985876385,0.0038888888888888888,2735.5,0,0,0.14
2736.0,14,0,0,2,2,0,0,2,2,9.167739636184356,0.0038888888888888888,2736.0,0,0,0.14
2736.5,14,0,0,2,2,0,0,2,2,9.325511691865088,0.0038888888888888888,2736.5,0,0,0.14
2737.0,14,0,0,2,2,0,0,2,2,9.20136159268884,0.0038888888888888888,2737.0,0,0,0.14
2737.5,14,0,0,2,2,0,0,2,2,9.181845577729176,0.0038888888888888888,2737.5,0,0,0.14
2738.0,14,0,0,2,2,0,0,2,2,9.187820064462164,0.0038888888888888888,2738.0,0,0,0.14
2738.5,14,0,0,2,2,0,0,2,2,9.121063836751548,0.0038888888888888888,2738.5,0,0,0.14
2739.0,14,0,0,2,2,0,0,2,2,9.215628760453821,0.0038888888888888888,2739.0,0,0,0.14
2739.5,13,0,0,2,2,0,0,2,2,8.964460125522123,0.003611111111111111,2739.5,0,0,0.13
2740.0,12,0,0,2,2,0,0,2,2,8.441969051742833,0.0033333333333333335,2740.0,0,0,0.12
2740.5,11,0,0,2,2,0,0,2,2,8.105700351030421,0.0030555555555555557,2740.5,0,0,0.11
2741.0,11,0,0,2,2,0,0,2,2,7.9841995951257125,0.0030555555555555557,2741.0,0,0,0.11
2741.5,11,0,0,2,2,0,0,2,2,8.035211620973321,0.0030555555555555557,2741.5,0,0,0.11
2742.0,11,0,0,2,2,0,0,2,2,8.048989150934878,0.0030555555555555557,2742.0,0,1,0.11
2742.5,11,0,0,2,2,0,0,2,2,7.968887142334666,0.0030555555555555557,2742.5,0,1,0.11
2743.0,11,0,0,2,2,0,0,2,2,8.032216759125854,0.0030555555555555557,2743.0,0,1,0.11
2743.5,11,0,0,2,2,0,0,2,2,8.04287569036062,0.0030555555555555557,2743.5,0,1,0.11
2744.0,11,0,0,2,2,0,0,2,2,8.019913551074097,0.0030555555555555557,2744.0,0,1,0.11
2744.5,11,0,0,2,2,0,0,2,2,8.002166889279088,0.0030555555555555557,2744.5,0,1,0.11
2745.0,11,0,0,0,0,0,0,0,0,8.44098317827109,0.0030555555555555557,2745.0,0,2,0.11
2745.5,11,0,0,0,0,0,0,0,0,8.895677662971428,0.0030555555555555557,2745.5,0,2,0.11
2746.0,11,0,0,0,0,0,0,0,0,9.091976103134114,0.0030555555555555557,2746.0,0,2,0.11
2746.5,11,0,0,0,0,0,0,0,0,9.469932290648574,0.0030555555555555557,2746.5,0,2,0.11
2747.0,11,0,0,0,0,0,0,0,0,9.86556053526678,0.0030555555555555557,2747.0,0,2,0.11
2747.5,11,0,0,0,0,0,0,0,0,10.156050788586196,0.0030555555555555557,2747.5,0,2,0.11
2748.0,11,0,0,0,0,0,0,0,0,10.492393700760914,0.0030555555555555557,2748.0,0,2,0.11
2748.5,11,0,0,0,0,0,0,0,0,10.77633739649466,0.0030555555555555557,2748.5,0,2,0.11
2749.0,10,0,0,0,0,0,0,0,0,11.275912973544843,0.002777777777777778,2749.0,0,2,0.1
2749.5,10,0,0,0,0,0,0,0,0,11.555787767990775,0.002777777777777778,2749.5,0,2,0.1
2750.0,10,0,0,0,0,0,0,0,0,12.032277264929661,0.002777777777777778,2750.0,0,2,0.1
2750.5,10,0,0,0,0,0,0,0,0,12.387774747872543,0.002777777777777778,2750.5,0,2,0.1
2751.0,10,0,0,0,0,0,0,0,0,12.846000814730203,0.002777777777777778,2751.0,0,2,0.1
2751.5,10,0,0,0,0,0,0,0,0,13.007354054618986,0.002777777777777778,2751.5,0,2,0.1
2752.0,10,0,0,0,0,0,0,0,0,13.075901248383705,0.002777777777777778,2752.0,0,2,0.1
2752.5,10,0,0,0,0,0,0,0,0,12.905451576133164,0.002777777777777778,2752.5,0,2,0.1
2753.0,14,0,0,0,0,0,0,0,0,13.277599631319559,0.0038888888888888888,2753.0,0,2,0.14
2753.5,14,0,0,0,0,0,0,0,0,13.128012489417506,0.0038888888888888888,2753.5,0,2,0.14
2754.0,14,0,0,0,0,0,0,0,0,13.183748337511508,0.0038888888888888888,2754.0,0,2,0.14
2754.5,14,0,0,0,0,0,0,0,0,13.071421062347417,0.0038888888888888888,2754.5,0,2,0.14
2755.0,14,0,0,0,0,0,0,0,0,13.200334067872001,0.0038888888888888888,2755.0,0,2,0.14
2755.5,14,0,0,0,0,0,0,0,0,13.167974346909213,0.0038888888888888888,2755.5,0,2,0.14
2756.0,14,0,0,0,0,0,0,0,0,13.212980254256204,0.0038888888888888888,2756.0,0,2,0.14
2756.5,14,0,0,0,0,0,0,0,0,13.184582329956188,0.0038888888888888888,2756.5,0,2,0.14
2757.0,14,0,0,0,0,0,0,0,0,13.192452103801575,0.0038888888888888888,2757.0,0,2,0.14
2757.5,14,0,0,0,0,0,0,0,0,13.111572130651213,0.0038888888888888888,2757.5,0,2,0.14
2758.0,14,0,0,0,0,0,0,0,0,12.916302096299031,0.0038888888888888888,2758.0,0,2,0.14
2758.5,14,0,0,0,0,0,0,0,0,12.939592263319737,0.0038888888888888888,2758.5,0,2,0.14
2759.0,14,0,0,0,0,0,0,0,0,12.681288592213207,0.0038888888888888888,2759.0,0,2,0.14
2759.5,14,0,0,0,0,0,0,0,0,12.43352030512445,0.0038888888888888888,2759.5,0,2,0.14
2760.0,14,0,0,0,0,0,0,0,0,12.285604656839615,0.0038888888888888888,2760.0,0,2,0.14
2760.5,14,0,0,0,0,0,0,0,0,12.168595722236878,0.0038888888888888888,2760.5,0,2,0.14
2761.0,14,1,0,0,0,1,0,0,0,12.249591943947797,0.0038888888888888888,2761.0,0,2,0.14
2761.5,14,1,0,0,0,1,0,0,0,12.109913331629503,0.0038888888888888888,2761.5,0,2,0.14
2762.0,14,1,0,0,0,1,0,0,0,11.954797677933149,0.0038888888888888888,2762.0,0,2,0.14
2762.5,14,1,0,0,0,1,0,0,0,11.915838866844107,0.0038888888888888888,2762.5,0,2,0.14
2763.0,14,1,0,0,0,1,0,0,0,11.61383249288052,0.0038888888888888888,2763.0,0,2,0.14
2763.5,14,1,0,0,0,1,0,0,0,11.516496286392647,0.0038888888888888888,2763.5,0,2,0.14
2764.0,14,1,0,0,0,1,0,0,0,11.417139463255728,0.0038888888888888888,2764.0,0,2,0.14
2764.5,14,1,1,0,0,1,1,0,0,11.25608155552393,0.0038888888888888888,2764.5,0,2,0.14
2765.0,14,1,1,0,0,1,1,0,0,11.329595164156132,0.0038888888888888888,2765.0,0,2,0.14
2765.5,14,1,1,0,0,1,1,0,0,11.305282872684206,0.0038888888888888888,2765.5,0,2,0.14
2766.0,13,1,1,0,0,1,1,0,0,11.05847553770155,0.003611111111111111,2766.0,0,2,0.13
2766.5,13,1,1,0,0,1,1,0,0,11.1224762457875,0.003611111111111111,2766.5,0,2,0.13
2767.0,13,1,1,0,0,1,1,0,0,11.133101187982634,0.003611111111111111,2767.0,0,2,0.13
2767.5,13,1,1,0,0,1,1,0,0,11.132972076487299,0.003611111111111111,2767.5,0,2,0.13
2768.0,13,1,1,0,0,1,1,0,0,11.09352019696826,0.003611111111111111,2768.0,0,2,0.13
2768.5,13,1,1,0,0,1,1,0,0,11.098276123822242,0.003611111111111111,2768.5,0,2,0.13
2769.0,13,1,1,0,0,1,1,0,0,11.073576032822988,0.003611111111111111,2769.0,0,2,0.13
2769.5,13,1,1,0,0,1,1,0,0,11.198282034356184,0.003611111111111111,2769.5,0,2,0.13
2770.0,13,1,1,0,0,1,1,0,0,11.08994464283906,0.003611111111111111,2770.0,0,2,0.13
2770.5,13,1,1,0,0,1,1,0,0,11.131519569641483,0.003611111111111111,2770.5,0,2,0.13
2771.0,13,1,1,0,0,1,1,0,0,11.10568462990787,0.003611111111111111,2771.0,0,2,0.13
2771.5,13,1,1,0,0,1,1,0,0,11.197893711119928,0.003611111111111111,2771.5,0,2,0.13
2772.0,13,1,1,0,0,1,1,0,0,11.16910453104511,0.003611111111111111,2772.0,0,2,0.13
2772.5,13,1,1,0,0,1,1,0,0,11.15528302185567,0.003611111111111111,2772.5,0,2,0.13
2773.0,13,1,1,0,0,1,1,0,0,11.163979044415559,0.003611111111111111,2773.0,0,2,0.13
2773.5,13,1,1,0,0,1,1,0,0,11.10746819266215,0.003611111111111111,2773.5,0,2,0.13
2774.0,13,1,1,0,0,1,1,0,0,11.108103015912734,0.003611111111111111,2774.0,0,2,0.13
2774.5,13,1,1,0,0,1,1,0,0,11.213514567444605,0.003611111111111111,2774.5,0,2,0.13
2775.0,13,1,1,0,0,1,1,0,0,11.022101142861455,0.003611111111111111,2775.0,0,2,0.13
2775.5,13,1,1,0,0,1,1,0,0,11.08265362835819,0.003611111111111111,2775.5,0,2,0.13
2776.0,13,1,1,0,0,1,1,0,0,11.078691722919341,0.003611111111111111,2776.0,0,2,0.13
2776.5,13,1,1,0,0,1,1,0,0,11.187023677510362,0.003611111111111111,2776.5,0,2,0.13
2777.0,13,1,1,0,0,1,1,0,0,11.102590435107162,0.003611111111111111,2777.0,0,2,0.13
2777.5,13,1,1,0,0,1,1,0,0,11.123666743525341,0.003611111111111111,2777.5,0,2,0.13
2778.0,13,1,1,0,0,1,1,0,0,11.122465910342093,0.003611111111111111,2778.0,0,2,0.13
2778.5,12,1,1,0,0,1,1,0,0,11.021018804785092,0.0033333333333333335,2778.5,0,2,0.12
2779.0,12,1,1,0,0,1,1,0,0,11.038004120238197,0.0033333333333333335,2779.0,0,2,0.12
2779.5,12,1,1,0,0,1,1,0,0,11.024695240409068,0.0033333333333333335,2779.5,0,2,0.12
2780.0,12,1,1,0,0,1,1,0,0,11.116772071962586,0.0033333333333333335,2780.0,0,2,0.12
2780.5,12,1,1,0,0,1,1,0,0,11.075135734142497,0.0033333333333333335,2780.5,0,2,0.12
2781.0,12,1,1,0,0,1,1,0,0,11.120765820316072,0.0033333333333333335,2781.0,0,2,0.12
2781.5,12,1,1,0,0,1,1,0,0,11.096079085776694,0.0033333333333333335,2781.5,0,2,0.12
2782.0,12,1,1,0,0,1,1,0,0,11.085501908134235,0.0033333333333333335,2782.0,0,2,0.12
2782.5,12,1,1,0,0,1,1,0,0,11.123870983060831,0.0033333333333333335,2782.5,0,2,0.12
2783.0,12,1,1,0,0,1,1,0,0,11.046657533786215,0.0033333333333333335,2783.0,0,2,0.12
2783.5,16,1,1,0,0,1,1,0,0,11.413968956384542,0.0044444444444444444,2783.5,0,2,0.16
2784.0,16,1,1,0,0,1,1,0,0,11.345757769467216,0.0044444444444444444,2784.0,0,2,0.16
2784.5,16,1,1,0,0,1,1,0,0,11.405975844443219,0.0044444444444444444,2784.5,0,2,0.16
2785.0,16,1,1,0,0,1,1,0,0,11.492420669337934,0.0044444444444444444,2785.0,0,2,0.16
2785.5,15,1,1,0,0,1,1,0,0,11.450549887721484,0.004166666666666667,2785.5,0,2,0.15
2786.0,15,1,1,0,0,1,1,0,0,11.529052664428075,0.004166666666666667,2786.0,0,2,0.15
2786.5,15,1,1,0,0,1,1,0,0,11.598370729049638,0.004166666666666667,2786.5,0,2,0.15
2787.0,13,1,1,0,0,1,1,0,0,11.308414486581054,0.003611111111111111,2787.0,0,3,0.13
2787.5,12,1,1,0,0,1,1,0,0,10.903027011682381,0.0033333333333333335,2787.5,0,3,0.12
2788.0,12,1,1,0,0,1,1,0,0,10.28978087294935,0.0033333333333333335,2788.0,0,3,0.12
2788.5,12,1,1,0,0,1,1,0,0,9.515321872801541,0.0033333333333333335,2788.5,0,3,0.12
2789.0,12,1,1,0,0,1,1,0,0,8.877247502872484,0.0033333333333333335,2789.0,0,3,0.12
2789.5,12,1,1,0,0,1,1,0,0,8.133345752387338,0.0033333333333333335,2789.5,0,3,0.12
2790.0,12,0,0,0,0,0,0,0,0,8.11155891828232,0.0033333333333333335,2790.0,0,0,0.12
2790.5,12,0,0,0,0,0,0,0,0,8.16198043096948,0.0033333333333333335,2790.5,0,0,0.12
2791.0,12,0,0,1,1,0,0,1,1,8.231054339047985,0.0033333333333333335,2791.0,0,0,0.12
2791.5,12,0,0,1,1,0,0,1,1,8.67078811799878,0.0033333333333333335,2791.5,0,0,0.12
2792.0,12,0,0,1,1,0,0,1,1,8.984151671497754,0.0033333333333333335,2792.0,0,0,0.12
2792.5,12,0,0,1,1,0,0,1,1,9.242411033203974,0.0033333333333333335,2792.5,0,0,0.12
2793.0,12,0,0,1,1,0,0,1,1,9.65472003446402,0.0033333333333333335,2793.0,0,0,0.12
2793.5,12,0,0,1,1,0,0,1,1,9.985242594698162,0.0033333333333333335,2793.5,0,0,0.12
2794.0,12,0,0,1,1,0,0,1,1,10.192192292831558,0.0033333333333333335,2794.0,0,0,0.12
2794.5,12,0,0,1,1,0,0,1,1,10.507346099304891,0.0033333333333333335,2794.5,0,0,0.12
2795.0,12,0,0,1,1,0,0,1,1,10.695944767419368,0.0033333333333333335,2795.0,0,0,0.12
2795.5,12,0,0,1,1,0,0,1,1,10.805064166228831,0.0033333333333333335,2795.5,0,0,0.12
2796.0,12,0,0,1,1,0,0,1,1,11.026974567200758,0.0033333333333333335,2796.0,0,0,0.12
2796.5,11,0,0,1,1,0,0,1,1,10.847566497677377,0.0030555555555555557,2796.5,0,0,0.11
2797.0,11,0,0,1,1,0,0,1,1,10.788572157281358,0.0030555555555555557,2797.0,0,0,0.11
2797.5,11,0,0,1,1,0,0,1,1,10.891006128664712,0.0030555555555555557,2797.5,0,0,0.11
2798.0,11,0,0,1,1,0,0,1,1,10.87693205264578,0.0030555555555555557,2798.0,0,0,0.11
2798.5,11,0,0,1,1,0,0,1,1,10.784755967079187,0.0030555555555555557,2798.5,0,0,0.11
2799.0,11,0,0,1,1,0,0,1,1,10.835073276978655,0.0030555555555555557,2799.0,0,0,0.11
2799.5,11,0,0,1,1,0,0,1,1,10.835544878497457,0.0030555555555555557,2799.5,0,0,0.11
2800.0,11,0,0,1,1,0,0,1,1,10.846199312790374,0.0030555555555555557,2800.0,0,0,0.11
2800.5,11,0,0,1,1,0,0,1,1,10.808126628388429,0.0030555555555555557,2800.5,0,0,0.11
2801.0,11,0,0,1,1,0,0,1,1,10.831740893763397,0.0030555555555555557,2801.0,0,0,0.11
2801.5,10,0,0,1,1,0,0,1,1,10.563419136419675,0.002777777777777778,2801.5,0,0,0.1
2802.0,10,0,0,1,1,0,0,1,1,10.616156572289317,0.002777777777777778,2802.0,0,0,0.1
2802.5,10,0,0,1,1,0,0,1,1,10.648155687177336,0.002777777777777778,2802.5,0,0,0.1
2803.0,10,0,0,1,1,0,0,1,1,10.581188785993234,0.002777777777777778,2803.0,0,0,0.1
2803.5,10,0,0,1,1,0,0,1,1,10.581544512188362,0.002777777777777778,2803.5,0,0,0.1
2804.0,10,0,0,1,1,0,0,1,1,10.616181350243103,0.002777777777777778,2804.0,0,0,0.1
2804.5,10,0,0,1,1,0,0,1,1,10.59765141342676,0.002777777777777778,2804.5,0,0,0.1
2805.0,10,0,0,1,1,0,0,1,1,10.724967160794183,0.002777777777777778,2805.0,0,0,0.1
2805.5,10,0,0,1,1,0,0,1,1,10.618987627104302,0.002777777777777778,2805.5,0,0,0.1
2806.0,10,0,0,1,1,0,0,1,1,10.593262646827508,0.002777777777777778,2806.0,0,0,0.1
2806.5,10,0,0,1,1,0,0,1,1,10.654890122987297,0.002777777777777778,2806.5,0,0,0.1
2807.0,10,0,0,1,1,0,0,1,1,10.606781381709563,0.002777777777777778,2807.0,0,0,0.1
2807.5,10,0,0,1,1,0,0,1,1,10.663628261019415,0.002777777777777778,2807.5,0,0,0.1
2808.0,10,0,0,1,1,0,0,1,1,10.691484749506477,0.002777777777777778,2808.0,0,0,0.1
2808.5,10,0,0,1,1,0,0,1,1,10.590388672661392,0.002777777777777778,2808.5,0,0,0.1
2809.0,10,0,0,1,1,0,0,1,1,10.694326677175551,0.002777777777777778,2809.0,0,0,0.1
2809.5,10,0,0,1,1,0,0,1,1,10.708241006519662,0.002777777777777778,2809.5,0,0,0.1
2810.0,10,0,0,1,1,0,0,1,1,10.593105614059157,0.002777777777777778,2810.0,0,0,0.1
2810.5,10,0,0,1,1,0,0,1,1,10.596838264287317,0.002777777777777778,2810.5,0,0,0.1
2811.0,10,0,0,1,1,0,0,1,1,10.69228222236349,0.002777777777777778,2811.0,0,0,0.1
2811.5,10,0,0,1,1,0,0,1,1,10.576906697657417,0.002777777777777778,2811.5,0,0,0.1
2812.0,10,0,0,1,1,0,0,1,1,10.528824392680095,0.002777777777777778,2812.0,0,0,0.1
2812.5,10,0,0,1,1,0,0,1,1,10.676145940098152,0.002777777777777778,2812.5,0,0,0.1
2813.0,10,0,0,1,1,0,0,1,1,10.77506008611132,0.002777777777777778,2813.0,0,0,0.1
2813.5,14,0,0,1,1,0,0,1,1,10.773125950633338,0.0038888888888888888,2813.5,0,0,0.14
2814.0,14,0,0,1,1,0,0,1,1,10.7697606777969,0.0038888888888888888,2814.0,0,0,0.14
2814.5,14,0,0,1,1,0,0,1,1,10.831298778502415,0.0038888888888888888,2814.5,0,0,0.14
2815.0,14,0,0,1,1,0,0,1,1,10.898744747650223,0.0038888888888888888,2815.0,0,0,0.14
2815.5,14,0,0,1,1,0,0,1,1,11.025305911006914,0.0038888888888888888,2815.5,0,0,0.14
2816.0,14,0,0,1,1,0,0,1,1,11.04283214891134,0.0038888888888888888,2816.0,0,0,0.14
2816.5,14,0,0,1,1,0,0,1,1,11.09269809259006,0.0038888888888888888,2816.5,0,0,0.14
2817.0,14,0,0,1,1,0,0,1,1,11.123021721214666,0.0038888888888888888,2817.0,0,0,0.14
2817.5,14,0,0,1,1,0,0,1,1,11.104166532076903,0.0038888888888888888,2817.5,0,0,0.14
2818.0,14,0,0,1,1,0,0,1,1,10.936817587712424,0.0038888888888888888,2818.0,0,0,0.14
2818.5,14,0,0,1,1,0,0,1,1,10.581882139789654,0.0038888888888888888,2818.5,0,0,0.14
2819.0,14,0,0,1,1,0,0,1,1,10.288949626964078,0.0038888888888888888,2819.0,0,0,0.14
2819.5,14,0,0,1,1,0,0,1,1,10.09013582773589,0.0038888888888888888,2819.5,0,0,0.14
2820.0,14,0,0,1,1,0,0,1,1,9.716895884571121,0.0038888888888888888,2820.0,0,0,0.14
2820.5,14,0,0,1,1,0,0,1,1,9.416225237411078,0.0038888888888888888,2820.5,0,0,0.14
2821.0,14,0,0,1,1,0,0,1,1,9.185806261527668,0.0038888888888888888,2821.0,0,0,0.14
2821.5,14,0,0,2,2,0,0,2,2,9.148343244466341,0.0038888888888888888,2821.5,0,0,0.14
2822.0,14,0,0,2,2,0,0,2,2,9.161774766714084,0.0038888888888888888,2822.0,0,0,0.14
2822.5,14,0,0,2,2,0,0,2,2,9.166208866714568,0.0038888888888888888,2822.5,0,0,0.14
2823.0,14,0,0,2,2,0,0,2,2,9.1245100056575,0.0038888888888888888,2823.0,0,0,0.14
2823.5,14,0,0,2,2,0,0,2,2,9.08552192648278,0.0038888888888888888,2823.5,0,0,0.14
2824.0,14,0,0,2,2,0,0,2,2,9.183656083217562,0.0038888888888888888,2824.0,0,0,0.14
2824.5,14,0,0,2,2,0,0,2,2,9.187459650125694,0.0038888888888888888,2824.5,0,0,0.14
2825.0,14,0,0,2,2,0,0,2,2,9.207501990178173,0.0038888888888888888,2825.0,0,0,0.14
2825.5,14,0,0,2,2,0,0,2,2,9.262845674006341,0.0038888888888888888,2825.5,0,0,0.14
2826.0,14,0,0,2,2,0,0,2,2,9.12353483343501,0.0038888888888888888,2826.0,0,0,0.14
2826.5,14,0,0,2,2,0,0,2,2,9.193774630206377,0.0038888888888888888,2826.5,0,0,0.14
2827.0,14,0,0,2,2,0,0,2,2,9.156120399941697,0.0038888888888888888,2827.0,0,0,0.14
2827.5,14,0,0,2,2,0,0,2,2,9.091333626691856,0.0038888888888888888,2827.5,0,0,0.14
2828.0,14,0,0,2,2,0,0,2,2,9.218431195936573,0.0038888888888888888,2828.0,0,0,0.14
2828.5,14,0,0,2,2,0,0,2,2,9.155107076395941,0.0038888888888888888,2828.5,0,0,0.14
2829.0,12,0,0,2,2,0,0,2,2,8.486516424586034,0.0033333333333333335,2829.0,0,0,0.12
2829.5,12,0,0,2,2,0,0,2,2,8.39907741039286,0.0033333333333333335,2829.5,0,0,0.12
2830.0,12,0,0,2,2,0,0,2,2,8.42110830375879,0.0033333333333333335,2830.0,0,0,0.12
2830.5,12,0,0,2,2,0,0,2,2,8.39194708871978,0.0033333333333333335,2830.5,0,0,0.12
2831.0,11,0,0,2,2,0,0,2,2,8.006398911760959,0.0030555555555555557,2831.0,0,0,0.11
2831.5,11,0,0,2,2,0,0,2,2,7.9464804968124945,0.0030555555555555557,2831.5,0,0,0.11
2832.0,11,0,0,2,2,0,0,2,2,8.031920499584816,0.0030555555555555557,2832.0,0,1,0.11
2832.5,11,0,0,2,2,0,0,2,2,8.098447957426997,0.0030555555555555557,2832.5,0,1,0.11
2833.0,11,0,0,2,2,0,0,2,2,7.987816865366005,0.0030555555555555557,2833.0,0,1,0.11
2833.5,11,0,0,2,2,0,0,2,2,8.082255719036466,0.0030555555555555557,2833.5,0,1,0.11
2834.0,11,0,0,2,2,0,0,2,2,8.088792319280994,0.0030555555555555557,2834.0,0,1,0.11
2834.5,10,0,0,2,2,0,0,2,2,7.595875755257258,0.002777777777777778,2834.5,0,1,0.1
2835.0,10,0,0,0,0,0,0,0,0,7.97492161028884,0.002777777777777778,2835.0,0,2,0.1
2835.5,10,0,0,0,0,0,0,0,0,8.400716426041491,0.002777777777777778,2835.5,0,2,0.1
2836.0,10,0,0,0,0,0,0,0,0,8.702130340347814,0.002777777777777778,2836.0,0,2,0.1
2836.5,10,0,0,0,0,0,0,0,0,8.966586058337288,0.002777777777777778,2836.5,0,2,0.1
2837.0,10,0,0,0,0,0,0,0,0,9.362100696696016,0.002777777777777778,2837.0,0,2,0.1
2837.5,10,0,0,0,0,0,0,0,0,9.843352840798488,0.002777777777777778,2837.5,0,2,0.1
2838.0,10,0,0,0,0,0,0,0,0,10.098693044258562,0.002777777777777778,2838.0,0,2,0.1
2838.5,10,0,0,0,0,0,0,0,0,10.541937529784208,0.002777777777777778,2838.5,0,2,0.1
2839.0,10,0,0,0,0,0,0,0,0,10.908424566317864,0.002777777777777778,2839.0,0,2,0.1
2839.5,10,0,0,0,0,0,0,0,0,11.201280948322546,0.002777777777777778,2839.5,0,2,0.1
2840.0,10,0,0,0,0,0,0,0,0,11.644983365982354,0.002777777777777778,2840.0,0,2,0.1
2840.5,10,0,0,0,0,0,0,0,0,11.974692834992476,0.002777777777777778,2840.5,0,2,0.1
2841.0,10,0,0,0,0,0,0,0,0,12.37058607552159,0.002777777777777778,2841.0,0,2,0.1
2841.5,10,0,0,0,0,0,0,0,0,12.774899975380647,0.002777777777777778,2841.5,0,2,0.1
2842.0,10,0,0,0,0,0,0,0,0,12.886875958127515,0.002777777777777778,2842.0,0,2,0.1
2842.5,10,0,0,0,0,0,0,0,0,13.007376829246372,0.002777777777777778,2842.5,0,2,0.1
2843.0,10,0,0,0,0,0,0,0,0,12.804230230067827,0.002777777777777778,2843.0,0,2,0.1
2843.5,10,0,0,0,0,0,0,0,0,13.009475897170109,0.002777777777777778,2843.5,0,2,0.1
2844.0,14,0,0,0,0,0,0,0,0,12.975763797797514,0.0038888888888888888,2844.0,0,2,0.14
2844.5,14,0,0,0,0,0,0,0,0,12.871268833660066,0.0038888888888888888,2844.5,0,2,0.14
2845.0,14,0,0,0,0,0,0,0,0,12.881629863952098,0.0038888888888888888,2845.0,0,2,0.14
2845.5,14,0,0,0,0,0,0,0,0,12.865392216128141,0.0038888888888888888,2845.5,0,2,0.14
2846.0,14,0,0,0,0,0,0,0,0,12.879968479299261,0.0038888888888888888,2846.0,0,2,0.14
2846.5,14,0,0,0,0,0,0,0,0,12.937961690860712,0.0038888888888888888,2846.5,0,2,0.14
2847.0,14,0,0,0,0,0,0,0,0,12.958101440408445,0.0038888888888888888,2847.0,0,2,0.14
2847.5,14,0,0,0,0,0,0,0,0,12.820121455892165,0.0038888888888888888,2847.5,0,2,0.14
2848.0,14,0,0,0,0,0,0,0,0,12.892317000408434,0.0038888888888888888,2848.0,0,2,0.14
2848.5,14,0,0,0,0,0,0,0,0,12.93058607430042,0.0038888888888888888,2848.5,0,2,0.14
2849.0,14,0,0,0,0,0,0,0,0,12.861267342109374,0.0038888888888888888,2849.0,0,2,0.14
2849.5,14,0,0,0,0,0,0,0,0,12.896550483562862,0.0038888888888888888,2849.5,0,2,0.14
2850.0,14,0,0,0,0,0,0,0,0,12.858600174119541,0.0038888888888888888,2850.0,0,2,0.14
2850.5,14,0,0,0,0,0,0,0,0,12.853416128245657,0.0038888888888888888,2850.5,0,2,0.14
2851.0,14,0,0,0,0,0,0,0,0,12.807699546238785,0.0038888888888888888,2851.0,0,2,0.14
2851.5,14,0,0,0,0,0,0,0,0,12.620756893860355,0.0038888888888888888,2851.5,0,2,0.14
2852.0,14,0,0,0,0,0,0,0,0,12.55377791871607,0.0038888888888888888,2852.0,0,2,0.14
2852.5,14,0,0,0,0,0,0,0,0,12.240805152970875,0.0038888888888888888,2852.5,0,2,0.14
2853.0,14,0,0,0,0,0,0,0,0,12.331182385106384,0.0038888888888888888,2853.0,0,2,0.14
2853.5,14,0,0,0,0,0,0,0,0,12.060307533192594,0.0038888888888888888,2853.5,0,2,0.14
2854.0,14,0,0,0,0,0,0,0,0,11.964609647992324,0.0038888888888888888,2854.0,0,2,0.14
2854.5,14,1,0,0,0,1,0,0,0,12.009123241973514,0.0038888888888888888,2854.5,0,2,0.14
2855.0,14,1,0,0,0,1,0,0,0,11.986480494071655,0.0038888888888888888,2855.0,0,2,0.14
2855.5,14,1,0,0,0,1,0,0,0,12.027126710413762,0.0038888888888888888,2855.5,0,2,0.14
2856.0,14,1,0,0,0,1,0,0,0,12.025470539762921,0.0038888888888888888,2856.0,0,2,0.14
2856.5,14,1,0,0,0,1,0,0,0,11.963724909861757,0.0038888888888888888,2856.5,0,2,0.14
2857.0,13,1,0,0,0,1,0,0,0,11.763988555536454,0.003611111111111111,2857.0,0,2,0.13
2857.5,13,1,0,0,0,1,0,0,0,11.60892768619574,0.003611111111111111,2857.5,0,2,0.13
2858.0,13,1,0,0,0,1,0,0,0,11.446251903819377,0.003611111111111111,2858.0,0,2,0.13
2858.5,13,1,0,0,0,1,0,0,0,11.257809353270405,0.003611111111111111,2858.5,0,2,0.13
2859.0,13,1,0,0,0,1,0,0,0,11.163953518089444,0.003611111111111111,2859.0,0,2,0.13
2859.5,13,1,0,0,0,1,0,0,0,11.120825554640325,0.003611111111111111,2859.5,0,2,0.13
2860.0,13,1,1,0,0,1,1,0,0,11.03317992314432,0.003611111111111111,2860.0,0,2,0.13
2860.5,13,1,1,0,0,1,1,0,0,11.049570137633719,0.003611111111111111,2860.5,0,2,0.13
2861.0,13,1,1,0,0,1,1,0,0,11.130417062640777,0.003611111111111111,2861.0,0,2,0.13
2861.5,13,1,1,0,0,1,1,0,0,11.021939286982503,0.003611111111111111,2861.5,0,2,0.13
2862.0,13,1,1,0,0,1,1,0,0,11.157376965114906,0.003611111111111111,2862.0,0,2,0.13
2862.5,13,1,1,0,0,1,1,0,0,11.050248661539426,0.003611111111111111,2862.5,0,2,0.13
2863.0,12,1,1,0,0,1,1,0,0,10.87752412941897,0.0033333333333333335,2863.0,0,2,0.12
2863.5,12,1,1,0,0,1,1,0,0,10.93568347312906,0.0033333333333333335,2863.5,0,2,0.12
2864.0,12,1,1,0,0,1,1,0,0,10.955240364887173,0.0033333333333333335,2864.0,0,2,0.12
2864.5,12,1,1,0,0,1,1,0,0,10.86949901489258,0.0033333333333333335,2864.5,0,2,0.12
2865.0,12,1,1,0,0,1,1,0,0,10.932961955879277,0.0033333333333333335,2865.0,0,2,0.12
2865.5,12,1,1,0,0,1,1,0,0,10.872011078628598,0.0033333333333333335,2865.5,0,2,0.12
2866.0,12,1,1,0,0,1,1,0,0,10.90369440465902,0.0033333333333333335,2866.0,0,2,0.12
2866.5,12,1,1,0,0,1,1,0,0,10.880949046914159,0.0033333333333333335,2866.5,0,2,0.12
2867.0,12,1,1,0,0,1,1,0,0,10.910815634737842,0.0033333333333333335,2867.0,0,2,0.12
2867.5,12,1,1,0,0,1,1,0,0,11.020219052390198,0.0033333333333333335,2867.5,0,2,0.12
2868.0,12,1,1,0,0,1,1,0,0,10.892170906288358,0.0033333333333333335,2868.0,0,2,0.12
2868.5,12,1,1,0,0,1,1,0,0,10.81091252046781,0.0033333333333333335,2868.5,0,2,0.12
2869.0,12,1,1,0,0,1,1,0,0,10.86252709322074,0.0033333333333333335,2869.0,0,2,0.12
2869.5,12,1,1,0,0,1,1,0,0,10.985455351655917,0.0033333333333333335,2869.5,0,2,0.12
2870.0,12,1,1,0,0,1,1,0,0,10.938989841942174,0.0033333333333333335,2870.0,0,2,0.12
2870.5,12,1,1,0,0,1,1,0,0,10.878133643171443,0.0033333333333333335,2870.5,0,2,0.12
2871.0,12,1,1,0,0,1,1,0,0,11.001554884139026,0.0033333333333333335,2871.0,0,2,0.12
2871.5,12,1,1,0,0,1,1,0,0,11.020126541955477,0.0033333333333333335,2871.5,0,2,0.12
2872.0,12,1,1,0,0,1,1,0,0,10.940298766947704,0.0033333333333333335,2872.0,0,2,0.12
2872.5,12,1,1,0,0,1,1,0,0,10.949055034030154,0.0033333333333333335,2872.5,0,2,0.12
2873.0,12,1,1,0,0,1,1,0,0,10.885210388836066,0.0033333333333333335,2873.0,0,2,0.12
2873.5,12,1,1,0,0,1,1,0,0,10.947767135284844,0.0033333333333333335,2873.5,0,2,0.12
2874.0,16,1,1,0,0,1,1,0,0,11.046180791962277,0.0044444444444444444,2874.0,0,2,0.16
2874.5,16,1,1,0,0,1,1,0,0,10.998569358397097,0.0044444444444444444,2874.5,0,2,0.16
2875.0,16,1,1,0,0,1,1,0,0,11.113150089222495,0.0044444444444444444,2875.0,0,2,0.16
2875.5,15,1,1,0,0,1,1,0,0,11.097127298151788,0.004166666666666667,2875.5,0,2,0.15
2876.0,12,1,1,0,0,1,1,0,0,10.582265070490832,0.0033333333333333335,2876.0,0,2,0.12
2876.5,12,1,1,0,0,1,1,0,0,10.457857485611218,0.0033333333333333335,2876.5,0,2,0.12
2877.0,12,1,1,0,0,1,1,0,0,10.58777969403789,0.0033333333333333335,2877.0,0,3,0.12
2877.5,12,1,1,0,0,1,1,0,0,10.555510229260301,0.0033333333333333335,2877.5,0,3,0.12
2878.0,12,1,1,0,0,1,1,0,0,10.516495156676152,0.0033333333333333335,2878.0,0,3,0.12
2878.5,12,1,1,0,0,1,1,0,0,10.35300404756896,0.0033333333333333335,2878.5,0,3,0.12
2879.0,12,1,1,0,0,1,1,0,0,9.96472739862747,0.0033333333333333335,2879.0,0,3,0.12
2879.5,12,1,1,0,0,1,1,0,0,9.586539748022371,0.0033333333333333335,2879.5,0,3,0.12
2880.0,12,0,0,0,0,0,0,0,0,9.457872380988496,0.0033333333333333335,2880.0,0,0,0.12
2880.5,12,0,0,0,0,0,0,0,0,9.26572135442085,0.0033333333333333335,2880.5,0,0,0.12
2881.0,12,0,0,0,0,0,0,0,0,9.146490268279921,0.0033333333333333335,2881.0,0,0,0.12
2881.5,12,0,0,0,0,0,0,0,0,9.008770944102363,0.0033333333333333335,2881.5,0,0,0.12
2882.0,12,0,0,1,1,0,0,1,1,9.170680536261303,0.0033333333333333335,2882.0,0,0,0.12
2882.5,12,0,0,1,1,0,0,1,1,9.265248874956544,0.0033333333333333335,2882.5,0,0,0.12
2883.0,12,0,0,1,1,0,0,1,1,9.43567802911164,0.0033333333333333335,2883.0,0,0,0.12
2883.5,12,0,0,1,1,0,0,1,1,9.62923709167218,0.0033333333333333335,2883.5,0,0,0.12
2884.0,12,0,0,1,1,0,0,1,1,9.830947845474354,0.0033333333333333335,2884.0,0,0,0.12
2884.5,12,0,0,1,1,0,0,1,1,9.97175295197576,0.0033333333333333335,2884.5,0,0,0.12
2885.0,12,0,0,1,1,0,0,1,1,10.159915166417592,0.0033333333333333335,2885.0,0,0,0.12
2885.5,12,0,0,1,1,0,0,1,1,10.165407861787154,0.0033333333333333335,2885.5,0,0,0.12
2886.0,12,0,0,1,1,0,0,1,1,10.220907453595222,0.0033333333333333335,2886.0,0,0,0.12
2886.5,12,0,0,1,1,0,0,1,1,10.22059537484329,0.0033333333333333335,2886.5,0,0,0.12
2887.0,11,0,0,1,1,0,0,1,1,9.973680762843303,0.0030555555555555557,2887.0,0,0,0.11
2887.5,11,0,0,1,1,0,0,1,1,9.862195377580345,0.0030555555555555557,2887.5,0,0,0.11
2888.0,11,0,0,1,1,0,0,1,1,9.93225076617079,0.0030555555555555557,2888.0,0,0,0.11
2888.5,11,0,0,1,1,0,0,1,1,9.86840431500077,0.0030555555555555557,2888.5,0,0,0.11
2889.0,11,0,0,1,1,0,0,1,1,9.94980930761814,0.0030555555555555557,2889.0,0,0,0.11
2889.5,11,0,0,1,1,0,0,1,1,9.852067804389874,0.0030555555555555557,2889.5,0,0,0.11
2890.0,11,0,0,1,1,0,0,1,1,9.977019499459674,0.0030555555555555557,2890.0,0,0,0.11
2890.5,11,0,0,1,1,0,0,1,1,9.981116376616557,0.0030555555555555557,2890.5,0,0,0.11
2891.0,11,0,0,1,1,0,0,1,1,9.907967630706462,0.0030555555555555557,2891.0,0,0,0.11
2891.5,11,0,0,1,1,0,0,1,1,9.83152112562293,0.0030555555555555557,2891.5,0,0,0.11
2892.0,11,0,0,1,1,0,0,1,1,9.954434319320335,0.0030555555555555557,2892.0,0,0,0.11
2892.5,11,0,0,1,1,0,0,1,1,10.01762361755022,0.0030555555555555557,2892.5,0,0,0.11
2893.0,11,0,0,1,1,0,0,1,1,9.91593375700165,0.0030555555555555557,2893.0,0,0,0.11
2893.5,11,0,0,1,1,0,0,1,1,9.801339543709647,0.0030555555555555557,2893.5,0,0,0.11
2894.0,11,0,0,1,1,0,0,1,1,9.88870023225941,0.0030555555555555557,2894.0,0,0,0.11
2894.5,11,0,0,1,1,0,0,1,1,9.945652337424574,0.0030555555555555557,2894.5,0,0,0.11
2895.0,11,0,0,1,1,0,0,1,1,9.870818596747482,0.0030555555555555557,2895.0,0,0,0.11
2895.5,10,0,0,1,1,0,0,1,1,9.748056195704724,0.002777777777777778,2895.5,0,0,0.1
2896.0,10,0,0,1,1,0,0,1,1,9.688010173875833,0.002777777777777778,2896.0,0,0,0.1
2896.5,10,0,0,1,1,0,0,1,1,9.726823875986032,0.002777777777777778,2896.5,0,0,0.1
2897.0,10,0,0,1,1,0,0,1,1,9.647853739288859,0.002777777777777778,2897.0,0,0,0.1
2897.5,10,0,0,1,1,0,0,1,1,9.673411814144805,0.002777777777777778,2897.5,0,0,0.1
2898.0,10,0,0,1,1,0,0,1,1,9.650805768775047,0.002777777777777778,2898.0,0,0,0.1
2898.5,10,0,0,1,1,0,0,1,1,9.699696315750938,0.002777777777777778,2898.5,0,0,0.1
2899.0,10,0,0,1,1,0,0,1,1,9.667090869602273,0.002777777777777778,2899.0,0,0,0.1
2899.5,10,0,0,1,1,0,0,1,1,9.59931752779334,0.002777777777777778,2899.5,0,0,0.1
2900.0,10,0,0,1,1,0,0,1,1,9.632436114757315,0.002777777777777778,2900.0,0,0,0.1
2900.5,10,0,0,1,1,0,0,1,1,9.671632236027385,0.002777777777777778,2900.5,0,0,0.1
2901.0,10,0,0,1,1,0,0,1,1,9.723325310548992,0.002777777777777778,2901.0,0,0,0.1
2901.5,10,0,0,1,1,0,0,1,1,9.844710415620815,0.002777777777777778,2901.5,0,0,0.1
2902.0,10,0,0,1,1,0,0,1,1,9.660554471528616,0.002777777777777778,2902.0,0,0,0.1
2902.5,10,0,0,1,1,0,0,1,1,9.695633232229614,0.002777777777777778,2902.5,0,0,0.1
2903.0,10,0,0,1,1,0,0,1,1,9.69965142268617,0.002777777777777778,2903.0,0,0,0.1
2903.5,10,0,0,1,1,0,0,1,1,9.736432107539608,0.002777777777777778,2903.5,0,0,0.1
2904.0,10,0,0,1,1,0,0,1,1,9.6666893305506,0.002777777777777778,2904.0,0,0,0.1
2904.5,14,0,0,1,1,0,0,1,1,10.815641161593103,0.0038888888888888888,2904.5,0,0,0.14
2905.0,14,0,0,1,1,0,0,1,1,10.742277455271585,0.0038888888888888888,2905.0,0,0,0.14
2905.5,14,0,0,1,1,0,0,1,1,10.653701240352218,0.0038888888888888888,2905.5,0,0,0.14
2906.0,14,0,0,1,1,0,0,1,1,10.682443978797838,0.0038888888888888888,2906.0,0,0,0.14
2906.5,14,0,0,1,1,0,0,1,1,10.684147435634491,0.0038888888888888888,2906.5,0,0,0.14
2907.0,14,0,0,1,1,0,0,1,1,10.67619886845506,0.0038888888888888888,2907.0,0,0,0.14
2907.5,14,0,0,1,1,0,0,1,1,10.643284112362952,0.0038888888888888888,2907.5,0,0,0.14
2908.0,14,0,0,1,1,0,0,1,1,10.625999489740831,0.0038888888888888888,2908.0,0,0,0.14
2908.5,14,0,0,1,1,0,0,1,1,10.644030895590445,0.0038888888888888888,2908.5,0,0,0.14
2909.0,14,0,0,1,1,0,0,1,1,10.615847321112838,0.0038888888888888888,2909.0,0,0,0.14
2909.5,14,0,0,1,1,0,0,1,1,10.712045569777649,0.0038888888888888888,2909.5,0,0,0.14
2910.0,14,0,0,1,1,0,0,1,1,10.681844927858203,0.0038888888888888888,2910.0,0,0,0.14
2910.5,14,0,0,1,1,0,0,1,1,10.486420422550664,0.0038888888888888888,2910.5,0,0,0.14
2911.0,14,0,0,1,1,0,0,1,1,10.403519016688263,0.0038888888888888888,2911.0,0,0,0.14
2911.5,14,0,0,1,1,0,0,1,1,10.300350214564446,0.0038888888888888888,2911.5,0,0,0.14
2912.0,14,0,0,1,1,0,0,1,1,10.125843869193128,0.0038888888888888888,2912.0,0,0,0.14
2912.5,14,0,0,1,1,0,0,1,1,9.94906733270156,0.0038888888888888888,2912.5,0,0,0.14
2913.0,14,0,0,2,1,0,0,2,1,9.790968866805128,0.0038888888888888888,2913.0,0,0,0.14
2913.5,14,0,0,2,1,0,0,2,1,9.83079814084331,0.0038888888888888888,2913.5,0,0,0.14
2914.0,14,0,0,2,1,0,0,2,1,9.647696157657098,0.0038888888888888888,2914.0,0,0,0.14
2914.5,14,0,0,2,1,0,0,2,1,9.754784414984458,0.0038888888888888888,2914.5,0,0,0.14
2915.0,14,0,0,2,1,0,0,2,1,9.777555142209764,0.0038888888888888888,2915.0,0,0,0.14
2915.5,14,0,0,2,1,0,0,2,1,9.633887305447729,0.0038888888888888888,2915.5,0,0,0.14
2916.0,14,0,0,2,1,0,0,2,1,9.489858335497777,0.0038888888888888888,2916.0,0,0,0.14
2916.5,14,0,0,2,1,0,0,2,1,9.358735451824916,0.0038888888888888888,2916.5,0,0,0.14
2917.0,14,0,0,2,1,0,0,2,1,9.100721413421864,0.0038888888888888888,2917.0,0,0,0.14
2917.5,14,0,0,2,1,0,0,2,1,9.005518001934485,0.0038888888888888888,2917.5,0,0,0.14
2918.0,14,0,0,2,1,0,0,2,1,8.979509209162531,0.0038888888888888888,2918.0,0,0,0.14
2918.5,14,0,0,2,2,0,0,2,2,8.931906805159217,0.0038888888888888888,2918.5,0,0,0.14
2919.0,14,0,0,2,2,0,0,2,2,8.927906522977299,0.0038888888888888888,2919.0,0,0,0.14
2919.5,14,0,0,2,2,0,0,2,2,9.02731114878458,0.0038888888888888888,2919.5,0,0,0.14
2920.0,14,0,0,2,2,0,0,2,2,8.958624788304823,0.0038888888888888888,2920.0,0,0,0.14
2920.5,14,0,0,2,2,0,0,2,2,8.967357959476198,0.0038888888888888888,2920.5,0,0,0.14
2921.0,14,0,0,2,2,0,0,2,2,8.90429893243888,0.0038888888888888888,2921.0,0,0,0.14
2921.5,14,0,0,2,2,0,0,2,2,8.949108376714165,0.0038888888888888888,2921.5,0,0,0.14
2922.0,14,0,0,2,2,0,0,2,2,8.875469834809156,0.0038888888888888888,2922.0,0,1,0.14
2922.5,14,0,0,2,2,0,0,2,2,8.913846196596074,0.0038888888888888888,2922.5,0,1,0.14
2923.0,13,0,0,2,2,0,0,2,2,8.693898669575596,0.003611111111111111,2923.0,0,1,0.13
2923.5,13,0,0,2,2,0,0,2,2,8.692863537188408,0.003611111111111111,2923.5,0,1,0.13
2924.0,12,0,0,2,2,0,0,2,2,8.269163440949303,0.0033333333333333335,2924.0,0,1,0.12
2924.5,12,0,0,2,2,0,0,2,2,8.281315895963983,0.0033333333333333335,2924.5,0,1,0.12
2925.0,12,0,0,0,0,0,0,0,0,8.796201225506431,0.0033333333333333335,2925.0,0,2,0.12
2925.5,12,0,0,0,0,0,0,0,0,9.09979465892116,0.0033333333333333335,2925.5,0,2,0.12
2926.0,12,0,0,0,0,0,0,0,0,9.32739968771216,0.0033333333333333335,2926.0,0,2,0.12
2926.5,12,0,0,0,0,0,0,0,0,9.63889827211644,0.0033333333333333335,2926.5,0,2,0.12
2927.0,12,0,0,0,0,0,0,0,0,9.96422174258977,0.0033333333333333335,2927.0,0,2,0.12
2927.5,12,0,0,0,0,0,0,0,0,10.27221101277551,0.0033333333333333335,2927.5,0,2,0.12
2928.0,12,0,0,0,0,0,0,0,0,10.619156232437087,0.0033333333333333335,2928.0,0,2,0.12
2928.5,12,0,0,0,0,0,0,0,0,10.965226284804176,0.0033333333333333335,2928.5,0,2,0.12
2929.0,11,0,0,0,0,0,0,0,0,11.217154615288855,0.0030555555555555557,2929.0,0,2,0.11
2929.5,11,0,0,0,0,0,0,0,0,11.594120600562457,0.0030555555555555557,2929.5,0,2,0.11
2930.0,11,0,0,0,0,0,0,0,0,11.923424712326208,0.0030555555555555557,2930.0,0,2,0.11
2930.5,11,0,0,0,0,0,0,0,0,12.258936443243387,0.0030555555555555557,2930.5,0,2,0.11
2931.0,11,0,0,0,0,0,0,0,0,12.544341279987968,0.0030555555555555557,2931.0,0,2,0.11
2931.5,11,0,0,0,0,0,0,0,0,12.755795551130747,0.0030555555555555557,2931.5,0,2,0.11
2932.0,10,0,0,0,0,0,0,0,0,12.977906672743938,0.002777777777777778,2932.0,0,2,0.1
2932.5,10,0,0,0,0,0,0,0,0,12.950670149477755,0.002777777777777778,2932.5,0,2,0.1
2933.0,10,0,0,0,0,0,0,0,0,12.916609577459841,0.002777777777777778,2933.0,0,2,0.1
2933.5,10,0,0,0,0,0,0,0,0,12.813210795059657,0.002777777777777778,2933.5,0,2,0.1
2934.0,10,0,0,0,0,0,0,0,0,12.958298563736117,0.002777777777777778,2934.0,0,2,0.1
2934.5,14,0,0,0,0,0,0,0,0,13.169318854591817,0.0038888888888888888,2934.5,0,2,0.14
2935.0,14,0,0,0,0,0,0,0,0,13.085885889720148,0.0038888888888888888,2935.0,0,2,0.14
2935.5,14,0,0,0,0,0,0,0,0,13.013089630617301,0.0038888888888888888,2935.5,0,2,0.14
2936.0,14,0,0,0,0,0,0,0,0,13.040996483874748,0.0038888888888888888,2936.0,0,2,0.14
2936.5,14,0,0,0,0,0,0,0,0,13.062963882239208,0.0038888888888888888,2936.5,0,2,0.14
2937.0,14,0,0,0,0,0,0,0,0,13.050684946694819,0.0038888888888888888,2937.0,0,2,0.14
2937.5,14,0,0,0,0,0,0,0,0,13.006573100357326,0.0038888888888888888,2937.5,0,2,0.14
2938.0,14,0,0,0,0,0,0,0,0,13.077226690841615,0.0038888888888888888,2938.0,0,2,0.14
2938.5,14,0,0,0,0,0,0,0,0,13.038840788986208,0.0038888888888888888,2938.5,0,2,0.14
2939.0,14,0,0,0,0,0,0,0,0,13.060087245046702,0.0038888888888888888,2939.0,0,2,0.14
2939.5,14,0,0,0,0,0,0,0,0,12.837433752973904,0.0038888888888888888,2939.5,0,2,0.14
2940.0,14,0,0,0,0,0,0,0,0,12.706244403489771,0.0038888888888888888,2940.0,0,2,0.14
2940.5,14,0,0,0,0,0,0,0,0,12.54938427940198,0.0038888888888888888,2940.5,0,2,0.14
2941.0,14,0,0,0,0,0,0,0,0,12.382656396968729,0.0038888888888888888,2941.0,0,2,0.14
2941.5,14,0,0,0,0,0,0,0,0,12.230593517484907,0.0038888888888888888,2941.5,0,2,0.14
2942.0,14,0,0,0,0,0,0,0,0,12.07508497148149,0.0038888888888888888,2942.0,0,2,0.14
2942.5,14,1,0,0,0,1,0,0,0,11.994275342859586,0.0038888888888888888,2942.5,0,2,0.14
2943.0,14,1,0,0,0,1,0,0,0,12.09786592962413,0.0038888888888888888,2943.0,0,2,0.14
2943.5,14,1,0,0,0,1,0,0,0,12.022562186749656,0.0038888888888888888,2943.5,0,2,0.14
2944.0,14,1,0,0,0,1,0,0,0,11.813561241558265,0.0038888888888888888,2944.0,0,2,0.14
2944.5,14,1,0,0,0,1,0,0,0,11.67028477060491,0.0038888888888888888,2944.5,0,2,0.14
2945.0,14,1,0,0,0,1,0,0,0,11.483851141759477,0.0038888888888888888,2945.0,0,2,0.14
2945.5,14,1,0,0,0,1,0,0,0,11.467902628945206,0.0038888888888888888,2945.5,0,2,0.14
2946.0,14,1,0,0,0,1,0,0,0,11.269267688620886,0.0038888888888888888,2946.0,0,2,0.14
2946.5,14,1,1,0,0,1,1,0,0,11.177089767700691,0.0038888888888888888,2946.5,0,2,0.14
2947.0,14,1,1,0,0,1,1,0,0,11.176399107571893,0.0038888888888888888,2947.0,0,2,0.14
2947.5,13,1,1,0,0,1,1,0,0,10.95742901882137,0.003611111111111111,2947.5,0,2,0.13
2948.0,13,1,1,0,0,1,1,0,0,11.054327332355914,0.003611111111111111,2948.0,0,2,0.13
2948.5,13,1,1,0,0,1,1,0,0,11.110105008235568,0.003611111111111111,2948.5,0,2,0.13
2949.0,13,1,1,0,0,1,1,0,0,10.989486203854339,0.003611111111111111,2949.0,0,2,0.13
2949.5,13,1,1,0,0,1,1,0,0,11.039821561681471,0.003611111111111111,2949.5,0,2,0.13
2950.0,13,1,1,0,0,1,1,0,0,11.043587741231912,0.003611111111111111,2950.0,0,2,0.13
2950.5,13,1,1,0,0,1,1,0,0,11.07977547391727,0.003611111111111111,2950.5,0,2,0.13
2951.0,13,1,1,0,0,1,1,0,0,11.028990250720543,0.003611111111111111,2951.0,0,2,0.13
2951.5,13,1,1,0,0,1,1,0,0,11.12633955890722,0.003611111111111111,2951.5,0,2,0.13
2952.0,13,1,1,0,0,1,1,0,0,11.065909266296675,0.003611111111111111,2952.0,0,2,0.13
2952.5,13,1,1,0,0,1,1,0,0,11.05252231000866,0.003611111111111111,2952.5,0,2,0.13
2953.0,13,1,1,0,0,1,1,0,0,11.021966482011502,0.003611111111111111,2953.0,0,2,0.13
2953.5,13,1,1,0,0,1,1,0,0,11.034079292148252,0.003611111111111111,2953.5,0,2,0.13
2954.0,13,1,1,0,0,1,1,0,0,11.027938166108814,0.003611111111111111,2954.0,0,2,0.13
2954.5,13,1,1,0,0,1,1,0,0,10.97083944654967,0.003611111111111111,2954.5,0,2,0.13
2955.0,13,1,1,0,0,1,1,0,0,11.071605847158368,0.003611111111111111,2955.0,0,2,0.13
2955.5,13,1,1,0,0,1,1,0,0,11.142989674314757,0.003611111111111111,2955.5,0,2,0.13
2956.0,13,1,1,0,0,1,1,0,0,11.09944565602289,0.003611111111111111,2956.0,0,2,0.13
2956.5,13,1,1,0,0,1,1,0,0,11.07240737191112,0.003611111111111111,2956.5,0,2,0.13
2957.0,13,1,1,0,0,1,1,0,0,11.002963824732594,0.003611111111111111,2957.0,0,2,0.13
2957.5,13,1,1,0,0,1,1,0,0,10.953954780194342,0.003611111111111111,2957.5,0,2,0.13
2958.0,13,1,1,0,0,1,1,0,0,11.006789361661667,0.003611111111111111,2958.0,0,2,0.13
2958.5,13,1,1,0,0,1,1,0,0,11.008176109671492,0.003611111111111111,2958.5,0,2,0.13
2959.0,13,1,1,0,0,1,1,0,0,11.014999807380972,0.003611111111111111,2959.0,0,2,0.13
2959.5,13,1,1,0,0,1,1,0,0,11.091585821740248,0.003611111111111111,2959.5,0,2,0.13
2960.0,13,1,1,0,0,1,1,0,0,10.996263752027316,0.003611111111111111,2960.0,0,2,0.13
2960.5,13,1,1,0,0,1,1,0,0,11.005397752590378,0.003611111111111111,2960.5,0,2,0.13
2961.0,13,1,1,0,0,1,1,0,0,11.128036180463985,0.003611111111111111,2961.0,0,2,0.13
2961.5,12,1,1,0,0,1,1,0,0,10.984287648929252,0.0033333333333333335,2961.5,0,2,0.12
2962.0,12,1,1,0,0,1,1,0,0,10.974039442423857,0.0033333333333333335,2962.0,0,2,0.12
2962.5,12,1,1,0,0,1,1,0,0,11.00246924242033,0.0033333333333333335,2962.5,0,2,0.12
2963.0,12,1,1,0,0,1,1,0,0,11.014681186331911,0.0033333333333333335,2963.0,0,2,0.12
2963.5,12,1,1,0,0,1,1,0,0,11.057672034216509,0.0033333333333333335,2963.5,0,2,0.12
2964.0,12,1,1,0,0,1,1,0,0,10.97814235891942,0.0033333333333333335,2964.0,0,2,0.12
2964.5,12,1,1,0,0,1,1,0,0,10.951791453206184,0.0033333333333333335,2964.5,0,2,0.12
2965.0,16,1,1,0,0,1,1,0,0,11.70858929771718,0.0044444444444444444,2965.0,0,2,0.16
2965.5,14,1,1,0,0,1,1,0,0,11.378296266559119,0.0038888888888888888,2965.5,0,2,0.14
2966.0,14,1,1,0,0,1,1,0,0,11.38820583092472,0.0038888888888888888,2966.0,0,2,0.14
2966.5,14,1,1,0,0,1,1,0,0,11.350900727852789,0.0038888888888888888,2966.5,0,2,0.14
2967.0,14,1,1,0,0,1,1,0,0,11.362595088521061,0.0038888888888888888,2967.0,0,3,0.14
2967.5,13,1,1,0,0,1,1,0,0,11.266513196645503,0.003611111111111111,2967.5,0,3,0.13
2968.0,13,1,1,0,0,1,1,0,0,11.282195864861102,0.003611111111111111,2968.0,0,3,0.13
2968.5,13,1,1,0,0,1,1,0,0,11.25847152726372,0.003611111111111111,2968.5,0,3,0.13
2969.0,13,1,1,0,0,1,1,0,0,11.05864128190036,0.003611111111111111,2969.0,0,3,0.13
2969.5,13,1,1,0,0,1,1,0,0,10.52430631150596,0.003611111111111111,2969.5,0,3,0.13
2970.0,13,0,0,0,0,0,0,0,0,10.752969003083837,0.003611111111111111,2970.0,0,0,0.13
2970.5,13,0,0,0,0,0,0,0,0,10.793079856218453,0.003611111111111111,2970.5,0,0,0.13
2971.0,13,0,0,0,0,0,0,0,0,10.9281835275276,0.003611111111111111,2971.0,0,0,0.13
2971.5,13,0,0,0,0,0,0,0,0,11.089570310401173,0.003611111111111111,2971.5,0,0,0.13
2972.0,12,0,0,0,1,0,0,0,1,10.756886065379073,0.0033333333333333335,2972.0,0,0,0.12
2972.5,12,0,0,0,1,0,0,0,1,10.798090629540662,0.0033333333333333335,2972.5,0,0,0.12
2973.0,12,0,0,0,1,0,0,0,1,10.857527099861718,0.0033333333333333335,2973.0,0,0,0.12
2973.5,12,0,0,0,1,0,0,0,1,10.782245402275935,0.0033333333333333335,2973.5,0,0,0.12
2974.0,12,0,0,0,1,0,0,0,1,10.695202395985115,0.0033333333333333335,2974.0,0,0,0.12
2974.5,12,0,0,0,1,0,0,0,1,10.696117647748473,0.0033333333333333335,2974.5,0,0,0.12
2975.0,12,0,0,0,1,0,0,0,1,10.889079694245451,0.0033333333333333335,2975.0,0,0,0.12
2975.5,12,0,0,1,1,0,0,1,1,10.952978713556698,0.0033333333333333335,2975.5,0,0,0.12
2976.0,12,0,0,1,1,0,0,1,1,11.112966577049962,0.0033333333333333335,2976.0,0,0,0.12
2976.5,12,0,0,1,1,0,0,1,1,11.197927084123997,0.0033333333333333335,2976.5,0,0,0.12
2977.0,12,0,0,1,1,0,0,1,1,11.106310871811539,0.0033333333333333335,2977.0,0,0,0.12
2977.5,12,0,0,1,1,0,0,1,1,11.293291994327461,0.0033333333333333335,2977.5,0,0,0.12
2978.0,10,0,0,1,1,0,0,1,1,10.69077136144727,0.002777777777777778,2978.0,0,0,0.1
2978.5,10,0,0,1,1,0,0,1,1,10.688414998433881,0.002777777777777778,2978.5,0,0,0.1
2979.0,10,0,0,1,1,0,0,1,1,10.679834380937837,0.002777777777777778,2979.0,0,0,0.1
2979.5,10,0,0,1,1,0,0,1,1,10.706208963407999,0.002777777777777778,2979.5,0,0,0.1
2980.0,10,0,0,1,1,0,0,1,1,10.678706582911408,0.002777777777777778,2980.0,0,0,0.1
2980.5,10,0,0,1,1,0,0,1,1,10.65894657454207,0.002777777777777778,2980.5,0,0,0.1
2981.0,10,0,0,1,1,0,0,1,1,10.627853459737826,0.002777777777777778,2981.0,0,0,0.1
2981.5,10,0,0,1,1,0,0,1,1,10.760065607583247,0.002777777777777778,2981.5,0,0,0.1
2982.0,10,0,0,1,1,0,0,1,1,10.811197362287066,0.002777777777777778,2982.0,0,0,0.1
2982.5,10,0,0,1,1,0,0,1,1,10.680950146396508,0.002777777777777778,2982.5,0,0,0.1
2983.0,10,0,0,1,1,0,0,1,1,10.783132936297779,0.002777777777777778,2983.0,0,0,0.1
2983.5,10,0,0,1,1,0,0,1,1,10.756086149688207,0.002777777777777778,2983.5,0,0,0.1
2984.0,10,0,0,1,1,0,0,1,1,10.682832082632094,0.002777777777777778,2984.0,0,0,0.1
2984.5,10,0,0,1,1,0,0,1,1,10.644688866590013,0.002777777777777778,2984.5,0,0,0.1
2985.0,10,0,0,1,1,0,0,1,1,10.69030037685051,0.002777777777777778,2985.0,0,0,0.1
2985.5,10,0,0,1,1,0,0,1,1,10.768123735285927,0.002777777777777778,2985.5,0,0,0.1
2986.0,10,0,0,1,1,0,0,1,1,10.713262812699986,0.002777777777777778,2986.0,0,0,0.1
2986.5,10,0,0,1,1,0,0,1,1,10.713907056819744,0.002777777777777778,2986.5,0,0,0.1
2987.0,10,0,0,1,1,0,0,1,1,10.712767755340183,0.002777777777777778,2987.0,0,0,0.1
2987.5,10,0,0,1,1,0,0,1,1,10.692688217189724,0.002777777777777778,2987.5,0,0,0.1
2988.0,10,0,0,1,1,0,0,1,1,10.66511321732295,0.002777777777777778,2988.0,0,0,0.1
2988.5,10,0,0,1,1,0,0,1,1,10.734318905921983,0.002777777777777778,2988.5,0,0,0.1
2989.0,10,0,0,1,1,0,0,1,1,10.729120402744602,0.002777777777777778,2989.0,0,0,0.1
2989.5,10,0,0,1,1,0,0,1,1,10.704844412043323,0.002777777777777778,2989.5,0,0,0.1
2990.0,10,0,0,1,1,0,0,1,1,10.686577969246873,0.002777777777777778,2990.0,0,0,0.1
2990.5,10,0,0,1,1,0,0,1,1,10.687991976257043,0.002777777777777778,2990.5,0,0,0.1
2991.0,10,0,0,1,1,0,0,1,1,10.712371868350173,0.002777777777777778,2991.0,0,0,0.1
2991.5,10,0,0,1,1,0,0,1,1,10.70305944745066,0.002777777777777778,2991.5,0,0,0.1
2992.0,10,0,0,1,1,0,0,1,1,10.719289990010301,0.002777777777777778,2992.0,0,0,0.1
2992.5,10,0,0,1,1,0,0,1,1,10.691226245716544,0.002777777777777778,2992.5,0,0,0.1
2993.0,10,0,0,1,1,0,0,1,1,10.726806544621803,0.002777777777777778,2993.0,0,0,0.1
2993.5,10,0,0,1,1,0,0,1,1,10.703556631529802,0.002777777777777778,2993.5,0,0,0.1
2994.0,10,0,0,1,1,0,0,1,1,10.688861258597909,0.002777777777777778,2994.0,0,0,0.1
2994.5,10,0,0,1,1,0,0,1,1,10.619611385643813,0.002777777777777778,2994.5,0,0,0.1
2995.0,14,0,0,1,1,0,0,1,1,11.023722296759688,0.0038888888888888888,2995.0,0,0,0.14
2995.5,14,0,0,1,1,0,0,1,1,11.072497859717183,0.0038888888888888888,2995.5,0,0,0.14
2996.0,14,0,0,1,1,0,0,1,1,11.118952669368994,0.0038888888888888888,2996.0,0,0,0.14
2996.5,14,0,0,1,1,0,0,1,1,11.245812230183246,0.0038888888888888888,2996.5,0,0,0.14
2997.0,14,0,0,1,1,0,0,1,1,11.33831493059513,0.0038888888888888888,2997.0,0,0,0.14
2997.5,14,0,0,1,1,0,0,1,1,11.385090547146712,0.0038888888888888888,2997.5,0,0,0.14
2998.0,14,0,0,1,1,0,0,1,1,11.487627390653431,0.0038888888888888888,2998.0,0,0,0.14
2998.5,14,0,0,1,1,0,0,1,1,11.547460253488804,0.0038888888888888888,2998.5,0,0,0.14
2999.0,14,0,0,1,1,0,0,1,1,11.50240181152814,0.0038888888888888888,2999.0,0,0,0.14
2999.5,14,0,0,1,1,0,0,1,1,11.38709916927665,0.0038888888888888888,2999.5,0,0,0.14
3000.0,18,0,0,2,1,0,0,2,1,10.231296552711079,0.005,3000.0,0,0,0.18
3000.5,18,0,0,1,1,0,0,1,1,10.040810061234701,0.005,3000.5,0,0,0.18
3001.0,18,0,0,1,1,0,0,1,1,9.833399815108779,0.005,3001.0,0,0,0.18
3001.5,18,0,0,1,1,0,0,1,1,9.559705118666042,0.005,3001.5,0,0,0.18
3002.0,18,0,0,1,1,0,0,1,1,9.43503563735207,0.005,3002.0,0,0,0.18
3002.5,18,0,0,1,1,0,0,1,1,9.328065027630162,0.005,3002.5,0,0,0.18
3003.0,18,0,0,2,2,0,0,2,2,9.38227858061542,0.005,3003.0,0,0,0.18
3003.5,18,0,0,2,2,0,0,2,2,9.278073303625282,0.005,3003.5,0,0,0.18
3004.0,18,0,0,2,2,0,0,2,2,9.436910891667662,0.005,3004.0,0,0,0.18
3004.5,18,0,0,2,2,0,0,2,2,9.424975901341424,0.005,3004.5,0,0,0.18
3005.0,18,0,0,2,2,0,0,2,2,9.427200374370862,0.005,3005.0,0,0,0.18
3005.5,18,0,0,2,2,0,0,2,2,9.515062914772583,0.005,3005.5,0,0,0.18
3006.0,18,0,0,2,2,0,0,2,2,9.588784031471034,0.005,3006.0,0,0,0.18
3006.5,18,0,0,2,2,0,0,2,2,9.601284434949076,0.005,3006.5,0,0,0.18
3007.0,18,0,0,2,2,0,0,2,2,9.582198154584198,0.005,3007.0,0,0,0.18
3007.5,18,0,0,2,2,0,0,2,2,9.622377900947434,0.005,3007.5,0,0,0.18
3008.0,18,0,0,2,2,0,0,2,2,9.578145447205909,0.005,3008.0,0,0,0.18
3008.5,16,0,0,2,2,0,0,2,2,9.205770503762647,0.0044444444444444444,3008.5,0,0,0.16
3009.0,16,0,0,2,2,0,0,2,2,9.239793942274588,0.0044444444444444444,3009.0,0,0,0.16
3009.5,16,0,0,2,2,0,0,2,2,9.1821401843979,0.0044444444444444444,3009.5,0,0,0.16
3010.0,16,0,0,2,2,0,0,2,2,9.276234787475147,0.0044444444444444444,3010.0,0,0,0.16
3010.5,16,0,0,2,2,0,0,2,2,9.318555788962435,0.0044444444444444444,3010.5,0,0,0.16
3011.0,15,0,0,2,2,0,0,2,2,9.04401384399085,0.004166666666666667,3011.0,0,0,0.15
3011.5,15,0,0,2,2,0,0,2,2,9.108082821146105,0.004166666666666667,3011.5,0,0,0.15
3012.0,15,0,0,2,2,0,0,2,2,9.096359956815979,0.004166666666666667,3012.0,0,1,0.15
3012.5,15,0,0,2,2,0,0,2,2,9.117612463326335,0.004166666666666667,3012.5,0,1,0.15
3013.0,15,0,0,2,2,0,0,2,2,9.195070714480709,0.004166666666666667,3013.0,0,1,0.15
3013.5,15,0,0,2,2,0,0,2,2,9.107353287559311,0.004166666666666667,3013.5,0,1,0.15
3014.0,15,0,0,2,2,0,0,2,2,9.15714335288123,0.004166666666666667,3014.0,0,1,0.15
3014.5,15,0,0,2,2,0,0,2,2,9.193414405753213,0.004166666666666667,3014.5,0,1,0.15
3015.0,14,0,0,0,0,0,0,0,0,9.267212583871427,0.0038888888888888888,3015.0,0,2,0.14
3015.5,14,0,0,0,0,0,0,0,0,9.504460504055947,0.0038888888888888888,3015.5,0,2,0.14
3016.0,14,0,0,0,0,0,0,0,0,9.82344195548072,0.0038888888888888888,3016.0,0,2,0.14
3016.5,14,0,0,0,0,0,0,0,0,10.154601309351449,0.0038888888888888888,3016.5,0,2,0.14
3017.0,14,0,0,0,0,0,0,0,0,10.416722933851009,0.0038888888888888888,3017.0,0,2,0.14
3017.5,14,0,0,0,0,0,0,0,0,10.697337733605206,0.0038888888888888888,3017.5,0,2,0.14
3018.0,14,0,0,0,0,0,0,0,0,10.897944951955754,0.0038888888888888888,3018.0,0,2,0.14
3018.5,14,0,0,0,0,0,0,0,0,11.246229182472547,0.0038888888888888888,3018.5,0,2,0.14
3019.0,14,0,0,0,0,0,0,0,0,11.506657902297126,0.0038888888888888888,3019.0,0,2,0.14
3019.5,14,0,0,0,0,0,0,0,0,11.746272875178434,0.0038888888888888888,3019.5,0,2,0.14
3020.0,14,0,0,0,0,0,0,0,0,11.995253389349765,0.0038888888888888888,3020.0,0,2,0.14
3020.5,14,0,0,0,0,0,0,0,0,12.372712629136524,0.0038888888888888888,3020.5,0,2,0.14
3021.0,14,0,0,0,0,0,0,0,0,12.5298619723908,0.0038888888888888888,3021.0,0,2,0.14
3021.5,14,0,0,0,0,0,0,0,0,12.802543368116702,0.0038888888888888888,3021.5,0,2,0.14
3022.0,14,0,0,0,0,0,0,0,0,12.80236132258828,0.0038888888888888888,3022.0,0,2,0.14
3022.5,14,0,0,0,0,0,0,0,0,12.790953545899125,0.0038888888888888888,3022.5,0,2,0.14
3023.0,14,0,0,0,0,0,0,0,0,12.7230452426017,0.0038888888888888888,3023.0,0,2,0.14
3023.5,14,0,0,0,0,0,0,0,0,12.743580385181748,0.0038888888888888888,3023.5,0,2,0.14
3024.0,14,0,0,0,0,0,0,0,0,12.783745997723186,0.0038888888888888888,3024.0,0,2,0.14
3024.5,14,0,0,0,0,0,0,0,0,12.668364518483996,0.0038888888888888888,3024.5,0,2,0.14
3025.0,14,0,0,0,0,0,0,0,0,12.714051355418011,0.0038888888888888888,3025.0,0,2,0.14
3025.5,18,0,0,0,0,0,0,0,0,12.946854377279818,0.005,3025.5,0,2,0.18
3026.0,18,0,0,0,0,0,0,0,0,12.890692264593062,0.005,3026.0,0,2,0.18
3026.5,18,0,0,0,0,0,0,0,0,12.816579941792655,0.005,3026.5,0,2,0.18
3027.0,18,0,0,0,0,0,0,0,0,12.920529578842725,0.005,3027.0,0,2,0.18
3027.5,18,0,0,0,0,0,0,0,0,12.867763276183368,0.005,3027.5,0,2,0.18
3028.0,18,0,0,0,0,0,0,0,0,12.869170148325216,0.005,3028.0,0,2,0.18
3028.5,18,0,0,0,0,0,0,0,0,12.899624503035806,0.005,3028.5,0,2,0.18
3029.0,18,0,0,0,0,0,0,0,0,12.895653258860923,0.005,3029.0,0,2,0.18
3029.5,18,0,0,0,0,0,0,0,0,12.67299476357164,0.005,3029.5,0,2,0.18
3030.0,18,0,0,0,0,0,0,0,0,12.510190993420679,0.005,3030.0,0,2,0.18
3030.5,18,0,0,0,0,0,0,0,0,12.302697415815462,0.005,3030.5,0,2,0.18
3031.0,18,0,0,0,0,0,0,0,0,12.017862222427114,0.005,3031.0,0,2,0.18
3031.5,18,0,0,0,0,0,0,0,0,11.746468744766512,0.005,3031.5,0,2,0.18
3032.0,18,0,0,0,0,0,0,0,0,11.587375070724715,0.005,3032.0,0,2,0.18
3032.5,18,0,0,0,0,0,0,0,0,11.402617259103037,0.005,3032.5,0,2,0.18
3033.0,18,1,1,0,0,1,1,0,0,11.423297131816138,0.005,3033.0,0,2,0.18
3033.5,18,1,1,0,0,1,1,0,0,11.367949220750598,0.005,3033.5,0,2,0.18
3034.0,18,1,1,0,0,1,1,0,0,11.405062960992737,0.005,3034.0,0,2,0.18
3034.5,18,1,1,0,0,1,1,0,0,11.387590658710476,0.005,3034.5,0,2,0.18
3035.0,18,1,1,0,0,1,1,0,0,11.3572519129105,0.005,3035.0,0,2,0.18
3035.5,18,1,1,0,0,1,1,0,0,11.391327911231448,0.005,3035.5,0,2,0.18
3036.0,18,1,1,0,0,1,1,0,0,11.363762197815761,0.005,3036.0,0,2,0.18
3036.5,18,1,1,0,0,1,1,0,0,11.339343503556558,0.005,3036.5,0,2,0.18
3037.0,18,1,1,0,0,1,1,0,0,11.416193658501696,0.005,3037.0,0,2,0.18
3037.5,18,1,1,0,0,1,1,0,0,11.352228719404314,0.005,3037.5,0,2,0.18
3038.0,18,1,1,0,0,1,1,0,0,11.361197783366762,0.005,3038.0,0,2,0.18
3038.5,16,1,1,0,0,1,1,0,0,11.154542584555497,0.0044444444444444444,3038.5,0,2,0.16
3039.0,16,1,1,0,0,1,1,0,0,11.06290851464994,0.0044444444444444444,3039.0,0,2,0.16
3039.5,16,1,1,0,0,1,1,0,0,11.091646798683836,0.0044444444444444444,3039.5,0,2,0.16
3040.0,16,1,1,0,0,1,1,0,0,11.03226918998455,0.0044444444444444444,3040.0,0,2,0.16
3040.5,16,1,1,0,0,1,1,0,0,11.140957313158765,0.0044444444444444444,3040.5,0,2,0.16
3041.0,16,1,1,0,0,1,1,0,0,11.116993175168068,0.0044444444444444444,3041.0,0,2,0.16
3041.5,16,1,1,0,0,1,1,0,0,11.006020035760315,0.0044444444444444444,3041.5,0,2,0.16
3042.0,16,1,1,0,0,1,1,0,0,11.026105044664739,0.0044444444444444444,3042.0,0,2,0.16
3042.5,16,1,1,0,0,1,1,0,0,11.021890014515762,0.0044444444444444444,3042.5,0,2,0.16
3043.0,16,1,1,0,0,1,1,0,0,10.770378099202365,0.0044444444444444444,3043.0,0,2,0.16
3043.5,16,1,1,0,0,1,1,0,0,10.597889783785806,0.0044444444444444444,3043.5,0,2,0.16
3044.0,16,1,1,0,0,1,1,0,0,10.39263829845456,0.0044444444444444444,3044.0,0,2,0.16
3044.5,16,1,1,0,0,1,1,0,0,10.067615789171558,0.0044444444444444444,3044.5,0,2,0.16
3045.0,16,1,1,0,0,1,1,0,0,9.853418000615648,0.0044444444444444444,3045.0,0,2,0.16
3045.5,16,1,1,0,0,1,1,0,0,9.746509166234663,0.0044444444444444444,3045.5,0,2,0.16
3046.0,16,2,2,0,0,2,2,0,0,9.763729627279142,0.0044444444444444444,3046.0,0,2,0.16
3046.5,16,2,2,0,0,2,2,0,0,9.750763695602163,0.0044444444444444444,3046.5,0,2,0.16
3047.0,16,2,2,0,0,2,2,0,0,9.702326881269801,0.0044444444444444444,3047.0,0,2,0.16
3047.5,16,2,2,0,0,2,2,0,0,9.701755088909163,0.0044444444444444444,3047.5,0,2,0.16
3048.0,16,2,2,0,0,2,2,0,0,9.775940343587177,0.0044444444444444444,3048.0,0,2,0.16
3048.5,16,2,2,0,0,2,2,0,0,9.716898983680043,0.0044444444444444444,3048.5,0,2,0.16
3049.0,16,2,2,0,0,2,2,0,0,9.805863463750033,0.0044444444444444444,3049.0,0,2,0.16
3049.5,16,2,2,0,0,2,2,0,0,9.735096405566042,0.0044444444444444444,3049.5,0,2,0.16
3050.0,16,2,2,0,0,2,2,0,0,9.733218692783161,0.0044444444444444444,3050.0,0,2,0.16
3050.5,16,2,2,0,0,2,2,0,0,9.746676192830096,0.0044444444444444444,3050.5,0,2,0.16
3051.0,16,2,2,0,0,2,2,0,0,9.739406065342523,0.0044444444444444444,3051.0,0,2,0.16
3051.5,16,2,2,0,0,2,2,0,0,9.76305525757071,0.0044444444444444444,3051.5,0,2,0.16
3052.0,16,2,2,0,0,2,2,0,0,9.700711257719563,0.0044444444444444444,3052.0,0,2,0.16
3052.5,16,2,2,0,0,2,2,0,0,9.77853633766081,0.0044444444444444444,3052.5,0,2,0.16
3053.0,16,2,2,0,0,2,2,0,0,9.730875857995311,0.0044444444444444444,3053.0,0,2,0.16
3053.5,16,2,2,0,0,2,2,0,0,9.781082726323987,0.0044444444444444444,3053.5,0,2,0.16
3054.0,16,2,2,0,0,2,2,0,0,9.794883224197296,0.0044444444444444444,3054.0,0,2,0.16
3054.5,16,2,2,0,0,2,2,0,0,9.777998585145728,0.0044444444444444444,3054.5,0,2,0.16
3055.0,16,2,2,0,0,2,2,0,0,9.779812989685347,0.0044444444444444444,3055.0,0,2,0.16
3055.5,18,2,2,0,0,2,2,0,0,9.423734586353518,0.005,3055.5,0,2,0.18
3056.0,17,2,2,0,0,2,2,0,0,9.226880676223379,0.004722222222222222,3056.0,0,2,0.17
3056.5,17,2,2,0,0,2,2,0,0,9.386751325120386,0.004722222222222222,3056.5,0,2,0.17
3057.0,17,2,2,0,0,2,2,0,0,9.597841633405075,0.004722222222222222,3057.0,0,3,0.17
3057.5,17,2,2,0,0,2,2,0,0,9.683671713229463,0.004722222222222222,3057.5,0,3,0.17
3058.0,17,2,2,0,0,2,2,0,0,9.724281437884304,0.004722222222222222,3058.0,0,3,0.17
3058.5,16,2,2,0,0,2,2,0,0,9.575390641919292,0.0044444444444444444,3058.5,0,3,0.16
3059.0,16,2,2,0,0,2,2,0,0,9.464972813544374,0.0044444444444444444,3059.0,0,3,0.16
3059.5,16,2,2,0,0,2,2,0,0,9.275737506004045,0.0044444444444444444,3059.5,0,3,0.16
3060.0,16,0,0,0,0,0,0,0,0,9.082077789394006,0.0044444444444444444,3060.0,0,0,0.16
3060.5,16,0,0,0,0,0,0,0,0,9.037450476053365,0.0044444444444444444,3060.5,0,0,0.16
3061.0,16,0,0,0,0,0,0,0,0,8.880941259666017,0.0044444444444444444,3061.0,0,0,0.16
3061.5,16,0,0,0,0,0,0,0,0,8.76595876063169,0.0044444444444444444,3061.5,0,0,0.16
3062.0,16,0,0,0,0,0,0,0,0,8.596420524153416,0.0044444444444444444,3062.0,0,0,0.16
3062.5,16,0,0,0,0,0,0,0,0,8.45297183304001,0.0044444444444444444,3062.5,0,0,0.16
3063.0,16,0,0,0,0,0,0,0,0,8.428763359606762,0.0044444444444444444,3063.0,0,0,0.16
3063.5,16,0,0,1,0,0,0,1,0,8.601348052535206,0.0044444444444444444,3063.5,0,0,0.16
3064.0,16,0,0,1,0,0,0,1,0,8.739703047829627,0.0044444444444444444,3064.0,0,0,0.16
3064.5,16,0,0,1,1,0,0,1,1,9.01799907410486,0.0044444444444444444,3064.5,0,0,0.16
3065.0,16,0,0,1,1,0,0,1,1,9.294132361206332,0.0044444444444444444,3065.0,0,0,0.16
3065.5,16,0,0,1,1,0,0,1,1,9.566510664921209,0.0044444444444444444,3065.5,0,0,0.16
3066.0,16,0,0,1,1,0,0,1,1,9.904199689567744,0.0044444444444444444,3066.0,0,0,0.16
3066.5,16,0,0,1,1,0,0,1,1,10.10472508397587,0.0044444444444444444,3066.5,0,0,0.16
3067.0,16,0,0,1,1,0,0,1,1,10.309851611705072,0.0044444444444444444,3067.0,0,0,0.16
3067.5,16,0,0,1,1,0,0,1,1,10.518578499123624,0.0044444444444444444,3067.5,0,0,0.16
3068.0,16,0,0,1,1,0,0,1,1,10.54093374232243,0.0044444444444444444,3068.0,0,0,0.16
3068.5,15,0,0,1,1,0,0,1,1,10.346651485080567,0.004166666666666667,3068.5,0,0,0.15
3069.0,15,0,0,1,1,0,0,1,1,10.451813488658514,0.004166666666666667,3069.0,0,0,0.15
3069.5,15,0,0,1,1,0,0,1,1,10.620083642659207,0.004166666666666667,3069.5,0,0,0.15
3070.0,15,0,0,1,1,0,0,1,1,10.61793399476943,0.004166666666666667,3070.0,0,0,0.15
3070.5,14,0,0,1,1,0,0,1,1,10.486225375011594,0.0038888888888888888,3070.5,0,0,0.14
3071.0,14,0,0,1,1,0,0,1,1,10.521576190048128,0.0038888888888888888,3071.0,0,0,0.14
3071.5,14,0,0,1,1,0,0,1,1,10.57005700583866,0.0038888888888888888,3071.5,0,0,0.14
3072.0,14,0,0,1,1,0,0,1,1,10.655979675460676,0.0038888888888888888,3072.0,0,0,0.14
3072.5,14,0,0,1,1,0,0,1,1,10.644479994444753,0.0038888888888888888,3072.5,0,0,0.14
3073.0,14,0,0,1,1,0,0,1,1,10.665057922906353,0.0038888888888888888,3073.0,0,0,0.14
3073.5,14,0,0,1,1,0,0,1,1,10.622864059060822,0.0038888888888888888,3073.5,0,0,0.14
3074.0,14,0,0,1,1,0,0,1,1,10.669356044214885,0.0038888888888888888,3074.0,0,0,0.14
3074.5,14,0,0,1,1,0,0,1,1,10.634105373034568,0.0038888888888888888,3074.5,0,0,0.14
3075.0,14,0,0,1,1,0,0,1,1,10.6037115227242,0.0038888888888888888,3075.0,0,0,0.14
3075.5,14,0,0,1,1,0,0,1,1,10.672079564910861,0.0038888888888888888,3075.5,0,0,0.14
3076.0,14,0,0,1,1,0,0,1,1,10.603664606045559,0.0038888888888888888,3076.0,0,0,0.14
3076.5,14,0,0,1,1,0,0,1,1,10.64839712982969,0.0038888888888888888,3076.5,0,0,0.14
3077.0,14,0,0,1,1,0,0,1,1,10.557231219437991,0.0038888888888888888,3077.0,0,0,0.14
3077.5,14,0,0,1,1,0,0,1,1,10.66607254608258,0.0038888888888888888,3077.5,0,0,0.14
3078.0,14,0,0,1,1,0,0,1,1,10.65249035829805,0.0038888888888888888,3078.0,0,0,0.14
3078.5,14,0,0,1,1,0,0,1,1,10.58992043584539,0.0038888888888888888,3078.5,0,0,0.14
3079.0,14,0,0,1,1,0,0,1,1,10.66070855167057,0.0038888888888888888,3079.0,0,0,0.14
3079.5,14,0,0,1,1,0,0,1,1,10.687522238160268,0.0038888888888888888,3079.5,0,0,0.14
3080.0,14,0,0,1,1,0,0,1,1,10.643224334665877,0.0038888888888888888,3080.0,0,0,0.14
3080.5,14,0,0,1,1,0,0,1,1,10.630494407626445,0.0038888888888888888,3080.5,0,0,0.14
3081.0,14,0,0,1,1,0,0,1,1,10.708599556152322,0.0038888888888888888,3081.0,0,0,0.14
3081.5,14,0,0,1,1,0,0,1,1,10.586628935245441,0.0038888888888888888,3081.5,0,0,0.14
3082.0,14,0,0,1,1,0,0,1,1,10.673220302198331,0.0038888888888888888,3082.0,0,0,0.14
3082.5,14,0,0,1,1,0,0,1,1,10.688273033368844,0.0038888888888888888,3082.5,0,0,0.14
3083.0,14,0,0,1,1,0,0,1,1,10.743365061183008,0.0038888888888888888,3083.0,0,0,0.14
3083.5,14,0,0,1,1,0,0,1,1,10.632599920394977,0.0038888888888888888,3083.5,0,0,0.14
3084.0,14,0,0,1,1,0,0,1,1,10.635662256135182,0.0038888888888888888,3084.0,0,0,0.14
3084.5,14,0,0,1,1,0,0,1,1,10.716528882146145,0.0038888888888888888,3084.5,0,0,0.14
3085.0,14,0,0,1,1,0,0,1,1,10.691106767255292,0.0038888888888888888,3085.0,0,0,0.14
3085.5,14,0,0,1,1,0,0,1,1,10.592900716025794,0.0038888888888888888,3085.5,0,0,0.14
3086.0,18,0,0,1,1,0,0,1,1,11.400809154099136,0.005,3086.0,0,0,0.18
3086.5,18,0,0,1,1,0,0,1,1,11.363322377795928,0.005,3086.5,0,0,0.18
3087.0,18,0,0,1,1,0,0,1,1,11.26720376272883,0.005,3087.0,0,0,0.18
3087.5,18,0,0,1,1,0,0,1,1,11.290119369346513,0.005,3087.5,0,0,0.18
3088.0,18,0,0,1,1,0,0,1,1,11.310182553102136,0.005,3088.0,0,0,0.18
3088.5,18,0,0,1,1,0,0,1,1,11.260310491748676,0.005,3088.5,0,0,0.18
3089.0,18,0,0,1,1,0,0,1,1,11.303442355246547,0.005,3089.0,0,0,0.18
3089.5,18,0,0,1,1,0,0,1,1,11.23591542766329,0.005,3089.5,0,0,0.18
3090.0,18,0,0,1,1,0,0,1,1,11.262694350453163,0.005,3090.0,0,0,0.18
3090.5,18,0,0,1,1,0,0,1,1,11.157041891302413,0.005,3090.5,0,0,0.18
3091.0,18,0,0,1,1,0,0,1,1,11.02795114232027,0.005,3091.0,0,0,0.18
3091.5,17,0,0,1,1,0,0,1,1,10.845669470831055,0.004722222222222222,3091.5,0,0,0.17
3092.0,17,0,0,1,1,0,0,1,1,10.700249232246806,0.004722222222222222,3092.0,0,0,0.17
3092.5,17,0,0,1,1,0,0,1,1,10.372088550423374,0.004722222222222222,3092.5,0,0,0.17
3093.0,17,0,0,1,2,0,0,1,2,10.199466836738901,0.004722222222222222,3093.0,0,0,0.17
3093.5,17,0,0,1,2,0,0,1,2,10.056615470650373,0.004722222222222222,3093.5,0,0,0.17
3094.0,17,0,0,1,2,0,0,1,2,9.930162618401026,0.004722222222222222,3094.0,0,0,0.17
3094.5,17,0,0,1,2,0,0,1,2,9.670759276780885,0.004722222222222222,3094.5,0,0,0.17
3095.0,17,0,0,2,2,0,0,2,2,9.77390607072652,0.004722222222222222,3095.0,0,0,0.17
3095.5,17,0,0,2,2,0,0,2,2,9.785835392141449,0.004722222222222222,3095.5,0,0,0.17
3096.0,17,0,0,2,2,0,0,2,2,9.816831204898818,0.004722222222222222,3096.0,0,0,0.17
3096.5,16,0,0,2,2,0,0,2,2,9.64051533727493,0.0044444444444444444,3096.5,0,0,0.16
3097.0,16,0,0,2,2,0,0,2,2,9.608966459857763,0.0044444444444444444,3097.0,0,0,0.16
3097.5,16,0,0,2,2,0,0,2,2,9.635551974630815,0.0044444444444444444,3097.5,0,0,0.16
3098.0,16,0,0,2,2,0,0,2,2,9.723221692111341,0.0044444444444444444,3098.0,0,0,0.16
3098.5,16,0,0,2,2,0,0,2,2,9.601526600765151,0.0044444444444444444,3098.5,0,0,0.16
3099.0,16,0,0,2,2,0,0,2,2,9.731137652133707,0.0044444444444444444,3099.0,0,0,0.16
3099.5,16,0,0,2,2,0,0,2,2,9.613275390324501,0.0044444444444444444,3099.5,0,0,0.16
3100.0,16,0,0,2,2,0,0,2,2,9.715496571282214,0.0044444444444444444,3100.0,0,0,0.16
3100.5,15,0,0,2,2,0,0,2,2,9.436814128073179,0.004166666666666667,3100.5,0,0,0.15
3101.0,14,0,0,2,2,0,0,2,2,9.095865211051024,0.0038888888888888888,3101.0,0,0,0.14
3101.5,14,0,0,2,2,0,0,2,2,9.177246028335166,0.0038888888888888888,3101.5,0,0,0.14
3102.0,14,0,0,2,2,0,0,2,2,9.179341140898112,0.0038888888888888888,3102.0,0,1,0.14
3102.5,12,0,0,2,2,0,0,2,2,8.402242142608271,0.0033333333333333335,3102.5,0,1,0.12
3103.0,12,0,0,2,2,0,0,2,2,8.477409834235361,0.0033333333333333335,3103.0,0,1,0.12
3103.5,12,0,0,2,2,0,0,2,2,8.398468658036162,0.0033333333333333335,3103.5,0,1,0.12
3104.0,12,0,0,2,2,0,0,2,2,8.42550221231758,0.0033333333333333335,3104.0,0,1,0.12
3104.5,12,0,0,2,2,0,0,2,2,8.3759999869732,0.0033333333333333335,3104.5,0,1,0.12
3105.0,12,0,0,0,0,0,0,0,0,8.70685315932993,0.0033333333333333335,3105.0,0,2,0.12
3105.5,12,0,0,0,0,0,0,0,0,9.060625130313106,0.0033333333333333335,3105.5,0,2,0.12
3106.0,12,0,0,0,0,0,0,0,0,9.42386222293865,0.0033333333333333335,3106.0,0,2,0.12
3106.5,12,0,0,0,0,0,0,0,0,9.721709345589167,0.0033333333333333335,3106.5,0,2,0.12
3107.0,12,0,0,0,0,0,0,0,0,10.085740025081057,0.0033333333333333335,3107.0,0,2,0.12
3107.5,12,0,0,0,0,0,0,0,0,10.42377315638638,0.0033333333333333335,3107.5,0,2,0.12
3108.0,12,0,0,0,0,0,0,0,0,10.67925341107914,0.0033333333333333335,3108.0,0,2,0.12
3108.5,12,0,0,0,0,0,0,0,0,10.914839855424873,0.0033333333333333335,3108.5,0,2,0.12
3109.0,12,0,0,0,0,0,0,0,0,11.382087301303331,0.0033333333333333335,3109.0,0,2,0.12
3109.5,12,0,0,0,0,0,0,0,0,11.68680736005144,0.0033333333333333335,3109.5,0,2,0.12
3110.0,12,0,0,0,0,0,0,0,0,11.950127737536995,0.0033333333333333335,3110.0,0,2,0.12
3110.5,12,0,0,0,0,0,0,0,0,12.34289139606071,0.0033333333333333335,3110.5,0,2,0.12
3111.0,12,0,0,0,0,0,0,0,0,12.532144466077954,0.0033333333333333335,3111.0,0,2,0.12
3111.5,12,0,0,0,0,0,0,0,0,12.738328485906914,0.0033333333333333335,3111.5,0,2,0.12
3112.0,11,0,0,0,0,0,0,0,0,13.036559806363606,0.0030555555555555557,3112.0,0,2,0.11
3112.5,10,0,0,0,0,0,0,0,0,13.201270341701283,0.002777777777777778,3112.5,0,2,0.1
3113.0,10,0,0,0,0,0,0,0,0,13.06374143012491,0.002777777777777778,3113.0,0,2,0.1
3113.5,10,0,0,0,0,0,0,0,0,13.086202120661445,0.002777777777777778,3113.5,0,2,0.1
3114.0,10,0,0,0,0,0,0,0,0,13.246219912482601,0.002777777777777778,3114.0,0,2,0.1
3114.5,10,0,0,0,0,0,0,0,0,13.089798224070517,0.002777777777777778,3114.5,0,2,0.1
3115.0,10,0,0,0,0,0,0,0,0,13.28463239559479,0.002777777777777778,3115.0,0,2,0.1
3115.5,10,0,0,0,0,0,0,0,0,13.168374205938715,0.002777777777777778,3115.5,0,2,0.1
3116.0,14,0,0,0,0,0,0,0,0,13.165153958039095,0.0038888888888888888,3116.0,0,2,0.14
3116.5,14,0,0,0,0,0,0,0,0,13.0066429881256,0.0038888888888888888,3116.5,0,2,0.14
3117.0,14,0,0,0,0,0,0,0,0,13.017788617361306,0.0038888888888888888,3117.0,0,2,0.14
3117.5,14,0,0,0,0,0,0,0,0,13.070497941002253,0.0038888888888888888,3117.5,0,2,0.14
3118.0,14,0,0,0,0,0,0,0,0,13.12320970751811,0.0038888888888888888,3118.0,0,2,0.14
3118.5,14,0,0,0,0,0,0,0,0,12.989145435286591,0.0038888888888888888,3118.5,0,2,0.14
3119.0,14,0,0,0,0,0,0,0,0,13.105732148066,0.0038888888888888888,3119.0,0,2,0.14
3119.5,14,0,0,0,0,0,0,0,0,13.060533865414163,0.0038888888888888888,3119.5,0,2,0.14
3120.0,14,0,0,0,0,0,0,0,0,13.024593792939896,0.0038888888888888888,3120.0,0,2,0.14
3120.5,14,0,0,0,0,0,0,0,0,13.012178717829432,0.0038888888888888888,3120.5,0,2,0.14
3121.0,14,0,0,0,0,0,0,0,0,12.877379656048635,0.0038888888888888888,3121.0,0,2,0.14
3121.5,14,0,0,0,0,0,0,0,0,12.624075318686947,0.0038888888888888888,3121.5,0,2,0.14
3122.0,14,0,0,0,0,0,0,0,0,12.349056604794741,0.0038888888888888888,3122.0,0,2,0.14
3122.5,14,0,0,0,0,0,0,0,0,12.046177135144278,0.0038888888888888888,3122.5,0,2,0.14
3123.0,14,0,0,0,0,0,0,0,0,11.665158414691703,0.0038888888888888888,3123.0,0,2,0.14
3123.5,14,0,0,0,0,0,0,0,0,11.398661211322002,0.0038888888888888888,3123.5,0,2,0.14
3124.0,14,1,0,0,0,1,0,0,0,11.186730581694182,0.0038888888888888888,3124.0,0,2,0.14
3124.5,14,1,0,0,0,1,0,0,0,11.22362014590838,0.0038888888888888888,3124.5,0,2,0.14
3125.0,14,1,1,0,0,1,1,0,0,11.175780101987183,0.0038888888888888888,3125.0,0,2,0.14
3125.5,14,1,1,0,0,1,1,0,0,11.151806857735,0.0038888888888888888,3125.5,0,2,0.14
3126.0,14,1,1,0,0,1,1,0,0,11.197523741025558,0.0038888888888888888,3126.0,0,2,0.14
3126.5,14,1,1,0,0,1,1,0,0,11.116479873680209,0.0038888888888888888,3126.5,0,2,0.14
3127.0,14,1,1,0,0,1,1,0,0,11.197584647029817,0.0038888888888888888,3127.0,0,2,0.14
3127.5,14,1,1,0,0,1,1,0,0,11.165438398372691,0.0038888888888888888,3127.5,0,2,0.14
3128.0,14,1,1,0,0,1,1,0,0,11.223641922856858,0.0038888888888888888,3128.0,0,2,0.14
3128.5,14,1,1,0,0,1,1,0,0,11.128663129069057,0.0038888888888888888,3128.5,0,2,0.14
3129.0,14,1,1,0,0,1,1,0,0,11.097815817656675,0.0038888888888888888,3129.0,0,2,0.14
3129.5,14,1,1,0,0,1,1,0,0,11.127686327877734,0.0038888888888888888,3129.5,0,2,0.14
3130.0,14,1,1,0,0,1,1,0,0,11.193486022984755,0.0038888888888888888,3130.0,0,2,0.14
3130.5,14,1,1,0,0,1,1,0,0,11.0842564686033,0.0038888888888888888,3130.5,0,2,0.14
3131.0,14,1,1,0,0,1,1,0,0,11.200057508498542,0.0038888888888888888,3131.0,0,2,0.14
3131.5,14,1,1,0,0,1,1,0,0,11.166081795205107,0.0038888888888888888,3131.5,0,2,0.14
3132.0,14,1,1,0,0,1,1,0,0,11.164493327238375,0.0038888888888888888,3132.0,0,2,0.14
3132.5,14,1,1,0,0,1,1,0,0,11.18003988648144,0.0038888888888888888,3132.5,0,2,0.14
3133.0,13,1,1,0,0,1,1,0,0,10.897117344259991,0.003611111111111111,3133.0,0,2,0.13
3133.5,13,1,1,0,0,1,1,0,0,10.903388716494906,0.003611111111111111,3133.5,0,2,0.13
3134.0,13,1,1,0,0,1,1,0,0,11.029789169533418,0.003611111111111111,3134.0,0,2,0.13
3134.5,13,1,1,0,0,1,1,0,0,10.961589934041497,0.003611111111111111,3134.5,0,2,0.13
3135.0,13,1,1,0,0,1,1,0,0,11.055068183217903,0.003611111111111111,3135.0,0,2,0.13
3135.5,13,1,1,0,0,1,1,0,0,11.079743165795463,0.003611111111111111,3135.5,0,2,0.13
3136.0,13,1,1,0,0,1,1,0,0,10.954660622035393,0.003611111111111111,3136.0,0,2,0.13
3136.5,13,1,1,0,0,1,1,0,0,10.96664011792071,0.003611111111111111,3136.5,0,2,0.13
3137.0,13,1,1,0,0,1,1,0,0,10.988522294657544,0.003611111111111111,3137.0,0,2,0.13
3137.5,13,1,1,0,0,1,1,0,0,11.071327216217998,0.003611111111111111,3137.5,0,2,0.13
3138.0,13,1,1,0,0,1,1,0,0,10.979407531062844,0.003611111111111111,3138.0,0,2,0.13
3138.5,13,1,1,0,0,1,1,0,0,11.020696842978015,0.003611111111111111,3138.5,0,2,0.13
3139.0,13,1,1,0,0,1,1,0,0,10.98170759869298,0.003611111111111111,3139.0,0,2,0.13
3139.5,13,1,1,0,0,1,1,0,0,10.996994345209336,0.003611111111111111,3139.5,0,2,0.13
3140.0,13,1,1,0,0,1,1,0,0,11.036224081116037,0.003611111111111111,3140.0,0,2,0.13
3140.5,13,1,1,0,0,1,1,0,0,11.033624004915131,0.003611111111111111,3140.5,0,2,0.13
3141.0,13,1,1,0,0,1,1,0,0,10.961035968309972,0.003611111111111111,3141.0,0,2,0.13
3141.5,12,1,1,0,0,1,1,0,0,10.936656619973414,0.0033333333333333335,3141.5,0,2,0.12
3142.0,12,1,1,0,0,1,1,0,0,10.958155329038709,0.0033333333333333335,3142.0,0,2,0.12
3142.5,12,1,1,0,0,1,1,0,0,10.900791021478412,0.0033333333333333335,3142.5,0,2,0.12
3143.0,12,1,1,0,0,1,1,0,0,10.988372267726666,0.0033333333333333335,3143.0,0,2,0.12
3143.5,12,1,1,0,0,1,1,0,0,11.004721947186288,0.0033333333333333335,3143.5,0,2,0.12
3144.0,12,1,1,0,0,1,1,0,0,10.936619824472048,0.0033333333333333335,3144.0,0,2,0.12
3144.5,12,1,1,0,0,1,1,0,0,10.948614474869345,0.0033333333333333335,3144.5,0,2,0.12
3145.0,12,1,1,0,0,1,1,0,0,10.964393416535062,0.0033333333333333335,3145.0,0,2,0.12
3145.5,11,1,1,0,0,1,1,0,0,10.672025208011123,0.0030555555555555557,3145.5,0,2,0.11
3146.0,10,1,1,0,0,1,1,0,0,10.53841917409288,0.002777777777777778,3146.0,0,2,0.1
3146.5,13,1,1,0,0,1,1,0,0,10.734504078299725,0.003611111111111111,3146.5,0,2,0.13
3147.0,13,1,1,0,0,1,1,0,0,10.794823747506818,0.003611111111111111,3147.0,0,3,0.13
3147.5,12,1,1,0,0,1,1,0,0,10.629273078089481,0.0033333333333333335,3147.5,0,3,0.12
3148.0,12,1,1,0,0,1,1,0,0,10.743331602666311,0.0033333333333333335,3148.0,0,3,0.12
3148.5,12,1,1,0,0,1,1,0,0,10.731710874388632,0.0033333333333333335,3148.5,0,3,0.12
3149.0,12,1,1,0,0,1,1,0,0,10.93620521126278,0.0033333333333333335,3149.0,0,3,0.12
3149.5,12,1,1,0,0,1,1,0,0,10.945554764730142,0.0033333333333333335,3149.5,0,3,0.12
3150.0,12,0,0,0,0,0,0,0,0,11.10342791590304,0.0033333333333333335,3150.0,0,0,0.12
3150.5,12,0,0,0,0,0,0,0,0,11.336681869851697,0.0033333333333333335,3150.5,0,0,0.12
3151.0,12,0,0,0,0,0,0,0,0,11.487531888551503,0.0033333333333333335,3151.0,0,0,0.12
3151.5,12,0,0,0,0,0,0,0,0,11.63206507159009,0.0033333333333333335,3151.5,0,0,0.12
3152.0,12,0,0,0,0,0,0,0,0,11.685170306774047,0.0033333333333333335,3152.0,0,0,0.12
3152.5,12,0,0,0,0,0,0,0,0,11.672568168508933,0.0033333333333333335,3152.5,0,0,0.12
3153.0,12,0,0,0,0,0,0,0,0,11.531853474263679,0.0033333333333333335,3153.0,0,0,0.12
3153.5,12,0,0,0,0,0,0,0,0,11.574241561067518,0.0033333333333333335,3153.5,0,0,0.12
3154.0,12,0,0,0,0,0,0,0,0,11.572879483198006,0.0033333333333333335,3154.0,0,0,0.12
3154.5,12,0,0,0,0,0,0,0,0,11.568225318381094,0.0033333333333333335,3154.5,0,0,0.12
3155.0,12,0,0,0,1,0,0,0,1,11.67216093610029,0.0033333333333333335,3155.0,0,0,0.12
3155.5,12,0,0,0,1,0,0,0,1,11.784739764676525,0.0033333333333333335,3155.5,0,0,0.12
3156.0,12,0,0,0,1,0,0,0,1,12.074276358936686,0.0033333333333333335,3156.0,0,0,0.12
3156.5,12,0,0,0,1,0,0,0,1,12.112987259521057,0.0033333333333333335,3156.5,0,0,0.12
3157.0,12,0,0,0,1,0,0,0,1,12.002082264480594,0.0033333333333333335,3157.0,0,0,0.12
3157.5,12,0,0,0,1,0,0,0,1,12.050861227770403,0.0033333333333333335,3157.5,0,0,0.12
3158.0,12,0,0,0,1,0,0,0,1,12.037779430726838,0.0033333333333333335,3158.0,0,0,0.12
3158.5,12,0,0,0,1,0,0,0,1,12.129401380329107,0.0033333333333333335,3158.5,0,0,0.12
3159.0,12,0,0,0,1,0,0,0,1,11.973276845402614,0.0033333333333333335,3159.0,0,0,0.12
3159.5,11,0,0,0,1,0,0,0,1,12.069014674124757,0.0030555555555555557,3159.5,0,0,0.11
3160.0,10,0,0,0,1,0,0,0,1,11.738241644340338,0.002777777777777778,3160.0,0,0,0.1
3160.5,10,0,0,0,1,0,0,0,1,11.355009797264826,0.002777777777777778,3160.5,0,0,0.1
3161.0,10,0,0,0,1,0,0,0,1,11.249425849849827,0.002777777777777778,3161.0,0,0,0.1
3161.5,10,0,0,0,1,0,0,0,1,11.006456015510953,0.002777777777777778,3161.5,0,0,0.1
3162.0,10,0,0,0,1,0,0,0,1,10.68851784646373,0.002777777777777778,3162.0,0,0,0.1
3162.5,10,0,0,1,1,0,0,1,1,10.710423276879862,0.002777777777777778,3162.5,0,0,0.1
3163.0,10,0,0,1,1,0,0,1,1,10.632436056880158,0.002777777777777778,3163.0,0,0,0.1
3163.5,10,0,0,1,1,0,0,1,1,10.720032107002591,0.002777777777777778,3163.5,0,0,0.1
3164.0,10,0,0,1,1,0,0,1,1,10.745086675211471,0.002777777777777778,3164.0,0,0,0.1
3164.5,10,0,0,1,1,0,0,1,1,10.625880503045313,0.002777777777777778,3164.5,0,0,0.1
3165.0,10,0,0,1,1,0,0,1,1,10.755950399659026,0.002777777777777778,3165.0,0,0,0.1
3165.5,10,0,0,1,1,0,0,1,1,10.741970853826182,0.002777777777777778,3165.5,0,0,0.1
3166.0,10,0,0,1,1,0,0,1,1,10.666406065091408,0.002777777777777778,3166.0,0,0,0.1
3166.5,10,0,0,1,1,0,0,1,1,10.668546963662061,0.002777777777777778,3166.5,0,0,0.1
3167.0,10,0,0,1,1,0,0,1,1,10.719424281654332,0.002777777777777778,3167.0,0,0,0.1
3167.5,10,0,0,1,1,0,0,1,1,10.648524771278876,0.002777777777777778,3167.5,0,0,0.1
3168.0,10,0,0,1,1,0,0,1,1,10.66821571616075,0.002777777777777778,3168.0,0,0,0.1
3168.5,10,0,0,1,1,0,0,1,1,10.685933924896794,0.002777777777777778,3168.5,0,0,0.1
3169.0,10,0,0,1,1,0,0,1,1,10.716940239538356,0.002777777777777778,3169.0,0,0,0.1
3169.5,10,0,0,1,1,0,0,1,1,10.662493542314891,0.002777777777777778,3169.5,0,0,0.1
3170.0,10,0,0,1,1,0,0,1,1,10.656613399120662,0.002777777777777778,3170.0,0,0,0.1
3170.5,10,0,0,1,1,0,0,1,1,10.77434151880761,0.002777777777777778,3170.5,0,0,0.1
3171.0,10,0,0,1,1,0,0,1,1,10.635713015227497,0.002777777777777778,3171.0,0,0,0.1
3171.5,10,0,0,1,1,0,0,1,1,10.64835087173936,0.002777777777777778,3171.5,0,0,0.1
3172.0,10,0,0,1,1,0,0,1,1,10.880904411463682,0.002777777777777778,3172.0,0,0,0.1
3172.5,10,0,0,1,1,0,0,1,1,10.692820692058572,0.002777777777777778,3172.5,0,0,0.1
3173.0,10,0,0,1,1,0,0,1,1,10.732394093075685,0.002777777777777778,3173.0,0,0,0.1
3173.5,10,0,0,1,1,0,0,1,1,10.67579587376412,0.002777777777777778,3173.5,0,0,0.1
3174.0,10,0,0,1,1,0,0,1,1,10.740505892753985,0.002777777777777778,3174.0,0,0,0.1
3174.5,10,0,0,1,1,0,0,1,1,10.649124414268567,0.002777777777777778,3174.5,0,0,0.1
3175.0,10,0,0,1,1,0,0,1,1,10.696359385305234,0.002777777777777778,3175.0,0,0,0.1
3175.5,10,0,0,1,1,0,0,1,1,10.74619010346561,0.002777777777777778,3175.5,0,0,0.1
3176.0,10,0,0,1,1,0,0,1,1,10.71949424747579,0.002777777777777778,3176.0,0,0,0.1
3176.5,14,0,0,1,1,0,0,1,1,11.03192800639087,0.0038888888888888888,3176.5,0,0,0.14
3177.0,14,0,0,1,1,0,0,1,1,11.1277127280516,0.0038888888888888888,3177.0,0,0,0.14
3177.5,14,0,0,1,1,0,0,1,1,11.131798807022758,0.0038888888888888888,3177.5,0,0,0.14
3178.0,14,0,0,1,1,0,0,1,1,11.202686691396503,0.0038888888888888888,3178.0,0,0,0.14
3178.5,14,0,0,1,1,0,0,1,1,11.369476156343406,0.0038888888888888888,3178.5,0,0,0.14
3179.0,14,0,0,1,1,0,0,1,1,11.316836540787708,0.0038888888888888888,3179.0,0,0,0.14
3179.5,14,0,0,1,1,0,0,1,1,11.405498693895959,0.0038888888888888888,3179.5,0,0,0.14
3180.0,14,0,0,1,1,0,0,1,1,11.331932048458105,0.0038888888888888888,3180.0,0,0,0.14
3180.5,14,0,0,1,1,0,0,1,1,11.386454484237976,0.0038888888888888888,3180.5,0,0,0.14
3181.0,14,0,0,1,1,0,0,1,1,11.337443217680717,0.0038888888888888888,3181.0,0,0,0.14
3181.5,14,0,0,1,1,0,0,1,1,11.048284905837383,0.0038888888888888888,3181.5,0,0,0.14
3182.0,14,0,0,1,1,0,0,1,1,10.83818994773898,0.0038888888888888888,3182.0,0,0,0.14
3182.5,14,0,0,1,1,0,0,1,1,10.386932886925264,0.0038888888888888888,3182.5,0,0,0.14
3183.0,14,0,0,1,1,0,0,1,1,10.121445424019429,0.0038888888888888888,3183.0,0,0,0.14
3183.5,14,0,0,1,1,0,0,1,1,9.810681118938804,0.0038888888888888888,3183.5,0,0,0.14
3184.0,14,0,0,1,1,0,0,1,1,9.5379868042936,0.0038888888888888888,3184.0,0,0,0.14
3184.5,14,0,0,2,2,0,0,2,2,9.51778873386809,0.0038888888888888888,3184.5,0,0,0.14
3185.0,14,0,0,2,2,0,0,2,2,9.538816625375436,0.0038888888888888888,3185.0,0,0,0.14
3185.5,14,0,0,2,2,0,0,2,2,9.506956496301152,0.0038888888888888888,3185.5,0,0,0.14
3186.0,14,0,0,2,2,0,0,2,2,9.477827318338376,0.0038888888888888888,3186.0,0,0,0.14
3186.5,14,0,0,2,2,0,0,2,2,9.443565031158622,0.0038888888888888888,3186.5,0,0,0.14
3187.0,14,0,0,2,2,0,0,2,2,9.510011510127145,0.0038888888888888888,3187.0,0,0,0.14
3187.5,14,0,0,2,2,0,0,2,2,9.55395183265652,0.0038888888888888888,3187.5,0,0,0.14
3188.0,14,0,0,2,2,0,0,2,2,9.507792045290218,0.0038888888888888888,3188.0,0,0,0.14
3188.5,14,0,0,2,2,0,0,2,2,9.50732521933497,0.0038888888888888888,3188.5,0,0,0.14
3189.0,14,0,0,2,2,0,0,2,2,9.42795863934387,0.0038888888888888888,3189.0,0,0,0.14
3189.5,12,0,0,2,2,0,0,2,2,8.863839425288921,0.0033333333333333335,3189.5,0,0,0.12
3190.0,12,0,0,2,2,0,0,2,2,8.859460697908773,0.0033333333333333335,3190.0,0,0,0.12
3190.5,11,0,0,2,2,0,0,2,2,8.42890912757501,0.0030555555555555557,3190.5,0,0,0.11
3191.0,11,0,0,2,2,0,0,2,2,8.377711375233297,0.0030555555555555557,3191.0,0,0,0.11
3191.5,10,0,0,2,2,0,0,2,2,7.891591764965857,0.002777777777777778,3191.5,0,0,0.1
3192.0,10,0,0,2,2,0,0,2,2,7.855519353215645,0.002777777777777778,3192.0,0,1,0.1
3192.5,10,0,0,2,2,0,0,2,2,7.931154792085584,0.002777777777777778,3192.5,0,1,0.1
3193.0,10,0,0,2,2,0,0,2,2,7.883402945724379,0.002777777777777778,3193.0,0,1,0.1
3193.5,10,0,0,2,2,0,0,2,2,7.877652451094768,0.002777777777777778,3193.5,0,1,0.1
3194.0,10,0,0,2,2,0,0,2,2,7.883028673404192,0.002777777777777778,3194.0,0,1,0.1
3194.5,10,0,0,2,2,0,0,2,2,7.880816966926508,0.002777777777777778,3194.5,0,1,0.1
3195.0,10,0,0,0,0,0,0,0,0,8.411669278351187,0.002777777777777778,3195.0,0,2,0.1
3195.5,10,0,0,0,0,0,0,0,0,8.813339540714368,0.002777777777777778,3195.5,0,2,0.1
3196.0,10,0,0,0,0,0,0,0,0,9.083435202443942,0.002777777777777778,3196.0,0,2,0.1
3196.5,10,0,0,0,0,0,0,0,0,9.51627839025037,0.002777777777777778,3196.5,0,2,0.1
3197.0,10,0,0,0,0,0,0,0,0,9.854966692504675,0.002777777777777778,3197.0,0,2,0.1
3197.5,10,0,0,0,0,0,0,0,0,10.356531664999638,0.002777777777777778,3197.5,0,2,0.1
3198.0,10,0,0,0,0,0,0,0,0,10.700000491218379,0.002777777777777778,3198.0,0,2,0.1
3198.5,10,0,0,0,0,0,0,0,0,11.112780810739348,0.002777777777777778,3198.5,0,2,0.1
3199.0,10,0,0,0,0,0,0,0,0,11.60899092427964,0.002777777777777778,3199.0,0,2,0.1
3199.5,10,0,0,0,0,0,0,0,0,12.006432458967174,0.002777777777777778,3199.5,0,2,0.1
3200.0,10,0,0,0,0,0,0,0,0,12.427071841161624,0.002777777777777778,3200.0,0,2,0.1
3200.5,10,0,0,0,0,0,0,0,0,12.664279093515754,0.002777777777777778,3200.5,0,2,0.1
3201.0,10,0,0,0,0,0,0,0,0,12.993188772965079,0.002777777777777778,3201.0,0,2,0.1
3201.5,10,0,0,0,0,0,0,0,0,12.857888964230785,0.002777777777777778,3201.5,0,2,0.1
3202.0,10,0,0,0,0,0,0,0,0,13.00956045451936,0.002777777777777778,3202.0,0,2,0.1
3202.5,10,0,0,0,0,0,0,0,0,13.116085370360068,0.002777777777777778,3202.5,0,2,0.1
3203.0,10,0,0,0,0,0,0,0,0,13.05750698284142,0.002777777777777778,3203.0,0,2,0.1
3203.5,10,0,0,0,0,0,0,0,0,13.130957069839477,0.002777777777777778,3203.5,0,2,0.1
3204.0,10,0,0,0,0,0,0,0,0,13.00198328911805,0.002777777777777778,3204.0,0,2,0.1
3204.5,10,0,0,0,0,0,0,0,0,12.987723500711269,0.002777777777777778,3204.5,0,2,0.1
3205.0,10,0,0,0,0,0,0,0,0,13.052393418648403,0.002777777777777778,3205.0,0,2,0.1
3205.5,10,0,0,0,0,0,0,0,0,13.079242869521384,0.002777777777777778,3205.5,0,2,0.1
3206.0,10,0,0,0,0,0,0,0,0,12.966753111421255,0.002777777777777778,3206.0,0,2,0.1
3206.5,10,0,0,0,0,0,0,0,0,12.972183387718522,0.002777777777777778,3206.5,0,2,0.1
3207.0,14,0,0,0,0,0,0,0,0,13.124095601325681,0.0038888888888888888,3207.0,0,2,0.14
3207.5,14,0,0,0,0,0,0,0,0,13.063449125967248,0.0038888888888888888,3207.5,0,2,0.14
3208.0,14,0,0,0,0,0,0,0,0,13.052577903806862,0.0038888888888888888,3208.0,0,2,0.14
3208.5,14,0,0,0,0,0,0,0,0,13.030894480043584,0.0038888888888888888,3208.5,0,2,0.14
3209.0,14,0,0,0,0,0,0,0,0,13.113276194277944,0.0038888888888888888,3209.0,0,2,0.14
3209.5,14,0,0,0,0,0,0,0,0,13.103804326024967,0.0038888888888888888,3209.5,0,2,0.14
3210.0,14,0,0,0,0,0,0,0,0,13.03015159192724,0.0038888888888888888,3210.0,0,2,0.14
3210.5,14,0,0,0,0,0,0,0,0,13.082626749323143,0.0038888888888888888,3210.5,0,2,0.14
3211.0,14,0,0,0,0,0,0,0,0,12.983107977871699,0.0038888888888888888,3211.0,0,2,0.14
3211.5,14,0,0,0,0,0,0,0,0,12.84950164334847,0.0038888888888888888,3211.5,0,2,0.14
3212.0,14,0,0,0,0,0,0,0,0,12.711597764324509,0.0038888888888888888,3212.0,0,2,0.14
3212.5,14,0,0,0,0,0,0,0,0,12.453132047887895,0.0038888888888888888,3212.5,0,2,0.14
3213.0,14,0,0,0,0,0,0,0,0,12.12905360079773,0.0038888888888888888,3213.0,0,2,0.14
3213.5,14,0,0,0,0,0,0,0,0,11.741520319847698,0.0038888888888888888,3213.5,0,2,0.14
3214.0,14,0,0,0,0,0,0,0,0,11.603269194022227,0.0038888888888888888,3214.0,0,2,0.14
3214.5,14,0,1,0,0,0,1,0,0,11.348711376864506,0.0038888888888888888,3214.5,0,2,0.14
3215.0,14,0,1,0,0,0,1,0,0,11.307025016623205,0.0038888888888888888,3215.0,0,2,0.14
3215.5,14,1,1,0,0,1,1,0,0,11.136491519583883,0.0038888888888888888,3215.5,0,2,0.14
3216.0,14,1,1,0,0,1,1,0,0,11.138871830611949,0.0038888888888888888,3216.0,0,2,0.14
3216.5,14,1,1,0,0,1,1,0,0,11.159514068784526,0.0038888888888888888,3216.5,0,2,0.14
3217.0,14,1,1,0,0,1,1,0,0,11.131687249814364,0.0038888888888888888,3217.0,0,2,0.14
3217.5,14,1,1,0,0,1,1,0,0,11.1866310506517,0.0038888888888888888,3217.5,0,2,0.14
3218.0,14,1,1,0,0,1,1,0,0,11.12067544398248,0.0038888888888888888,3218.0,0,2,0.14
3218.5,14,1,1,0,0,1,1,0,0,11.102545456607233,0.0038888888888888888,3218.5,0,2,0.14
3219.0,14,1,1,0,0,1,1,0,0,11.24039408386852,0.0038888888888888888,3219.0,0,2,0.14
3219.5,14,1,1,0,0,1,1,0,0,11.146205690402342,0.0038888888888888888,3219.5,0,2,0.14
3220.0,13,1,1,0,0,1,1,0,0,10.920333730496578,0.003611111111111111,3220.0,0,2,0.13
3220.5,13,1,1,0,0,1,1,0,0,10.990872609123702,0.003611111111111111,3220.5,0,2,0.13
3221.0,13,1,1,0,0,1,1,0,0,10.8838951238055,0.003611111111111111,3221.0,0,2,0.13
3221.5,13,1,1,0,0,1,1,0,0,11.023854951604383,0.003611111111111111,3221.5,0,2,0.13
3222.0,13,1,1,0,0,1,1,0,0,10.928215104397035,0.003611111111111111,3222.0,0,2,0.13
3222.5,13,1,1,0,0,1,1,0,0,10.96736976277048,0.003611111111111111,3222.5,0,2,0.13
3223.0,13,1,1,0,0,1,1,0,0,10.928066341320166,0.003611111111111111,3223.0,0,2,0.13
3223.5,13,1,1,0,0,1,1,0,0,10.943903837373595,0.003611111111111111,3223.5,0,2,0.13
3224.0,13,1,1,0,0,1,1,0,0,10.928563658611031,0.003611111111111111,3224.0,0,2,0.13
3224.5,13,1,1,0,0,1,1,0,0,10.999463091659939,0.003611111111111111,3224.5,0,2,0.13
3225.0,13,1,1,0,0,1,1,0,0,11.005474881603963,0.003611111111111111,3225.0,0,2,0.13
3225.5,13,1,1,0,0,1,1,0,0,11.066004590827154,0.003611111111111111,3225.5,0,2,0.13
3226.0,13,1,1,0,0,1,1,0,0,10.997887748011504,0.003611111111111111,3226.0,0,2,0.13
3226.5,13,1,1,0,0,1,1,0,0,10.974604396624137,0.003611111111111111,3226.5,0,2,0.13
3227.0,12,1,1,0,0,1,1,0,0,10.89805368809102,0.0033333333333333335,3227.0,0,2,0.12
3227.5,12,1,1,0,0,1,1,0,0,10.744311448457056,0.0033333333333333335,3227.5,0,2,0.12
3228.0,12,1,1,0,0,1,1,0,0,10.822074051663847,0.0033333333333333335,3228.0,0,2,0.12
3228.5,12,1,1,0,0,1,1,0,0,10.762493753977225,0.0033333333333333335,3228.5,0,2,0.12
3229.0,12,1,1,0,0,1,1,0,0,10.907570560999977,0.0033333333333333335,3229.0,0,2,0.12
3229.5,12,1,1,0,0,1,1,0,0,10.819313387834455,0.0033333333333333335,3229.5,0,2,0.12
3230.0,12,1,1,0,0,1,1,0,0,10.857843077205807,0.0033333333333333335,3230.0,0,2,0.12
3230.5,12,1,1,0,0,1,1,0,0,10.754456832263529,0.0033333333333333335,3230.5,0,2,0.12
3231.0,12,1,1,0,0,1,1,0,0,10.850328887315845,0.0033333333333333335,3231.0,0,2,0.12
3231.5,12,1,1,0,0,1,1,0,0,10.785776945642766,0.0033333333333333335,3231.5,0,2,0.12
3232.0,12,1,1,0,0,1,1,0,0,10.81105608948443,0.0033333333333333335,3232.0,0,2,0.12
3232.5,12,1,1,0,0,1,1,0,0,10.79891311665972,0.0033333333333333335,3232.5,0,2,0.12
3233.0,12,1,1,0,0,1,1,0,0,10.868831704231487,0.0033333333333333335,3233.0,0,2,0.12
3233.5,12,1,1,0,0,1,1,0,0,10.876286795546909,0.0033333333333333335,3233.5,0,2,0.12
3234.0,12,1,1,0,0,1,1,0,0,10.918845566779053,0.0033333333333333335,3234.0,0,2,0.12
3234.5,12,1,1,0,0,1,1,0,0,10.803376588554963,0.0033333333333333335,3234.5,0,2,0.12
3235.0,12,1,1,0,0,1,1,0,0,10.890244774972231,0.0033333333333333335,3235.0,0,2,0.12
3235.5,10,1,1,0,0,1,1,0,0,10.342767786721407,0.002777777777777778,3235.5,0,2,0.1
3236.0,10,1,1,0,0,1,1,0,0,10.246601890961346,0.002777777777777778,3236.0,0,2,0.1
3236.5,9,1,1,0,0,1,1,0,0,9.86472374227905,0.0025,3236.5,0,2,0.09
3237.0,13,1,1,0,0,1,1,0,0,10.522006974921084,0.003611111111111111,3237.0,0,3,0.13
3237.5,13,1,1,0,0,1,1,0,0,10.628186555957274,0.003611111111111111,3237.5,0,3,0.13
3238.0,13,1,1,0,0,1,1,0,0,10.66485828253752,0.003611111111111111,3238.0,0,3,0.13
3238.5,13,1,1,0,0,1,1,0,0,10.733920684159585,0.003611111111111111,3238.5,0,3,0.13
3239.0,13,1,1,0,0,1,1,0,0,10.76193176311752,0.003611111111111111,3239.0,0,3,0.13
3239.5,13,1,1,0,0,1,1,0,0,10.81346458672658,0.003611111111111111,3239.5,0,3,0.13
3240.0,13,0,0,0,0,0,0,0,0,11.028162322494856,0.003611111111111111,3240.0,0,0,0.13
3240.5,13,0,0,0,0,0,0,0,0,11.061919599458319,0.003611111111111111,3240.5,0,0,0.13
3241.0,13,0,0,0,0,0,0,0,0,11.33556631501464,0.003611111111111111,3241.0,0,0,0.13
3241.5,13,0,0,0,0,0,0,0,0,11.502080023632347,0.003611111111111111,3241.5,0,0,0.13
3242.0,13,0,0,0,0,0,0,0,0,11.298858867147505,0.003611111111111111,3242.0,0,0,0.13
3242.5,13,0,0,0,0,0,0,0,0,11.187198127925036,0.003611111111111111,3242.5,0,0,0.13
3243.0,13,0,0,0,0,0,0,0,0,11.236027324107186,0.003611111111111111,3243.0,0,0,0.13
3243.5,13,0,0,0,0,0,0,0,0,11.348915510926178,0.003611111111111111,3243.5,0,0,0.13
3244.0,12,0,0,0,0,0,0,0,0,11.362491918963714,0.0033333333333333335,3244.0,0,0,0.12
3244.5,12,0,0,0,1,0,0,0,1,11.255350705607809,0.0033333333333333335,3244.5,0,0,0.12
3245.0,12,0,0,0,1,0,0,0,1,11.480288006395766,0.0033333333333333335,3245.0,0,0,0.12
3245.5,12,0,0,0,1,0,0,0,1,11.704736772247863,0.0033333333333333335,3245.5,0,0,0.12
3246.0,12,0,0,0,1,0,0,0,1,11.858498650498959,0.0033333333333333335,3246.0,0,0,0.12
3246.5,12,0,0,0,1,0,0,0,1,11.926479581363454,0.0033333333333333335,3246.5,0,0,0.12
3247.0,12,0,0,0,1,0,0,0,1,11.72317746271279,0.0033333333333333335,3247.0,0,0,0.12
3247.5,12,0,0,0,1,0,0,0,1,11.542313862624118,0.0033333333333333335,3247.5,0,0,0.12
3248.0,12,0,0,0,1,0,0,0,1,11.343275805012793,0.0033333333333333335,3248.0,0,0,0.12
3248.5,12,0,0,0,1,0,0,0,1,11.22256104403265,0.0033333333333333335,3248.5,0,0,0.12
3249.0,12,0,0,0,1,0,0,0,1,11.022619463676163,0.0033333333333333335,3249.0,0,0,0.12
3249.5,12,0,0,1,1,0,0,1,1,11.034444731724626,0.0033333333333333335,3249.5,0,0,0.12
3250.0,12,0,0,1,1,0,0,1,1,10.90527989499553,0.0033333333333333335,3250.0,0,0,0.12
3250.5,11,0,0,1,1,0,0,1,1,10.684286372853371,0.0030555555555555557,3250.5,0,0,0.11
3251.0,11,0,0,1,1,0,0,1,1,10.721092482964487,0.0030555555555555557,3251.0,0,0,0.11
3251.5,11,0,0,1,1,0,0,1,1,10.695727078404172,0.0030555555555555557,3251.5,0,0,0.11
3252.0,11,0,0,1,1,0,0,1,1,10.717660253017948,0.0030555555555555557,3252.0,0,0,0.11
3252.5,11,0,0,1,1,0,0,1,1,10.640959875180068,0.0030555555555555557,3252.5,0,0,0.11
3253.0,11,0,0,1,1,0,0,1,1,10.813310163138201,0.0030555555555555557,3253.0,0,0,0.11
3253.5,11,0,0,1,1,0,0,1,1,10.776217857888243,0.0030555555555555557,3253.5,0,0,0.11
3254.0,11,0,0,1,1,0,0,1,1,10.65997261342366,0.0030555555555555557,3254.0,0,0,0.11
3254.5,11,0,0,1,1,0,0,1,1,10.682415844479173,0.0030555555555555557,3254.5,0,0,0.11
3255.0,11,0,0,1,1,0,0,1,1,10.693878000925189,0.0030555555555555557,3255.0,0,0,0.11
3255.5,10,0,0,1,1,0,0,1,1,10.566880828945447,0.002777777777777778,3255.5,0,0,0.1
3256.0,10,0,0,1,1,0,0,1,1,10.534487909323085,0.002777777777777778,3256.0,0,0,0.1
3256.5,10,0,0,1,1,0,0,1,1,10.574943055220663,0.002777777777777778,3256.5,0,0,0.1
3257.0,10,0,0,1,1,0,0,1,1,10.535117576185161,0.002777777777777778,3257.0,0,0,0.1
3257.5,10,0,0,1,1,0,0,1,1,10.46636279570173,0.002777777777777778,3257.5,0,0,0.1
3258.0,10,0,0,1,1,0,0,1,1,10.535928383732696,0.002777777777777778,3258.0,0,0,0.1
3258.5,10,0,0,1,1,0,0,1,1,10.556368558431291,0.002777777777777778,3258.5,0,0,0.1
3259.0,10,0,0,1,1,0,0,1,1,10.603292714853321,0.002777777777777778,3259.0,0,0,0.1
3259.5,10,0,0,1,1,0,0,1,1,10.545469918951872,0.002777777777777778,3259.5,0,0,0.1
3260.0,10,0,0,1,1,0,0,1,1,10.573545348745553,0.002777777777777778,3260.0,0,0,0.1
3260.5,10,0,0,1,1,0,0,1,1,10.576194985592753,0.002777777777777778,3260.5,0,0,0.1
3261.0,10,0,0,1,1,0,0,1,1,10.577011803938092,0.002777777777777778,3261.0,0,0,0.1
3261.5,10,0,0,1,1,0,0,1,1,10.481920118267896,0.002777777777777778,3261.5,0,0,0.1
3262.0,10,0,0,1,1,0,0,1,1,10.444019587892123,0.002777777777777778,3262.0,0,0,0.1
3262.5,10,0,0,1,1,0,0,1,1,10.588164572016117,0.002777777777777778,3262.5,0,0,0.1
3263.0,10,0,0,1,1,0,0,1,1,10.523963565984754,0.002777777777777778,3263.0,0,0,0.1
3263.5,10,0,0,1,1,0,0,1,1,10.570069611376399,0.002777777777777778,3263.5,0,0,0.1
3264.0,10,0,0,1,1,0,0,1,1,10.518763722389718,0.002777777777777778,3264.0,0,0,0.1
3264.5,10,0,0,1,1,0,0,1,1,10.567292762249723,0.002777777777777778,3264.5,0,0,0.1
3265.0,10,0,0,1,1,0,0,1,1,10.451349635001984,0.002777777777777778,3265.0,0,0,0.1
3265.5,10,0,0,1,1,0,0,1,1,10.564360271095081,0.002777777777777778,3265.5,0,0,0.1
3266.0,10,0,0,1,1,0,0,1,1,10.515421522794075,0.002777777777777778,3266.0,0,0,0.1
3266.5,10,0,0,1,1,0,0,1,1,10.498225510781646,0.002777777777777778,3266.5,0,0,0.1
3267.0,10,0,0,1,1,0,0,1,1,10.556796068971758,0.002777777777777778,3267.0,0,0,0.1
3267.5,14,0,0,1,1,0,0,1,1,11.29143130125101,0.0038888888888888888,3267.5,0,0,0.14
3268.0,14,0,0,1,1,0,0,1,1,11.28031403390513,0.0038888888888888888,3268.0,0,0,0.14
3268.5,14,0,0,1,1,0,0,1,1,11.23431776187255,0.0038888888888888888,3268.5,0,0,0.14
3269.0,14,0,0,1,1,0,0,1,1,11.155086930761431,0.0038888888888888888,3269.0,0,0,0.14
3269.5,14,0,0,1,1,0,0,1,1,11.212234737205238,0.0038888888888888888,3269.5,0,0,0.14
3270.0,14,0,0,1,1,0,0,1,1,11.135869630792099,0.0038888888888888888,3270.0,0,0,0.14
3270.5,14,0,0,1,1,0,0,1,1,11.10860109103217,0.0038888888888888888,3270.5,0,0,0.14
3271.0,14,0,0,1,1,0,0,1,1,11.200420207334073,0.0038888888888888888,3271.0,0,0,0.14
3271.5,14,0,0,1,1,0,0,1,1,11.067388855879255,0.0038888888888888888,3271.5,0,0,0.14
3272.0,14,0,0,1,1,0,0,1,1,10.940434633959375,0.0038888888888888888,3272.0,0,0,0.14
3272.5,14,0,0,1,1,0,0,1,1,10.851232618552293,0.0038888888888888888,3272.5,0,0,0.14
3273.0,14,0,0,1,1,0,0,1,1,10.514246945033747,0.0038888888888888888,3273.0,0,0,0.14
3273.5,14,0,0,1,1,0,0,1,1,10.219974131859237,0.0038888888888888888,3273.5,0,0,0.14
3274.0,14,0,0,1,1,0,0,1,1,9.861725617533608,0.0038888888888888888,3274.0,0,0,0.14
3274.5,14,0,0,1,1,0,0,1,1,9.669151090659886,0.0038888888888888888,3274.5,0,0,0.14
3275.0,14,0,0,2,1,0,0,2,1,9.435435520042644,0.0038888888888888888,3275.0,0,0,0.14
3275.5,14,0,0,2,1,0,0,2,1,9.300736736935068,0.0038888888888888888,3275.5,0,0,0.14
3276.0,14,0,0,2,2,0,0,2,2,9.269059288194507,0.0038888888888888888,3276.0,0,0,0.14
3276.5,14,0,0,2,2,0,0,2,2,9.372960316377855,0.0038888888888888888,3276.5,0,0,0.14
3277.0,14,0,0,2,2,0,0,2,2,9.177020306826108,0.0038888888888888888,3277.0,0,0,0.14
3277.5,14,0,0,2,2,0,0,2,2,9.321349563904084,0.0038888888888888888,3277.5,0,0,0.14
3278.0,14,0,0,2,2,0,0,2,2,9.234969150496658,0.0038888888888888888,3278.0,0,0,0.14
3278.5,14,0,0,2,2,0,0,2,2,9.280709759237922,0.0038888888888888888,3278.5,0,0,0.14
3279.0,14,0,0,2,2,0,0,2,2,9.23010430097395,0.0038888888888888888,3279.0,0,0,0.14
3279.5,14,0,0,2,2,0,0,2,2,9.287678569243935,0.0038888888888888888,3279.5,0,0,0.14
3280.0,14,0,0,2,2,0,0,2,2,9.260330054509499,0.0038888888888888888,3280.0,0,0,0.14
3280.5,11,0,0,2,2,0,0,2,2,8.0290334753948,0.0030555555555555557,3280.5,0,0,0.11
3281.0,11,0,0,2,2,0,0,2,2,8.097999636568737,0.0030555555555555557,3281.0,0,0,0.11
3281.5,11,0,0,2,2,0,0,2,2,8.106473804132097,0.0030555555555555557,3281.5,0,0,0.11
3282.0,10,0,0,2,2,0,0,2,2,7.682035813830825,0.002777777777777778,3282.0,0,1,0.1
3282.5,10,0,0,2,2,0,0,2,2,7.520656895331141,0.002777777777777778,3282.5,0,1,0.1
3283.0,10,0,0,2,2,0,0,2,2,7.519172582453848,0.002777777777777778,3283.0,0,1,0.1
3283.5,10,0,0,2,2,0,0,2,2,7.568777809690017,0.002777777777777778,3283.5,0,1,0.1
3284.0,10,0,0,2,2,0,0,2,2,7.604918632607242,0.002777777777777778,3284.0,0,1,0.1
3284.5,10,0,0,2,2,0,0,2,2,7.577869458852602,0.002777777777777778,3284.5,0,1,0.1
3285.0,10,0,0,0,0,0,0,0,0,8.054289545425362,0.002777777777777778,3285.0,0,2,0.1
3285.5,10,0,0,0,0,0,0,0,0,8.442538800772772,0.002777777777777778,3285.5,0,2,0.1
3286.0,10,0,0,0,0,0,0,0,0,8.848117471438629,0.002777777777777778,3286.0,0,2,0.1
3286.5,10,0,0,0,0,0,0,0,0,9.189182940269848,0.002777777777777778,3286.5,0,2,0.1
3287.0,10,0,0,0,0,0,0,0,0,9.633497855671475,0.002777777777777778,3287.0,0,2,0.1
3287.5,10,0,0,0,0,0,0,0,0,9.99712517020179,0.002777777777777778,3287.5,0,2,0.1
3288.0,10,0,0,0,0,0,0,0,0,10.282789287697552,0.002777777777777778,3288.0,0,2,0.1
3288.5,10,0,0,0,0,0,0,0,0,10.706266228806953,0.002777777777777778,3288.5,0,2,0.1
3289.0,10,0,0,0,0,0,0,0,0,11.09136496879163,0.002777777777777778,3289.0,0,2,0.1
3289.5,10,0,0,0,0,0,0,0,0,11.48684830133806,0.002777777777777778,3289.5,0,2,0.1
3290.0,10,0,0,0,0,0,0,0,0,11.89682854824353,0.002777777777777778,3290.0,0,2,0.1
3290.5,10,0,0,0,0,0,0,0,0,12.27297481332792,0.002777777777777778,3290.5,0,2,0.1
3291.0,10,0,0,0,0,0,0,0,0,12.50647067307454,0.002777777777777778,3291.0,0,2,0.1
3291.5,10,0,0,0,0,0,0,0,0,12.760092690794087,0.002777777777777778,3291.5,0,2,0.1
3292.0,10,0,0,0,0,0,0,0,0,12.847513574661644,0.002777777777777778,3292.0,0,2,0.1
3292.5,10,0,0,0,0,0,0,0,0,12.800042336390547,0.002777777777777778,3292.5,0,2,0.1
3293.0,10,0,0,0,0,0,0,0,0,12.754510464933194,0.002777777777777778,3293.0,0,2,0.1
3293.5,10,0,0,0,0,0,0,0,0,12.896861633092124,0.002777777777777778,3293.5,0,2,0.1
3294.0,10,0,0,0,0,0,0,0,0,12.772088029896333,0.002777777777777778,3294.0,0,2,0.1
3294.5,10,0,0,0,0,0,0,0,0,12.817422151974824,0.002777777777777778,3294.5,0,2,0.1
3295.0,10,0,0,0,0,0,0,0,0,12.68503756595841,0.002777777777777778,3295.0,0,2,0.1
3295.5,10,0,0,0,0,0,0,0,0,12.733294756964973,0.002777777777777778,3295.5,0,2,0.1
3296.0,10,0,0,0,0,0,0,0,0,12.802202541697264,0.002777777777777778,3296.0,0,2,0.1
3296.5,10,0,0,0,0,0,0,0,0,12.749637106096563,0.002777777777777778,3296.5,0,2,0.1
3297.0,10,0,0,0,0,0,0,0,0,12.74346193325306,0.002777777777777778,3297.0,0,2,0.1
3297.5,14,0,0,0,0,0,0,0,0,12.91957857107359,0.0038888888888888888,3297.5,0,2,0.14
3298.0,14,0,0,0,0,0,0,0,0,12.726146658895617,0.0038888888888888888,3298.0,0,2,0.14
3298.5,14,0,0,0,0,0,0,0,0,12.86292357209253,0.0038888888888888888,3298.5,0,2,0.14
3299.0,14,0,0,0,0,0,0,0,0,12.836188336054972,0.0038888888888888888,3299.0,0,2,0.14
3299.5,14,0,0,0,0,0,0,0,0,12.813764995626553,0.0038888888888888888,3299.5,0,2,0.14
3300.0,14,0,0,0,0,0,0,0,0,12.84137180166999,0.0038888888888888888,3300.0,0,2,0.14
3300.5,14,0,0,0,0,0,0,0,0,12.813249773921955,0.0038888888888888888,3300.5,0,2,0.14
3301.0,14,0,0,0,0,0,0,0,0,12.745550648772271,0.0038888888888888888,3301.0,0,2,0.14
3301.5,14,0,0,0,0,0,0,0,0,12.755835394632614,0.0038888888888888888,3301.5,0,2,0.14
3302.0,14,0,0,0,0,0,0,0,0,12.678186468403576,0.0038888888888888888,3302.0,0,2,0.14
3302.5,14,0,0,0,0,0,0,0,0,12.686676947516114,0.0038888888888888888,3302.5,0,2,0.14
3303.0,14,0,0,0,0,0,0,0,0,12.483964937407013,0.0038888888888888888,3303.0,0,2,0.14
3303.5,14,0,0,0,0,0,0,0,0,12.35884565718644,0.0038888888888888888,3303.5,0,2,0.14
3304.0,14,0,0,0,0,0,0,0,0,12.122194104143308,0.0038888888888888888,3304.0,0,2,0.14
3304.5,14,0,0,0,0,0,0,0,0,12.007005711088313,0.0038888888888888888,3304.5,0,2,0.14
3305.0,14,0,1,0,0,0,1,0,0,11.859489546353391,0.0038888888888888888,3305.0,0,2,0.14
3305.5,14,0,1,0,0,0,1,0,0,11.80163527159549,0.0038888888888888888,3305.5,0,2,0.14
3306.0,14,0,1,0,0,0,1,0,0,11.789432623647874,0.0038888888888888888,3306.0,0,2,0.14
3306.5,14,0,1,0,0,0,1,0,0,11.853676056202445,0.0038888888888888888,3306.5,0,2,0.14
3307.0,14,0,1,0,0,0,1,0,0,11.851431813246517,0.0038888888888888888,3307.0,0,2,0.14
3307.5,14,0,1,0,0,0,1,0,0,11.900130499460316,0.0038888888888888888,3307.5,0,2,0.14
3308.0,14,0,1,0,0,0,1,0,0,11.916690272365543,0.0038888888888888888,3308.0,0,2,0.14
3308.5,14,0,1,0,0,0,1,0,0,11.826585998915816,0.0038888888888888888,3308.5,0,2,0.14
3309.0,14,0,1,0,0,0,1,0,0,11.85057735481281,0.0038888888888888888,3309.0,0,2,0.14
3309.5,14,0,1,0,0,0,1,0,0,11.83821833576157,0.0038888888888888888,3309.5,0,2,0.14
3310.0,14,0,1,0,0,0,1,0,0,11.769542604843634,0.0038888888888888888,3310.0,0,2,0.14
3310.5,13,0,1,0,0,0,1,0,0,11.742752408378808,0.003611111111111111,3310.5,0,2,0.13
3311.0,13,0,1,0,0,0,1,0,0,11.818984370029579,0.003611111111111111,3311.0,0,2,0.13
3311.5,13,0,1,0,0,0,1,0,0,11.603699545995848,0.003611111111111111,3311.5,0,2,0.13
3312.0,13,0,1,0,0,0,1,0,0,11.693000846789733,0.003611111111111111,3312.0,0,2,0.13
3312.5,13,0,1,0,0,0,1,0,0,11.748464989921125,0.003611111111111111,3312.5,0,2,0.13
3313.0,13,0,1,0,0,0,1,0,0,11.724928677026698,0.003611111111111111,3313.0,0,2,0.13
3313.5,13,0,1,0,0,0,1,0,0,11.77797466601762,0.003611111111111111,3313.5,0,2,0.13
3314.0,13,0,1,0,0,0,1,0,0,11.69108612161816,0.003611111111111111,3314.0,0,2,0.13
3314.5,13,0,1,0,0,0,1,0,0,11.396655146741569,0.003611111111111111,3314.5,0,2,0.13
3315.0,13,0,1,0,0,0,1,0,0,11.266425082014738,0.003611111111111111,3315.0,0,2,0.13
3315.5,13,0,1,0,0,0,1,0,0,11.073154556106248,0.003611111111111111,3315.5,0,2,0.13
3316.0,13,1,1,0,0,1,1,0,0,10.961329862626183,0.003611111111111111,3316.0,0,2,0.13
3316.5,13,1,1,0,0,1,1,0,0,10.92895999760921,0.003611111111111111,3316.5,0,2,0.13
3317.0,13,1,1,0,0,1,1,0,0,10.909844132765137,0.003611111111111111,3317.0,0,2,0.13
3317.5,13,1,1,0,0,1,1,0,0,10.968120238744193,0.003611111111111111,3317.5,0,2,0.13
3318.0,13,1,1,0,0,1,1,0,0,10.922973399889194,0.003611111111111111,3318.0,0,2,0.13
3318.5,13,1,1,0,0,1,1,0,0,10.869981873885733,0.003611111111111111,3318.5,0,2,0.13
3319.0,13,1,1,0,0,1,1,0,0,10.934032330895311,0.003611111111111111,3319.0,0,2,0.13
3319.5,13,1,1,0,0,1,1,0,0,10.892900678015318,0.003611111111111111,3319.5,0,2,0.13
3320.0,13,1,1,0,0,1,1,0,0,10.922216306126678,0.003611111111111111,3320.0,0,2,0.13
3320.5,13,1,1,0,0,1,1,0,0,10.881299885886724,0.003611111111111111,3320.5,0,2,0.13
3321.0,13,1,1,0,0,1,1,0,0,10.985875863221477,0.003611111111111111,3321.0,0,2,0.13
3321.5,13,1,1,0,0,1,1,0,0,10.92540821804479,0.003611111111111111,3321.5,0,2,0.13
3322.0,13,1,1,0,0,1,1,0,0,11.045335179463033,0.003611111111111111,3322.0,0,2,0.13
3322.5,13,1,1,0,0,1,1,0,0,10.9700028885277,0.003611111111111111,3322.5,0,2,0.13
3323.0,13,1,1,0,0,1,1,0,0,11.01935367474845,0.003611111111111111,3323.0,0,2,0.13
3323.5,13,1,1,0,0,1,1,0,0,10.934170161991384,0.003611111111111111,3323.5,0,2,0.13
3324.0,13,1,1,0,0,1,1,0,0,10.871975294873586,0.003611111111111111,3324.0,0,2,0.13
3324.5,13,1,1,0,0,1,1,0,0,10.829660843499473,0.003611111111111111,3324.5,0,2,0.13
3325.0,13,1,1,0,0,1,1,0,0,10.911873153050434,0.003611111111111111,3325.0,0,2,0.13
3325.5,12,1,1,0,0,1,1,0,0,10.752740879128615,0.0033333333333333335,3325.5,0,2,0.12
3326.0,10,1,1,0,0,1,1,0,0,10.374822776608573,0.002777777777777778,3326.0,0,2,0.1
3326.5,10,1,1,0,0,1,1,0,0,10.407569560923086,0.002777777777777778,3326.5,0,2,0.1
3327.0,9,1,1,0,0,1,1,0,0,9.94155946421703,0.0025,3327.0,0,3,0.09
3327.5,9,1,1,0,0,1,1,0,0,10.04126256945861,0.0025,3327.5,0,3,0.09
3328.0,13,1,1,0,0,1,1,0,0,11.006944227711987,0.003611111111111111,3328.0,0,3,0.13
3328.5,13,1,1,0,0,1,1,0,0,10.99850528260436,0.003611111111111111,3328.5,0,3,0.13
3329.0,13,1,1,0,0,1,1,0,0,10.992402670525241,0.003611111111111111,3329.0,0,3,0.13
3329.5,13,1,1,0,0,1,1,0,0,10.893764819151018,0.003611111111111111,3329.5,0,3,0.13
3330.0,13,0,0,0,0,0,0,0,0,11.052957906735589,0.003611111111111111,3330.0,0,0,0.13
3330.5,12,0,0,0,0,0,0,0,0,11.30969793317412,0.0033333333333333335,3330.5,0,0,0.12
3331.0,12,0,0,0,0,0,0,0,0,11.397981526402797,0.0033333333333333335,3331.0,0,0,0.12
3331.5,12,0,0,0,0,0,0,0,0,11.60561298419701,0.0033333333333333335,3331.5,0,0,0.12
3332.0,12,0,0,0,0,0,0,0,0,11.773708169983664,0.0033333333333333335,3332.0,0,0,0.12
3332.5,12,0,0,0,0,0,0,0,0,11.76874389626191,0.0033333333333333335,3332.5,0,0,0.12
3333.0,12,0,0,0,0,0,0,0,0,11.632533120867139,0.0033333333333333335,3333.0,0,0,0.12
3333.5,12,0,0,0,0,0,0,0,0,11.623649709636505,0.0033333333333333335,3333.5,0,0,0.12
3334.0,12,0,0,0,0,0,0,0,0,11.494939386439787,0.0033333333333333335,3334.0,0,0,0.12
3334.5,12,0,0,0,0,0,0,0,0,11.666656704086625,0.0033333333333333335,3334.5,0,0,0.12
3335.0,12,0,0,0,0,0,0,0,0,11.553889219184908,0.0033333333333333335,3335.0,0,0,0.12
3335.5,12,0,0,1,0,0,0,1,0,11.551871984773799,0.0033333333333333335,3335.5,0,0,0.12
3336.0,12,0,0,1,0,0,0,1,0,11.653708687630798,0.0033333333333333335,3336.0,0,0,0.12
3336.5,12,0,0,1,0,0,0,1,0,11.692635130537495,0.0033333333333333335,3336.5,0,0,0.12
3337.0,12,0,0,1,0,0,0,1,0,11.720614118003601,0.0033333333333333335,3337.0,0,0,0.12
3337.5,12,0,0,1,0,0,0,1,0,11.389146748253923,0.0033333333333333335,3337.5,0,0,0.12
3338.0,12,0,0,1,0,0,0,1,0,11.20961113986087,0.0033333333333333335,3338.0,0,0,0.12
3338.5,12,0,0,1,0,0,0,1,0,11.08929043638132,0.0033333333333333335,3338.5,0,0,0.12
3339.0,12,0,0,1,0,0,0,1,0,11.069483491443973,0.0033333333333333335,3339.0,0,0,0.12
3339.5,12,0,0,1,0,0,0,1,0,10.788717649699832,0.0033333333333333335,3339.5,0,0,0.12
3340.0,12,0,0,1,0,0,0,1,0,10.680854566189074,0.0033333333333333335,3340.0,0,0,0.12
3340.5,12,0,0,1,1,0,0,1,1,10.723512894493263,0.0033333333333333335,3340.5,0,0,0.12
3341.0,10,0,0,1,1,0,0,1,1,10.221632169989347,0.002777777777777778,3341.0,0,0,0.1
3341.5,10,0,0,1,1,0,0,1,1,10.29457751869027,0.002777777777777778,3341.5,0,0,0.1
3342.0,10,0,0,1,1,0,0,1,1,10.113961695997338,0.002777777777777778,3342.0,0,0,0.1
3342.5,10,0,0,1,1,0,0,1,1,10.189805551561356,0.002777777777777778,3342.5,0,0,0.1
3343.0,10,0,0,1,1,0,0,1,1,10.207249270940725,0.002777777777777778,3343.0,0,0,0.1
3343.5,10,0,0,1,1,0,0,1,1,10.20414809392189,0.002777777777777778,3343.5,0,0,0.1
3344.0,10,0,0,1,1,0,0,1,1,10.203035456553396,0.002777777777777778,3344.0,0,0,0.1
3344.5,10,0,0,1,1,0,0,1,1,10.135421811698532,0.002777777777777778,3344.5,0,0,0.1
3345.0,10,0,0,1,1,0,0,1,1,10.12792290468357,0.002777777777777778,3345.0,0,0,0.1
3345.5,10,0,0,1,1,0,0,1,1,10.167844693734137,0.002777777777777778,3345.5,0,0,0.1
3346.0,10,0,0,1,1,0,0,1,1,10.170629744016392,0.002777777777777778,3346.0,0,0,0.1
3346.5,10,0,0,1,1,0,0,1,1,10.101191363225286,0.002777777777777778,3346.5,0,0,0.1
3347.0,10,0,0,1,1,0,0,1,1,10.21198742770363,0.002777777777777778,3347.0,0,0,0.1
3347.5,10,0,0,1,1,0,0,1,1,10.16110416144721,0.002777777777777778,3347.5,0,0,0.1
3348.0,10,0,0,1,1,0,0,1,1,10.176806653303853,0.002777777777777778,3348.0,0,0,0.1
3348.5,10,0,0,1,1,0,0,1,1,10.254140677253078,0.002777777777777778,3348.5,0,0,0.1
3349.0,10,0,0,1,1,0,0,1,1,10.16735715547117,0.002777777777777778,3349.0,0,0,0.1
3349.5,10,0,0,1,1,0,0,1,1,10.17639762481797,0.002777777777777778,3349.5,0,0,0.1
3350.0,10,0,0,1,1,0,0,1,1,10.14649679600733,0.002777777777777778,3350.0,0,0,0.1
3350.5,10,0,0,1,1,0,0,1,1,10.072757425403749,0.002777777777777778,3350.5,0,0,0.1
3351.0,10,0,0,1,1,0,0,1,1,10.277145051013274,0.002777777777777778,3351.0,0,0,0.1
3351.5,10,0,0,1,1,0,0,1,1,10.194502028720514,0.002777777777777778,3351.5,0,0,0.1
3352.0,10,0,0,1,1,0,0,1,1,10.168007059991421,0.002777777777777778,3352.0,0,0,0.1
3352.5,10,0,0,1,1,0,0,1,1,10.154581692896379,0.002777777777777778,3352.5,0,0,0.1
3353.0,10,0,0,1,1,0,0,1,1,10.131960550325518,0.002777777777777778,3353.0,0,0,0.1
3353.5,10,0,0,1,1,0,0,1,1,10.125786234126487,0.002777777777777778,3353.5,0,0,0.1
3354.0,10,0,0,1,1,0,0,1,1,10.182061414780389,0.002777777777777778,3354.0,0,0,0.1
3354.5,10,0,0,1,1,0,0,1,1,10.111539475783998,0.002777777777777778,3354.5,0,0,0.1
3355.0,10,0,0,1,1,0,0,1,1,10.092222139596768,0.002777777777777778,3355.0,0,0,0.1
3355.5,10,0,0,1,1,0,0,1,1,10.106004076191518,0.002777777777777778,3355.5,0,0,0.1
3356.0,10,0,0,1,1,0,0,1,1,10.241678824904437,0.002777777777777778,3356.0,0,0,0.1
3356.5,10,0,0,1,1,0,0,1,1,10.160561518080128,0.002777777777777778,3356.5,0,0,0.1
3357.0,10,0,0,1,1,0,0,1,1,10.186963090329725,0.002777777777777778,3357.0,0,0,0.1
3357.5,10,0,0,1,1,0,0,1,1,10.174733160579404,0.002777777777777778,3357.5,0,0,0.1
3358.0,14,0,0,1,1,0,0,1,1,11.20300874049566,0.0038888888888888888,3358.0,0,0,0.14
3358.5,14,0,0,1,1,0,0,1,1,10.986690672625622,0.0038888888888888888,3358.5,0,0,0.14
3359.0,14,0,0,1,1,0,0,1,1,11.036257560288968,0.0038888888888888888,3359.0,0,0,0.14
3359.5,14,0,0,1,1,0,0,1,1,11.016305185364391,0.0038888888888888888,3359.5,0,0,0.14
3360.0,14,0,0,1,1,0,0,1,1,11.030141769928061,0.0038888888888888888,3360.0,0,0,0.14
3360.5,14,0,0,1,1,0,0,1,1,11.06344560680003,0.0038888888888888888,3360.5,0,0,0.14
3361.0,14,0,0,1,1,0,0,1,1,11.025823588642426,0.0038888888888888888,3361.0,0,0,0.14
3361.5,14,0,0,1,1,0,0,1,1,11.01196951853484,0.0038888888888888888,3361.5,0,0,0.14
3362.0,14,0,0,1,1,0,0,1,1,11.028413868224584,0.0038888888888888888,3362.0,0,0,0.14
3362.5,14,0,0,1,1,0,0,1,1,11.069765188500654,0.0038888888888888888,3362.5,0,0,0.14
3363.0,14,0,0,1,1,0,0,1,1,11.046531180687083,0.0038888888888888888,3363.0,0,0,0.14
3363.5,14,0,0,1,1,0,0,1,1,11.086117433948411,0.0038888888888888888,3363.5,0,0,0.14
3364.0,14,0,0,1,1,0,0,1,1,10.962462847500808,0.0038888888888888888,3364.0,0,0,0.14
3364.5,14,0,0,1,1,0,0,1,1,11.095577346416956,0.0038888888888888888,3364.5,0,0,0.14
3365.0,14,0,0,1,1,0,0,1,1,11.111859345415875,0.0038888888888888888,3365.0,0,0,0.14
3365.5,14,0,0,1,1,0,0,1,1,11.011691716441296,0.0038888888888888888,3365.5,0,0,0.14
3366.0,14,0,0,1,1,0,0,1,1,10.870784540974082,0.0038888888888888888,3366.0,0,0,0.14
3366.5,14,0,0,1,1,0,0,1,1,10.817545899037752,0.0038888888888888888,3366.5,0,0,0.14
3367.0,14,0,0,1,1,0,0,1,1,10.485128638143541,0.0038888888888888888,3367.0,0,0,0.14
3367.5,14,0,0,1,1,0,0,1,1,10.199374030133535,0.0038888888888888888,3367.5,0,0,0.14
3368.0,14,0,0,1,1,0,0,1,1,9.900363526094708,0.0038888888888888888,3368.0,0,0,0.14
3368.5,14,0,0,1,1,0,0,1,1,9.65413586613918,0.0038888888888888888,3368.5,0,0,0.14
3369.0,14,0,0,2,1,0,0,2,1,9.517477175164942,0.0038888888888888888,3369.0,0,0,0.14
3369.5,14,0,0,2,1,0,0,2,1,9.345718385664242,0.0038888888888888888,3369.5,0,0,0.14
3370.0,14,0,0,2,2,0,0,2,2,9.383992344422564,0.0038888888888888888,3370.0,0,0,0.14
3370.5,13,0,0,2,2,0,0,2,2,8.967030685102396,0.003611111111111111,3370.5,0,0,0.13
3371.0,12,0,0,2,2,0,0,2,2,8.57697493351201,0.0033333333333333335,3371.0,0,0,0.12
3371.5,12,0,0,2,2,0,0,2,2,8.628256719154894,0.0033333333333333335,3371.5,0,0,0.12
3372.0,12,0,0,2,2,0,0,2,2,8.57121121168021,0.0033333333333333335,3372.0,0,1,0.12
3372.5,12,0,0,2,2,0,0,2,2,8.560309133339137,0.0033333333333333335,3372.5,0,1,0.12
3373.0,12,0,0,2,2,0,0,2,2,8.528971851682103,0.0033333333333333335,3373.0,0,1,0.12
3373.5,12,0,0,2,2,0,0,2,2,8.608890595487908,0.0033333333333333335,3373.5,0,1,0.12
3374.0,12,0,0,2,2,0,0,2,2,8.6619743530008,0.0033333333333333335,3374.0,0,1,0.12
3374.5,12,0,0,2,2,0,0,2,2,8.673701030634893,0.0033333333333333335,3374.5,0,1,0.12
3375.0,12,0,0,0,0,0,0,0,0,9.051160913586509,0.0033333333333333335,3375.0,0,2,0.12
3375.5,12,0,0,0,0,0,0,0,0,9.38458205985382,0.0033333333333333335,3375.5,0,2,0.12
3376.0,12,0,0,0,0,0,0,0,0,9.603241081144963,0.0033333333333333335,3376.0,0,2,0.12
3376.5,12,0,0,0,0,0,0,0,0,10.001147693876907,0.0033333333333333335,3376.5,0,2,0.12
3377.0,11,0,0,0,0,0,0,0,0,10.10017851778855,0.0030555555555555557,3377.0,0,2,0.11
3377.5,11,0,0,0,0,0,0,0,0,10.49994356808336,0.0030555555555555557,3377.5,0,2,0.11
3378.0,11,0,0,0,0,0,0,0,0,10.767279234533818,0.0030555555555555557,3378.0,0,2,0.11
3378.5,11,0,0,0,0,0,0,0,0,11.19976268367396,0.0030555555555555557,3378.5,0,2,0.11
3379.0,11,0,0,0,0,0,0,0,0,11.449488422363475,0.0030555555555555557,3379.0,0,2,0.11
3379.5,11,0,0,0,0,0,0,0,0,11.912694298644242,0.0030555555555555557,3379.5,0,2,0.11
3380.0,11,0,0,0,0,0,0,0,0,12.21204194354146,0.0030555555555555557,3380.0,0,2,0.11
3380.5,11,0,0,0,0,0,0,0,0,12.413533974532486,0.0030555555555555557,3380.5,0,2,0.11
3381.0,11,0,0,0,0,0,0,0,0,12.758268421480073,0.0030555555555555557,3381.0,0,2,0.11
3381.5,11,0,0,0,0,0,0,0,0,12.753919318594843,0.0030555555555555557,3381.5,0,2,0.11
3382.0,10,0,0,0,0,0,0,0,0,13.152124264973201,0.002777777777777778,3382.0,0,2,0.1
3382.5,10,0,0,0,0,0,0,0,0,12.934495047782068,0.002777777777777778,3382.5,0,2,0.1
3383.0,10,0,0,0,0,0,0,0,0,13.005344794414224,0.002777777777777778,3383.0,0,2,0.1
3383.5,10,0,0,0,0,0,0,0,0,13.059405978590467,0.002777777777777778,3383.5,0,2,0.1
3384.0,10,0,0,0,0,0,0,0,0,13.073223758380147,0.002777777777777778,3384.0,0,2,0.1
3384.5,10,0,0,0,0,0,0,0,0,13.04036612191888,0.002777777777777778,3384.5,0,2,0.1
3385.0,10,0,0,0,0,0,0,0,0,13.019300314490204,0.002777777777777778,3385.0,0,2,0.1
3385.5,10,0,0,0,0,0,0,0,0,13.033465082358555,0.002777777777777778,3385.5,0,2,0.1
3386.0,10,0,0,0,0,0,0,0,0,13.046948006037374,0.002777777777777778,3386.0,0,2,0.1
3386.5,10,0,0,0,0,0,0,0,0,13.068735905432359,0.002777777777777778,3386.5,0,2,0.1
3387.0,10,0,0,0,0,0,0,0,0,12.975356675266042,0.002777777777777778,3387.0,0,2,0.1
3387.5,10,0,0,0,0,0,0,0,0,13.032696599622245,0.002777777777777778,3387.5,0,2,0.1
3388.0,10,0,0,0,0,0,0,0,0,12.897316978793345,0.002777777777777778,3388.0,0,2,0.1
3388.5,14,0,0,0,0,0,0,0,0,13.014808637941538,0.0038888888888888888,3388.5,0,2,0.14
3389.0,14,0,0,0,0,0,0,0,0,12.94623353439468,0.0038888888888888888,3389.0,0,2,0.14
3389.5,14,0,0,0,0,0,0,0,0,12.947431171443494,0.0038888888888888888,3389.5,0,2,0.14
3390.0,14,0,0,0,0,0,0,0,0,13.042167240767924,0.0038888888888888888,3390.0,0,2,0.14
3390.5,14,0,0,0,0,0,0,0,0,12.915225915038707,0.0038888888888888888,3390.5,0,2,0.14
3391.0,14,0,0,0,0,0,0,0,0,12.875679018901447,0.0038888888888888888,3391.0,0,2,0.14
3391.5,14,0,0,0,0,0,0,0,0,12.954402543310026,0.0038888888888888888,3391.5,0,2,0.14
3392.0,14,0,0,0,0,0,0,0,0,12.961830970183465,0.0038888888888888888,3392.0,0,2,0.14
3392.5,14,0,0,0,0,0,0,0,0,12.891477946771298,0.0038888888888888888,3392.5,0,2,0.14
3393.0,14,0,0,0,0,0,0,0,0,12.616004367209493,0.0038888888888888888,3393.0,0,2,0.14
3393.5,14,0,0,0,0,0,0,0,0,12.304363255300663,0.0038888888888888888,3393.5,0,2,0.14
3394.0,14,0,0,0,0,0,0,0,0,12.021652977806122,0.0038888888888888888,3394.0,0,2,0.14
3394.5,14,0,0,0,0,0,0,0,0,11.680411098442653,0.0038888888888888888,3394.5,0,2,0.14
3395.0,14,0,0,0,0,0,0,0,0,11.307288462740217,0.0038888888888888888,3395.0,0,2,0.14
3395.5,14,1,0,0,0,1,0,0,0,11.008446173972045,0.0038888888888888888,3395.5,0,2,0.14
3396.0,14,1,1,0,0,1,1,0,0,11.088866930978407,0.0038888888888888888,3396.0,0,2,0.14
3396.5,14,1,1,0,0,1,1,0,0,11.021752587216767,0.0038888888888888888,3396.5,0,2,0.14
3397.0,14,1,1,0,0,1,1,0,0,10.966751071809407,0.0038888888888888888,3397.0,0,2,0.14
3397.5,14,1,1,0,0,1,1,0,0,10.974803358202019,0.0038888888888888888,3397.5,0,2,0.14
3398.0,14,1,1,0,0,1,1,0,0,10.981580356666003,0.0038888888888888888,3398.0,0,2,0.14
3398.5,14,1,1,0,0,1,1,0,0,10.913932811868326,0.0038888888888888888,3398.5,0,2,0.14
3399.0,14,1,1,0,0,1,1,0,0,11.056160605127076,0.0038888888888888888,3399.0,0,2,0.14
3399.5,14,1,1,0,0,1,1,0,0,11.015449833487775,0.0038888888888888888,3399.5,0,2,0.14
3400.0,14,1,1,0,0,1,1,0,0,10.994473945938532,0.0038888888888888888,3400.0,0,2,0.14
3400.5,14,1,1,0,0,1,1,0,0,11.001236948184186,0.0038888888888888888,3400.5,0,2,0.14
3401.0,14,1,1,0,0,1,1,0,0,11.01323515546593,0.0038888888888888888,3401.0,0,2,0.14
3401.5,12,1,1,0,0,1,1,0,0,10.601782017698687,0.0033333333333333335,3401.5,0,2,0.12
3402.0,12,1,1,0,0,1,1,0,0,10.542802893888263,0.0033333333333333335,3402.0,0,2,0.12
3402.5,12,1,1,0,0,1,1,0,0,10.507187700202552,0.0033333333333333335,3402.5,0,2,0.12
3403.0,12,1,1,0,0,1,1,0,0,10.582174320221936,0.0033333333333333335,3403.0,0,2,0.12
3403.5,12,1,1,0,0,1,1,0,0,10.652318168980438,0.0033333333333333335,3403.5,0,2,0.12
3404.0,12,1,1,0,0,1,1,0,0,10.66616368279387,0.0033333333333333335,3404.0,0,2,0.12
3404.5,12,1,1,0,0,1,1,0,0,10.616600548564088,0.0033333333333333335,3404.5,0,2,0.12
3405.0,12,1,1,0,0,1,1,0,0,10.644602372135287,0.0033333333333333335,3405.0,0,2,0.12
3405.5,12,1,1,0,0,1,1,0,0,10.587625315516506,0.0033333333333333335,3405.5,0,2,0.12
3406.0,12,1,1,0,0,1,1,0,0,10.561669482357507,0.0033333333333333335,3406.0,0,2,0.12
3406.5,12,1,1,0,0,1,1,0,0,10.623622756152395,0.0033333333333333335,3406.5,0,2,0.12
3407.0,12,1,1,0,0,1,1,0,0,10.639783504661386,0.0033333333333333335,3407.0,0,2,0.12
3407.5,12,1,1,0,0,1,1,0,0,10.690616943286363,0.0033333333333333335,3407.5,0,2,0.12
3408.0,12,1,1,0,0,1,1,0,0,10.656520228975394,0.0033333333333333335,3408.0,0,2,0.12
3408.5,12,1,1,0,0,1,1,0,0,10.688741448945386,0.0033333333333333335,3408.5,0,2,0.12
3409.0,12,1,1,0,0,1,1,0,0,10.716960670669815,0.0033333333333333335,3409.0,0,2,0.12
3409.5,12,1,1,0,0,1,1,0,0,10.620858422216475,0.0033333333333333335,3409.5,0,2,0.12
3410.0,12,1,1,0,0,1,1,0,0,10.578153428007324,0.0033333333333333335,3410.0,0,2,0.12
3410.5,12,1,1,0,0,1,1,0,0,10.629058517129375,0.0033333333333333335,3410.5,0,2,0.12
3411.0,12,1,1,0,0,1,1,0,0,10.580987659570935,0.0033333333333333335,3411.0,0,2,0.12
3411.5,12,1,1,0,0,1,1,0,0,10.629728252289178,0.0033333333333333335,3411.5,0,2,0.12
3412.0,12,1,1,0,0,1,1,0,0,10.635125735314622,0.0033333333333333335,3412.0,0,2,0.12
3412.5,12,1,1,0,0,1,1,0,0,10.586591465114246,0.0033333333333333335,3412.5,0,2,0.12
3413.0,12,1,1,0,0,1,1,0,0,10.454425261525534,0.0033333333333333335,3413.0,0,2,0.12
3413.5,12,1,1,0,0,1,1,0,0,10.63600117587855,0.0033333333333333335,3413.5,0,2,0.12
3414.0,12,1,1,0,0,1,1,0,0,10.577461408952582,0.0033333333333333335,3414.0,0,2,0.12
3414.5,12,1,1,0,0,1,1,0,0,10.467255223219224,0.0033333333333333335,3414.5,0,2,0.12
3415.0,12,1,1,0,0,1,1,0,0,10.64004328779102,0.0033333333333333335,3415.0,0,2,0.12
3415.5,11,1,1,0,0,1,1,0,0,10.324962320603156,0.0030555555555555557,3415.5,0,2,0.11
3416.0,11,1,1,0,0,1,1,0,0,10.296443777185335,0.0030555555555555557,3416.0,0,2,0.11
3416.5,11,1,1,0,0,1,1,0,0,10.34783753275831,0.0030555555555555557,3416.5,0,2,0.11
3417.0,11,1,1,0,0,1,1,0,0,10.305532088507496,0.0030555555555555557,3417.0,0,3,0.11
3417.5,11,1,1,0,0,1,1,0,0,10.319173855528213,0.0030555555555555557,3417.5,0,3,0.11
3418.0,11,1,1,0,0,1,1,0,0,10.354857357179725,0.0030555555555555557,3418.0,0,3,0.11
3418.5,14,1,1,0,0,1,1,0,0,9.991560402985858,0.0038888888888888888,3418.5,0,3,0.14
3419.0,14,1,1,0,0,1,1,0,0,10.147179759969955,0.0038888888888888888,3419.0,0,3,0.14
3419.5,13,1,1,0,0,1,1,0,0,10.080228739304165,0.003611111111111111,3419.5,0,3,0.13
3420.0,13,0,0,0,0,0,0,0,0,10.48226229939859,0.003611111111111111,3420.0,0,0,0.13
3420.5,12,0,0,0,0,0,0,0,0,10.661637677972267,0.0033333333333333335,3420.5,0,0,0.12
3421.0,12,0,0,0,0,0,0,0,0,10.955951586942959,0.0033333333333333335,3421.0,0,0,0.12
3421.5,12,0,0,0,0,0,0,0,0,11.27665899730826,0.0033333333333333335,3421.5,0,0,0.12
3422.0,12,0,0,0,0,0,0,0,0,11.459527972548145,0.0033333333333333335,3422.0,0,0,0.12
3422.5,12,0,0,0,0,0,0,0,0,11.636693808498434,0.0033333333333333335,3422.5,0,0,0.12
3423.0,12,0,0,0,0,0,0,0,0,11.671144221152588,0.0033333333333333335,3423.0,0,0,0.12
3423.5,12,0,0,0,0,0,0,0,0,11.720150140375424,0.0033333333333333335,3423.5,0,0,0.12
3424.0,12,0,0,0,0,0,0,0,0,11.700569220758036,0.0033333333333333335,3424.0,0,0,0.12
3424.5,12,0,0,0,0,0,0,0,0,11.777836253492659,0.0033333333333333335,3424.5,0,0,0.12
3425.0,12,0,0,0,0,0,0,0,0,11.624830313924848,0.0033333333333333335,3425.0,0,0,0.12
3425.5,12,0,0,0,0,0,0,0,0,11.553404568724417,0.0033333333333333335,3425.5,0,0,0.12
3426.0,12,0,0,0,0,0,0,0,0,11.55453322930886,0.0033333333333333335,3426.0,0,0,0.12
3426.5,12,0,0,1,0,0,0,1,0,11.718900849602337,0.0033333333333333335,3426.5,0,0,0.12
3427.0,12,0,0,1,0,0,0,1,0,11.834070961141448,0.0033333333333333335,3427.0,0,0,0.12
3427.5,12,0,0,1,0,0,0,1,0,11.744005490852404,0.0033333333333333335,3427.5,0,0,0.12
3428.0,12,0,0,1,0,0,0,1,0,11.779785789388074,0.0033333333333333335,3428.0,0,0,0.12
3428.5,12,0,0,1,0,0,0,1,0,11.656307541693856,0.0033333333333333335,3428.5,0,0,0.12
3429.0,12,0,0,1,0,0,0,1,0,11.55285589329955,0.0033333333333333335,3429.0,0,0,0.12
3429.5,12,0,0,1,0,0,0,1,0,11.299739287508793,0.0033333333333333335,3429.5,0,0,0.12
3430.0,12,0,0,1,0,0,0,1,0,11.184575240653922,0.0033333333333333335,3430.0,0,0,0.12
3430.5,12,0,0,1,0,0,0,1,0,10.95073086554222,0.0033333333333333335,3430.5,0,0,0.12
3431.0,12,0,0,1,1,0,0,1,1,10.682965557114684,0.0033333333333333335,3431.0,0,0,0.12
3431.5,12,0,0,1,1,0,0,1,1,10.822271086660374,0.0033333333333333335,3431.5,0,0,0.12
3432.0,12,0,0,1,1,0,0,1,1,10.79883738889113,0.0033333333333333335,3432.0,0,0,0.12
3432.5,12,0,0,1,1,0,0,1,1,10.757327872886597,0.0033333333333333335,3432.5,0,0,0.12
3433.0,12,0,0,1,1,0,0,1,1,10.67848058273601,0.0033333333333333335,3433.0,0,0,0.12
3433.5,12,0,0,1,1,0,0,1,1,10.655149830357137,0.0033333333333333335,3433.5,0,0,0.12
3434.0,11,0,0,1,1,0,0,1,1,10.655694572082336,0.0030555555555555557,3434.0,0,0,0.11
3434.5,11,0,0,1,1,0,0,1,1,10.48873640178495,0.0030555555555555557,3434.5,0,0,0.11
3435.0,10,0,0,1,1,0,0,1,1,10.285738707620528,0.002777777777777778,3435.0,0,0,0.1
3435.5,10,0,0,1,1,0,0,1,1,10.310477537667953,0.002777777777777778,3435.5,0,0,0.1
3436.0,10,0,0,1,1,0,0,1,1,10.356582952335353,0.002777777777777778,3436.0,0,0,0.1
3436.5,10,0,0,1,1,0,0,1,1,10.275689888637622,0.002777777777777778,3436.5,0,0,0.1
3437.0,10,0,0,1,1,0,0,1,1,10.253423435985221,0.002777777777777778,3437.0,0,0,0.1
3437.5,10,0,0,1,1,0,0,1,1,10.27379108036204,0.002777777777777778,3437.5,0,0,0.1
3438.0,10,0,0,1,1,0,0,1,1,10.27791332217317,0.002777777777777778,3438.0,0,0,0.1
3438.5,10,0,0,1,1,0,0,1,1,10.325696270870155,0.002777777777777778,3438.5,0,0,0.1
3439.0,10,0,0,1,1,0,0,1,1,10.292437767957214,0.002777777777777778,3439.0,0,0,0.1
3439.5,10,0,0,1,1,0,0,1,1,10.424378264478053,0.002777777777777778,3439.5,0,0,0.1
3440.0,10,0,0,1,1,0,0,1,1,10.309417567438555,0.002777777777777778,3440.0,0,0,0.1
3440.5,10,0,0,1,1,0,0,1,1,10.236587761715398,0.002777777777777778,3440.5,0,0,0.1
3441.0,10,0,0,1,1,0,0,1,1,10.284932861691683,0.002777777777777778,3441.0,0,0,0.1
3441.5,10,0,0,1,1,0,0,1,1,10.247081224264454,0.002777777777777778,3441.5,0,0,0.1
3442.0,10,0,0,1,1,0,0,1,1,10.3411857796231,0.002777777777777778,3442.0,0,0,0.1
3442.5,10,0,0,1,1,0,0,1,1,10.299705737067033,0.002777777777777778,3442.5,0,0,0.1
3443.0,10,0,0,1,1,0,0,1,1,10.303485520251904,0.002777777777777778,3443.0,0,0,0.1
3443.5,10,0,0,1,1,0,0,1,1,10.24129055182251,0.002777777777777778,3443.5,0,0,0.1
3444.0,10,0,0,1,1,0,0,1,1,10.358515048976166,0.002777777777777778,3444.0,0,0,0.1
3444.5,10,0,0,1,1,0,0,1,1,10.23524725469213,0.002777777777777778,3444.5,0,0,0.1
3445.0,10,0,0,1,1,0,0,1,1,10.195929287005326,0.002777777777777778,3445.0,0,0,0.1
3445.5,10,0,0,1,1,0,0,1,1,10.30118806260905,0.002777777777777778,3445.5,0,0,0.1
3446.0,10,0,0,1,1,0,0,1,1,10.283338436008544,0.002777777777777778,3446.0,0,0,0.1
3446.5,10,0,0,1,1,0,0,1,1,10.35995028926443,0.002777777777777778,3446.5,0,0,0.1
3447.0,10,0,0,1,1,0,0,1,1,10.352591464324266,0.002777777777777778,3447.0,0,0,0.1
3447.5,10,0,0,1,1,0,0,1,1,10.322625408538494,0.002777777777777778,3447.5,0,0,0.1
3448.0,10,0,0,1,1,0,0,1,1,10.293327763950563,0.002777777777777778,3448.0,0,0,0.1
3448.5,10,0,0,1,1,0,0,1,1,10.26173342665226,0.002777777777777778,3448.5,0,0,0.1
3449.0,14,0,0,1,1,0,0,1,1,10.902168773257651,0.0038888888888888888,3449.0,0,0,0.14
3449.5,14,0,0,1,1,0,0,1,1,10.853049113019313,0.0038888888888888888,3449.5,0,0,0.14
3450.0,14,0,0,1,1,0,0,1,1,10.74797823848114,0.0038888888888888888,3450.0,0,0,0.14
3450.5,14,0,0,1,1,0,0,1,1,10.84517573995394,0.0038888888888888888,3450.5,0,0,0.14
3451.0,14,0,0,1,1,0,0,1,1,10.82686123851781,0.0038888888888888888,3451.0,0,0,0.14
3451.5,14,0,0,1,1,0,0,1,1,10.772994313063046,0.0038888888888888888,3451.5,0,0,0.14
3452.0,14,0,0,1,1,0,0,1,1,10.829489438554182,0.0038888888888888888,3452.0,0,0,0.14
3452.5,14,0,0,1,1,0,0,1,1,10.68128167293548,0.0038888888888888888,3452.5,0,0,0.14
3453.0,14,0,0,1,1,0,0,1,1,10.830279240294004,0.0038888888888888888,3453.0,0,0,0.14
3453.5,14,0,0,1,1,0,0,1,1,10.730101694185382,0.0038888888888888888,3453.5,0,0,0.14
3454.0,14,0,0,1,1,0,0,1,1,10.544562138829706,0.0038888888888888888,3454.0,0,0,0.14
3454.5,14,0,0,1,1,0,0,1,1,10.305800345479804,0.0038888888888888888,3454.5,0,0,0.14
3455.0,14,0,0,1,1,0,0,1,1,10.012511928375838,0.0038888888888888888,3455.0,0,0,0.14
3455.5,14,0,0,1,1,0,0,1,1,9.611273877002436,0.0038888888888888888,3455.5,0,0,0.14
3456.0,14,0,0,1,1,0,0,1,1,9.254647486290933,0.0038888888888888888,3456.0,0,0,0.14
3456.5,14,0,0,1,1,0,0,1,1,9.086326129895697,0.0038888888888888888,3456.5,0,0,0.14
3457.0,14,0,0,2,1,0,0,2,1,8.954666569645392,0.0038888888888888888,3457.0,0,0,0.14
3457.5,14,0,0,2,2,0,0,2,2,8.87924559209953,0.0038888888888888888,3457.5,0,0,0.14
3458.0,14,0,0,2,2,0,0,2,2,8.865470751972934,0.0038888888888888888,3458.0,0,0,0.14
3458.5,14,0,0,2,2,0,0,2,2,8.904910996255653,0.0038888888888888888,3458.5,0,0,0.14
3459.0,14,0,0,2,2,0,0,2,2,8.852017940882378,0.0038888888888888888,3459.0,0,0,0.14
3459.5,14,0,0,2,2,0,0,2,2,8.871802056204613,0.0038888888888888888,3459.5,0,0,0.14
3460.0,14,0,0,2,2,0,0,2,2,8.937922431420985,0.0038888888888888888,3460.0,0,0,0.14
3460.5,13,0,0,2,2,0,0,2,2,8.564045618146569,0.003611111111111111,3460.5,0,0,0.13
3461.0,12,0,0,2,2,0,0,2,2,8.172684876425794,0.0033333333333333335,3461.0,0,0,0.12
3461.5,12,0,0,2,2,0,0,2,2,8.117800476639745,0.0033333333333333335,3461.5,0,0,0.12
3462.0,11,0,0,2,2,0,0,2,2,7.531292686140696,0.0030555555555555557,3462.0,0,1,0.11
3462.5,11,0,0,2,2,0,0,2,2,7.582657587960257,0.0030555555555555557,3462.5,0,1,0.11
3463.0,11,0,0,2,2,0,0,2,2,7.60542691251371,0.0030555555555555557,3463.0,0,1,0.11
3463.5,11,0,0,2,2,0,0,2,2,7.651214131836971,0.0030555555555555557,3463.5,0,1,0.11
3464.0,11,0,0,2,2,0,0,2,2,7.648726211291634,0.0030555555555555557,3464.0,0,1,0.11
3464.5,11,0,0,2,2,0,0,2,2,7.566068864890227,0.0030555555555555557,3464.5,0,1,0.11
3465.0,11,0,0,0,0,0,0,0,0,8.010696160205642,0.0030555555555555557,3465.0,0,2,0.11
3465.5,11,0,0,0,0,0,0,0,0,8.354050351185593,0.0030555555555555557,3465.5,0,2,0.11
3466.0,11,0,0,0,0,0,0,0,0,8.780926609888587,0.0030555555555555557,3466.0,0,2,0.11
3466.5,11,0,0,0,0,0,0,0,0,9.054844680284022,0.0030555555555555557,3466.5,0,2,0.11
3467.0,11,0,0,0,0,0,0,0,0,9.438343990393573,0.0030555555555555557,3467.0,0,2,0.11
3467.5,11,0,0,0,0,0,0,0,0,9.724932798946952,0.0030555555555555557,3467.5,0,2,0.11
3468.0,11,0,0,0,0,0,0,0,0,10.13643921004786,0.0030555555555555557,3468.0,0,2,0.11
3468.5,11,0,0,0,0,0,0,0,0,10.552731716157105,0.0030555555555555557,3468.5,0,2,0.11
3469.0,11,0,0,0,0,0,0,0,0,10.773453794526105,0.0030555555555555557,3469.0,0,2,0.11
3469.5,11,0,0,0,0,0,0,0,0,11.22151771397698,0.0030555555555555557,3469.5,0,2,0.11
3470.0,11,0,0,0,0,0,0,0,0,11.532762298258318,0.0030555555555555557,3470.0,0,2,0.11
3470.5,11,0,0,0,0,0,0,0,0,11.895107546986402,0.0030555555555555557,3470.5,0,2,0.11
3471.0,11,0,0,0,0,0,0,0,0,12.043183813359137,0.0030555555555555557,3471.0,0,2,0.11
3471.5,10,0,0,0,0,0,0,0,0,12.307519918400931,0.002777777777777778,3471.5,0,2,0.1
3472.0,10,0,0,0,0,0,0,0,0,12.277157925637578,0.002777777777777778,3472.0,0,2,0.1
3472.5,10,0,0,0,0,0,0,0,0,12.40048138561852,0.002777777777777778,3472.5,0,2,0.1
3473.0,10,0,0,0,0,0,0,0,0,12.322586627552123,0.002777777777777778,3473.0,0,2,0.1
3473.5,10,0,0,0,0,0,0,0,0,12.535899702702489,0.002777777777777778,3473.5,0,2,0.1
3474.0,10,0,0,0,0,0,0,0,0,12.394065759221162,0.002777777777777778,3474.0,0,2,0.1
3474.5,10,0,0,0,0,0,0,0,0,12.384430263145664,0.002777777777777778,3474.5,0,2,0.1
3475.0,10,0,0,0,0,0,0,0,0,12.44707929028508,0.002777777777777778,3475.0,0,2,0.1
3475.5,10,0,0,0,0,0,0,0,0,12.372184398648866,0.002777777777777778,3475.5,0,2,0.1
3476.0,10,0,0,0,0,0,0,0,0,12.338553694593326,0.002777777777777778,3476.0,0,2,0.1
3476.5,10,0,0,0,0,0,0,0,0,12.35843137156528,0.002777777777777778,3476.5,0,2,0.1
3477.0,10,0,0,0,0,0,0,0,0,12.369481156627485,0.002777777777777778,3477.0,0,2,0.1
3477.5,10,0,0,0,0,0,0,0,0,12.345953642902499,0.002777777777777778,3477.5,0,2,0.1
3478.0,10,0,0,0,0,0,0,0,0,12.319406864859236,0.002777777777777778,3478.0,0,2,0.1
3478.5,10,0,0,0,0,0,0,0,0,12.425624186296087,0.002777777777777778,3478.5,0,2,0.1
3479.0,14,0,0,0,0,0,0,0,0,12.748402525054145,0.0038888888888888888,3479.0,0,2,0.14
3479.5,14,0,0,0,0,0,0,0,0,12.73021330208899,0.0038888888888888888,3479.5,0,2,0.14
3480.0,14,0,0,0,0,0,0,0,0,12.682428227613135,0.0038888888888888888,3480.0,0,2,0.14
3480.5,14,0,0,0,0,0,0,0,0,12.647151365955512,0.0038888888888888888,3480.5,0,2,0.14
3481.0,14,0,0,0,0,0,0,0,0,12.618262186843024,0.0038888888888888888,3481.0,0,2,0.14
3481.5,14,0,0,0,0,0,0,0,0,12.655705159596888,0.0038888888888888888,3481.5,0,2,0.14
3482.0,14,0,0,0,0,0,0,0,0,12.713332971659742,0.0038888888888888888,3482.0,0,2,0.14
3482.5,14,0,0,0,0,0,0,0,0,12.720928091410636,0.0038888888888888888,3482.5,0,2,0.14
3483.0,14,0,0,0,0,0,0,0,0,12.698040848852475,0.0038888888888888888,3483.0,0,2,0.14
3483.5,14,0,0,0,0,0,0,0,0,12.588525080100753,0.0038888888888888888,3483.5,0,2,0.14
3484.0,14,0,0,0,0,0,0,0,0,12.656579156576177,0.0038888888888888888,3484.0,0,2,0.14
3484.5,14,0,0,0,0,0,0,0,0,12.67742891564299,0.0038888888888888888,3484.5,0,2,0.14
3485.0,14,0,0,0,0,0,0,0,0,12.730850187629516,0.0038888888888888888,3485.0,0,2,0.14
3485.5,14,0,0,0,0,0,0,0,0,12.691677538279233,0.0038888888888888888,3485.5,0,2,0.14
3486.0,14,0,0,0,0,0,0,0,0,12.629094978014795,0.0038888888888888888,3486.0,0,2,0.14
3486.5,14,0,0,0,0,0,0,0,0,12.757105996090841,0.0038888888888888888,3486.5,0,2,0.14
3487.0,14,0,0,0,0,0,0,0,0,12.64628940346167,0.0038888888888888888,3487.0,0,2,0.14
3487.5,14,0,0,0,0,0,0,0,0,12.655366904696306,0.0038888888888888888,3487.5,0,2,0.14
3488.0,14,0,0,0,0,0,0,0,0,12.643309781411318,0.0038888888888888888,3488.0,0,2,0.14
3488.5,14,0,0,0,0,0,0,0,0,12.667741676903418,0.0038888888888888888,3488.5,0,2,0.14
3489.0,14,0,0,0,0,0,0,0,0,12.589232898823173,0.0038888888888888888,3489.0,0,2,0.14
3489.5,14,0,0,0,0,0,0,0,0,12.607557567372307,0.0038888888888888888,3489.5,0,2,0.14
3490.0,14,0,0,0,0,0,0,0,0,12.566406560839209,0.0038888888888888888,3490.0,0,2,0.14
3490.5,14,0,0,0,0,0,0,0,0,12.700070178084163,0.0038888888888888888,3490.5,0,2,0.14
3491.0,14,0,0,0,0,0,0,0,0,12.668635073995503,0.0038888888888888888,3491.0,0,2,0.14
3491.5,14,0,0,0,0,0,0,0,0,12.715941507311394,0.0038888888888888888,3491.5,0,2,0.14
3492.0,14,0,0,0,0,0,0,0,0,12.58895684883413,0.0038888888888888888,3492.0,0,2,0.14
3492.5,14,0,0,0,0,0,0,0,0,12.643235976143698,0.0038888888888888888,3492.5,0,2,0.14
3493.0,14,0,0,0,0,0,0,0,0,12.553242757201648,0.0038888888888888888,3493.0,0,2,0.14
3493.5,14,0,0,0,0,0,0,0,0,12.543195138244537,0.0038888888888888888,3493.5,0,2,0.14
3494.0,14,0,0,0,0,0,0,0,0,12.405008509913177,0.0038888888888888888,3494.0,0,2,0.14
3494.5,14,0,0,0,0,0,0,0,0,12.281413855055302,0.0038888888888888888,3494.5,0,2,0.14
3495.0,14,0,0,0,0,0,0,0,0,11.97359897254572,0.0038888888888888888,3495.0,0,2,0.14
3495.5,14,0,0,0,0,0,0,0,0,11.69489696032655,0.0038888888888888888,3495.5,0,2,0.14
3496.0,14,1,0,0,0,1,0,0,0,11.546862733893226,0.0038888888888888888,3496.0,0,2,0.14
3496.5,14,1,0,0,0,1,0,0,0,11.321222962650769,0.0038888888888888888,3496.5,0,2,0.14
3497.0,14,1,0,0,0,1,0,0,0,11.235979888020534,0.0038888888888888888,3497.0,0,2,0.14
3497.5,14,1,0,0,0,1,0,0,0,11.228794431580818,0.0038888888888888888,3497.5,0,2,0.14
3498.0,14,1,1,0,0,1,1,0,0,11.122070340026031,0.0038888888888888888,3498.0,0,2,0.14
3498.5,14,1,1,0,0,1,1,0,0,11.097018383433667,0.0038888888888888888,3498.5,0,2,0.14
3499.0,14,1,1,0,0,1,1,0,0,11.077185628725703,0.0038888888888888888,3499.0,0,2,0.14
3499.5,14,1,1,0,0,1,1,0,0,11.162744645911028,0.0038888888888888888,3499.5,0,2,0.14
3500.0,14,1,1,0,0,1,1,0,0,11.131235237727566,0.0038888888888888888,3500.0,0,2,0.14
3500.5,14,1,1,0,0,1,1,0,0,11.131977695281842,0.0038888888888888888,3500.5,0,2,0.14
3501.0,14,1,1,0,0,1,1,0,0,11.175590773396083,0.0038888888888888888,3501.0,0,2,0.14
3501.5,14,1,1,0,0,1,1,0,0,11.202752360727628,0.0038888888888888888,3501.5,0,2,0.14
3502.0,13,1,1,0,0,1,1,0,0,11.08837895765928,0.003611111111111111,3502.0,0,2,0.13
3502.5,13,1,1,0,0,1,1,0,0,11.042692842427915,0.003611111111111111,3502.5,0,2,0.13
3503.0,13,1,1,0,0,1,1,0,0,11.019451788498827,0.003611111111111111,3503.0,0,2,0.13
3503.5,13,1,1,0,0,1,1,0,0,11.108342416677898,0.003611111111111111,3503.5,0,2,0.13
3504.0,13,1,1,0,0,1,1,0,0,11.04856321442667,0.003611111111111111,3504.0,0,2,0.13
3504.5,12,1,1,0,0,1,1,0,0,11.075671535274418,0.0033333333333333335,3504.5,0,2,0.12
3505.0,12,1,1,0,0,1,1,0,0,11.118449777587877,0.0033333333333333335,3505.0,0,2,0.12
3505.5,12,1,1,0,0,1,1,0,0,10.970440743844195,0.0033333333333333335,3505.5,0,2,0.12
3506.0,10,1,1,0,0,1,1,0,0,10.598130636477688,0.002777777777777778,3506.0,0,2,0.1
3506.5,9,1,1,0,0,1,1,0,0,10.191618985245398,0.0025,3506.5,0,2,0.09
3507.0,9,1,1,0,0,1,1,0,0,10.266913959343745,0.0025,3507.0,0,3,0.09
3507.5,9,1,1,0,0,1,1,0,0,10.194853870787846,0.0025,3507.5,0,3,0.09
3508.0,9,1,1,0,0,1,1,0,0,10.206146272014344,0.0025,3508.0,0,3,0.09
3508.5,9,1,1,0,0,1,1,0,0,10.184335650544904,0.0025,3508.5,0,3,0.09
3509.0,9,1,1,0,0,1,1,0,0,10.241646823832747,0.0025,3509.0,0,3,0.09
3509.5,13,1,1,0,0,1,1,0,0,10.28577890449383,0.003611111111111111,3509.5,0,3,0.13
3510.0,13,0,0,0,0,0,0,0,0,10.526436267470176,0.003611111111111111,3510.0,0,0,0.13
3510.5,12,0,0,0,0,0,0,0,0,10.774833612987175,0.0033333333333333335,3510.5,0,0,0.12
3511.0,12,0,0,0,0,0,0,0,0,11.18790189368024,0.0033333333333333335,3511.0,0,0,0.12
3511.5,12,0,0,0,0,0,0,0,0,11.356869660175429,0.0033333333333333335,3511.5,0,0,0.12
3512.0,12,0,0,0,0,0,0,0,0,11.763717718278002,0.0033333333333333335,3512.0,0,0,0.12
3512.5,12,0,0,0,0,0,0,0,0,12.034874849433313,0.0033333333333333335,3512.5,0,0,0.12
3513.0,12,0,0,0,0,0,0,0,0,12.278664486956004,0.0033333333333333335,3513.0,0,0,0.12
3513.5,12,0,0,0,0,0,0,0,0,12.33481818363135,0.0033333333333333335,3513.5,0,0,0.12
3514.0,12,0,0,0,0,0,0,0,0,12.485368305898412,0.0033333333333333335,3514.0,0,0,0.12
3514.5,12,0,0,0,0,0,0,0,0,12.322348600379252,0.0033333333333333335,3514.5,0,0,0.12
3515.0,12,0,0,0,0,0,0,0,0,12.319742281658975,0.0033333333333333335,3515.0,0,0,0.12
3515.5,12,0,0,0,0,0,0,0,0,12.230831577300975,0.0033333333333333335,3515.5,0,0,0.12
3516.0,12,0,0,0,0,0,0,0,0,11.92064208370256,0.0033333333333333335,3516.0,0,0,0.12
3516.5,12,0,0,0,0,0,0,0,0,11.783616156190675,0.0033333333333333335,3516.5,0,0,0.12
3517.0,12,0,0,0,1,0,0,0,1,11.632662144040701,0.0033333333333333335,3517.0,0,0,0.12
3517.5,12,0,0,0,1,0,0,0,1,11.436947141991324,0.0033333333333333335,3517.5,0,0,0.12
3518.0,12,0,0,0,1,0,0,0,1,11.23652703793936,0.0033333333333333335,3518.0,0,0,0.12
3518.5,12,0,0,0,1,0,0,0,1,11.138874866039123,0.0033333333333333335,3518.5,0,0,0.12
3519.0,12,0,0,0,1,0,0,0,1,10.889861061556546,0.0033333333333333335,3519.0,0,0,0.12
3519.5,12,0,0,0,1,0,0,0,1,10.877823503544192,0.0033333333333333335,3519.5,0,0,0.12
3520.0,12,0,0,1,1,0,0,1,1,10.721979138019565,0.0033333333333333335,3520.0,0,0,0.12
3520.5,12,0,0,1,1,0,0,1,1,10.860005596740749,0.0033333333333333335,3520.5,0,0,0.12
3521.0,12,0,0,1,1,0,0,1,1,10.738354541939534,0.0033333333333333335,3521.0,0,0,0.12
3521.5,12,0,0,1,1,0,0,1,1,10.891198866864658,0.0033333333333333335,3521.5,0,0,0.12
3522.0,12,0,0,1,1,0,0,1,1,10.8150849852331,0.0033333333333333335,3522.0,0,0,0.12
3522.5,10,0,0,1,1,0,0,1,1,10.193465449967459,0.002777777777777778,3522.5,0,0,0.1
3523.0,10,0,0,1,1,0,0,1,1,10.243836014854294,0.002777777777777778,3523.0,0,0,0.1
3523.5,10,0,0,1,1,0,0,1,1,10.200431280643949,0.002777777777777778,3523.5,0,0,0.1
3524.0,10,0,0,1,1,0,0,1,1,10.263286774598797,0.002777777777777778,3524.0,0,0,0.1
3524.5,10,0,0,1,1,0,0,1,1,10.252464790558712,0.002777777777777778,3524.5,0,0,0.1
3525.0,10,0,0,1,1,0,0,1,1,10.209850735278138,0.002777777777777778,3525.0,0,0,0.1
3525.5,10,0,0,1,1,0,0,1,1,10.173989693075688,0.002777777777777778,3525.5,0,0,0.1
3526.0,10,0,0,1,1,0,0,1,1,10.284467044312311,0.002777777777777778,3526.0,0,0,0.1
3526.5,10,0,0,1,1,0,0,1,1,10.16609626862131,0.002777777777777778,3526.5,0,0,0.1
3527.0,10,0,0,1,1,0,0,1,1,10.301531126189781,0.002777777777777778,3527.0,0,0,0.1
3527.5,10,0,0,1,1,0,0,1,1,10.189953325366638,0.002777777777777778,3527.5,0,0,0.1
3528.0,10,0,0,1,1,0,0,1,1,10.27564629740225,0.002777777777777778,3528.0,0,0,0.1
3528.5,10,0,0,1,1,0,0,1,1,10.190597154875555,0.002777777777777778,3528.5,0,0,0.1
3529.0,10,0,0,1,1,0,0,1,1,10.204351627270494,0.002777777777777778,3529.0,0,0,0.1
3529.5,10,0,0,1,1,0,0,1,1,10.260217287114624,0.002777777777777778,3529.5,0,0,0.1
3530.0,10,0,0,1,1,0,0,1,1,10.267044059061714,0.002777777777777778,3530.0,0,0,0.1
3530.5,10,0,0,1,1,0,0,1,1,10.243896924389096,0.002777777777777778,3530.5,0,0,0.1
3531.0,10,0,0,1,1,0,0,1,1,10.153306744479611,0.002777777777777778,3531.0,0,0,0.1
3531.5,10,0,0,1,1,0,0,1,1,10.335315217944132,0.002777777777777778,3531.5,0,0,0.1
3532.0,10,0,0,1,1,0,0,1,1,10.205055115020638,0.002777777777777778,3532.0,0,0,0.1
3532.5,10,0,0,1,1,0,0,1,1,10.30366854781661,0.002777777777777778,3532.5,0,0,0.1
3533.0,10,0,0,1,1,0,0,1,1,10.193861428548384,0.002777777777777778,3533.0,0,0,0.1
3533.5,10,0,0,1,1,0,0,1,1,10.23924014217713,0.002777777777777778,3533.5,0,0,0.1
3534.0,10,0,0,1,1,0,0,1,1,10.207926481949668,0.002777777777777778,3534.0,0,0,0.1
3534.5,10,0,0,1,1,0,0,1,1,10.224598963464647,0.002777777777777778,3534.5,0,0,0.1
3535.0,10,0,0,1,1,0,0,1,1,10.30618541070287,0.002777777777777778,3535.0,0,0,0.1
3535.5,10,0,0,1,1,0,0,1,1,10.265288811681362,0.002777777777777778,3535.5,0,0,0.1
3536.0,10,0,0,1,1,0,0,1,1,10.263812697084193,0.002777777777777778,3536.0,0,0,0.1
3536.5,10,0,0,1,1,0,0,1,1,10.245758890732228,0.002777777777777778,3536.5,0,0,0.1
3537.0,10,0,0,1,1,0,0,1,1,10.38096745665212,0.002777777777777778,3537.0,0,0,0.1
3537.5,10,0,0,1,1,0,0,1,1,10.15259824127917,0.002777777777777778,3537.5,0,0,0.1
3538.0,10,0,0,1,1,0,0,1,1,10.172518318580966,0.002777777777777778,3538.0,0,0,0.1
3538.5,10,0,0,1,1,0,0,1,1,10.251472849257095,0.002777777777777778,3538.5,0,0,0.1
3539.0,10,0,0,1,1,0,0,1,1,10.243220530252707,0.002777777777777778,3539.0,0,0,0.1
3539.5,14,0,0,1,1,0,0,1,1,10.68450806356319,0.0038888888888888888,3539.5,0,0,0.14
3540.0,14,0,0,1,1,0,0,1,1,10.675893122908738,0.0038888888888888888,3540.0,0,0,0.14
3540.5,14,0,0,1,1,0,0,1,1,10.762956295255252,0.0038888888888888888,3540.5,0,0,0.14
3541.0,14,0,0,1,1,0,0,1,1,10.891787414230818,0.0038888888888888888,3541.0,0,0,0.14
3541.5,14,0,0,1,1,0,0,1,1,10.959442306754491,0.0038888888888888888,3541.5,0,0,0.14
3542.0,14,0,0,1,1,0,0,1,1,11.024147479433056,0.0038888888888888888,3542.0,0,0,0.14
3542.5,14,0,0,1,1,0,0,1,1,11.023336562682962,0.0038888888888888888,3542.5,0,0,0.14
3543.0,14,0,0,1,1,0,0,1,1,11.037957759400118,0.0038888888888888888,3543.0,0,0,0.14
3543.5,14,0,0,1,1,0,0,1,1,10.9891287908231,0.0038888888888888888,3543.5,0,0,0.14
3544.0,14,0,0,1,1,0,0,1,1,10.961554019348231,0.0038888888888888888,3544.0,0,0,0.14
3544.5,14,0,0,1,1,0,0,1,1,10.561436691922335,0.0038888888888888888,3544.5,0,0,0.14
3545.0,14,0,0,1,1,0,0,1,1,10.308867674930159,0.0038888888888888888,3545.0,0,0,0.14
3545.5,14,0,0,1,1,0,0,1,1,10.047940876339322,0.0038888888888888888,3545.5,0,0,0.14
3546.0,14,0,0,1,1,0,0,1,1,9.651628247919815,0.0038888888888888888,3546.0,0,0,0.14
3546.5,14,0,0,1,1,0,0,1,1,9.331978640264392,0.0038888888888888888,3546.5,0,0,0.14
3547.0,14,0,0,1,1,0,0,1,1,9.082515799388968,0.0038888888888888888,3547.0,0,0,0.14
3547.5,14,0,0,1,2,0,0,1,2,9.103991262202014,0.0038888888888888888,3547.5,0,0,0.14
3548.0,14,0,0,2,2,0,0,2,2,9.130274121828135,0.0038888888888888888,3548.0,0,0,0.14
3548.5,14,0,0,2,2,0,0,2,2,9.08458426697206,0.0038888888888888888,3548.5,0,0,0.14
3549.0,14,0,0,2,2,0,0,2,2,9.090109514157477,0.0038888888888888888,3549.0,0,0,0.14
3549.5,14,0,0,2,2,0,0,2,2,9.092177045875184,0.0038888888888888888,3549.5,0,0,0.14
3550.0,14,0,0,2,2,0,0,2,2,9.085937078127692,0.0038888888888888888,3550.0,0,0,0.14
3550.5,14,0,0,2,2,0,0,2,2,9.01552588072641,0.0038888888888888888,3550.5,0,0,0.14
3551.0,14,0,0,2,2,0,0,2,2,9.04532337438783,0.0038888888888888888,3551.0,0,0,0.14
3551.5,14,0,0,2,2,0,0,2,2,9.100697199863271,0.0038888888888888888,3551.5,0,0,0.14
3552.0,14,0,0,2,2,0,0,2,2,9.066756680743525,0.0038888888888888888,3552.0,0,1,0.14
3552.5,12,0,0,2,2,0,0,2,2,8.277185400121017,0.0033333333333333335,3552.5,0,1,0.12
3553.0,12,0,0,2,2,0,0,2,2,8.305702434136402,0.0033333333333333335,3553.0,0,1,0.12
3553.5,12,0,0,2,2,0,0,2,2,8.295971652266479,0.0033333333333333335,3553.5,0,1,0.12
3554.0,12,0,0,2,2,0,0,2,2,8.317964228723456,0.0033333333333333335,3554.0,0,1,0.12
3554.5,12,0,0,2,2,0,0,2,2,8.372982702926796,0.0033333333333333335,3554.5,0,1,0.12
3555.0,12,0,0,0,0,0,0,0,0,8.744578057926871,0.0033333333333333335,3555.0,0,2,0.12
3555.5,12,0,0,0,0,0,0,0,0,8.91689088204344,0.0033333333333333335,3555.5,0,2,0.12
3556.0,12,0,0,0,0,0,0,0,0,9.294472294859125,0.0033333333333333335,3556.0,0,2,0.12
3556.5,12,0,0,0,0,0,0,0,0,9.686704403352653,0.0033333333333333335,3556.5,0,2,0.12
3557.0,12,0,0,0,0,0,0,0,0,9.976006145945595,0.0033333333333333335,3557.0,0,2,0.12
3557.5,12,0,0,0,0,0,0,0,0,10.220786128704903,0.0033333333333333335,3557.5,0,2,0.12
3558.0,12,0,0,0,0,0,0,0,0,10.61268945865403,0.0033333333333333335,3558.0,0,2,0.12
3558.5,12,0,0,0,0,0,0,0,0,10.991129555425646,0.0033333333333333335,3558.5,0,2,0.12
3559.0,12,0,0,0,0,0,0,0,0,11.21503742903541,0.0033333333333333335,3559.0,0,2,0.12
3559.5,12,0,0,0,0,0,0,0,0,11.55515187703764,0.0033333333333333335,3559.5,0,2,0.12
3560.0,11,0,0,0,0,0,0,0,0,11.972706829665158,0.0030555555555555557,3560.0,0,2,0.11
3560.5,11,0,0,0,0,0,0,0,0,12.28692506385342,0.0030555555555555557,3560.5,0,2,0.11
3561.0,11,0,0,0,0,0,0,0,0,12.595070997489621,0.0030555555555555557,3561.0,0,2,0.11
3561.5,10,0,0,0,0,0,0,0,0,13.24455435963866,0.002777777777777778,3561.5,0,2,0.1
3562.0,10,0,0,0,0,0,0,0,0,13.176353554983288,0.002777777777777778,3562.0,0,2,0.1
3562.5,10,0,0,0,0,0,0,0,0,13.196478012728402,0.002777777777777778,3562.5,0,2,0.1
3563.0,10,0,0,0,0,0,0,0,0,13.082851619379728,0.002777777777777778,3563.0,0,2,0.1
3563.5,10,0,0,0,0,0,0,0,0,13.154838150496726,0.002777777777777778,3563.5,0,2,0.1
3564.0,10,0,0,0,0,0,0,0,0,13.316731064806593,0.002777777777777778,3564.0,0,2,0.1
3564.5,10,0,0,0,0,0,0,0,0,13.262471125219381,0.002777777777777778,3564.5,0,2,0.1
3565.0,10,0,0,0,0,0,0,0,0,13.144664106176133,0.002777777777777778,3565.0,0,2,0.1
3565.5,10,0,0,0,0,0,0,0,0,13.138989321187037,0.002777777777777778,3565.5,0,2,0.1
3566.0,10,0,0,0,0,0,0,0,0,13.206883654236227,0.002777777777777778,3566.0,0,2,0.1
3566.5,10,0,0,0,0,0,0,0,0,13.23755042884186,0.002777777777777778,3566.5,0,2,0.1
3567.0,10,0,0,0,0,0,0,0,0,13.200230540350677,0.002777777777777778,3567.0,0,2,0.1
3567.5,10,0,0,0,0,0,0,0,0,13.272187685190366,0.002777777777777778,3567.5,0,2,0.1
3568.0,10,0,0,0,0,0,0,0,0,13.289616666649602,0.002777777777777778,3568.0,0,2,0.1
3568.5,10,0,0,0,0,0,0,0,0,13.131080476345158,0.002777777777777778,3568.5,0,2,0.1
3569.0,10,0,0,0,0,0,0,0,0,13.206364388179864,0.002777777777777778,3569.0,0,2,0.1
3569.5,10,0,0,0,0,0,0,0,0,13.079218323398745,0.002777777777777778,3569.5,0,2,0.1
3570.0,14,0,0,0,0,0,0,0,0,13.382968408842762,0.0038888888888888888,3570.0,0,2,0.14
3570.5,14,0,0,0,0,0,0,0,0,13.193322531967615,0.0038888888888888888,3570.5,0,2,0.14
3571.0,14,0,0,0,0,0,0,0,0,13.259078201287053,0.0038888888888888888,3571.0,0,2,0.14
3571.5,14,0,0,0,0,0,0,0,0,13.32404673496796,0.0038888888888888888,3571.5,0,2,0.14
3572.0,14,0,0,0,0,0,0,0,0,13.210159227260847,0.0038888888888888888,3572.0,0,2,0.14
3572.5,14,0,0,0,0,0,0,0,0,13.283147778550486,0.0038888888888888888,3572.5,0,2,0.14
3573.0,14,0,0,0,0,0,0,0,0,13.274248129761071,0.0038888888888888888,3573.0,0,2,0.14
3573.5,14,0,0,0,0,0,0,0,0,13.21435016370514,0.0038888888888888888,3573.5,0,2,0.14
3574.0,14,0,0,0,0,0,0,0,0,13.09497901109581,0.0038888888888888888,3574.0,0,2,0.14
3574.5,14,0,0,0,0,0,0,0,0,13.023638524062552,0.0038888888888888888,3574.5,0,2,0.14
3575.0,14,0,0,0,0,0,0,0,0,12.87800749675356,0.0038888888888888888,3575.0,0,2,0.14
3575.5,14,0,0,0,0,0,0,0,0,12.770505750610713,0.0038888888888888888,3575.5,0,2,0.14
3576.0,14,0,0,0,0,0,0,0,0,12.63415241329417,0.0038888888888888888,3576.0,0,2,0.14
3576.5,14,0,0,0,0,0,0,0,0,12.286169859456946,0.0038888888888888888,3576.5,0,2,0.14
3577.0,14,0,0,0,0,0,0,0,0,11.983726418225853,0.0038888888888888888,3577.0,0,2,0.14
3577.5,14,1,0,0,0,1,0,0,0,11.9383017727127,0.0038888888888888888,3577.5,0,2,0.14
3578.0,14,1,0,0,0,1,0,0,0,11.662029771123157,0.0038888888888888888,3578.0,0,2,0.14
3578.5,14,1,0,0,0,1,0,0,0,11.649019761224784,0.0038888888888888888,3578.5,0,2,0.14
3579.0,14,1,0,0,0,1,0,0,0,11.347822974544188,0.0038888888888888888,3579.0,0,2,0.14
3579.5,14,1,1,0,0,1,1,0,0,11.322394448471917,0.0038888888888888888,3579.5,0,2,0.14
3580.0,14,1,1,0,0,1,1,0,0,11.334607176632726,0.0038888888888888888,3580.0,0,2,0.14
3580.5,14,1,1,0,0,1,1,0,0,11.348501193646099,0.0038888888888888888,3580.5,0,2,0.14
3581.0,14,1,1,0,0,1,1,0,0,11.403951281503613,0.0038888888888888888,3581.0,0,2,0.14
3581.5,14,1,1,0,0,1,1,0,0,11.276449139564606,0.0038888888888888888,3581.5,0,2,0.14
3582.0,14,1,1,0,0,1,1,0,0,11.348682138527053,0.0038888888888888888,3582.0,0,2,0.14
3582.5,14,1,1,0,0,1,1,0,0,11.393680382831326,0.0038888888888888888,3582.5,0,2,0.14
3583.0,14,1,1,0,0,1,1,0,0,11.286739077346239,0.0038888888888888888,3583.0,0,2,0.14
3583.5,14,1,1,0,0,1,1,0,0,11.313779439597898,0.0038888888888888888,3583.5,0,2,0.14
3584.0,13,1,1,0,0,1,1,0,0,11.207739567399592,0.003611111111111111,3584.0,0,2,0.13
3584.5,12,1,1,0,0,1,1,0,0,11.051343062284728,0.0033333333333333335,3584.5,0,2,0.12
3585.0,12,1,1,0,0,1,1,0,0,10.938091555754319,0.0033333333333333335,3585.0,0,2,0.12
3585.5,12,1,1,0,0,1,1,0,0,11.031447017618198,0.0033333333333333335,3585.5,0,2,0.12
3586.0,12,1,1,0,0,1,1,0,0,10.9512734331292,0.0033333333333333335,3586.0,0,2,0.12
3586.5,12,1,1,0,0,1,1,0,0,11.018963613857297,0.0033333333333333335,3586.5,0,2,0.12
3587.0,12,1,1,0,0,1,1,0,0,11.015424564169813,0.0033333333333333335,3587.0,0,2,0.12
3587.5,12,1,1,0,0,1,1,0,0,11.102851665653924,0.0033333333333333335,3587.5,0,2,0.12
3588.0,12,1,1,0,0,1,1,0,0,11.008938277540395,0.0033333333333333335,3588.0,0,2,0.12
3588.5,12,1,1,0,0,1,1,0,0,10.979928322474448,0.0033333333333333335,3588.5,0,2,0.12
3589.0,12,1,1,0,0,1,1,0,0,10.977757964171134,0.0033333333333333335,3589.0,0,2,0.12
3589.5,12,1,1,0,0,1,1,0,0,11.093888565130042,0.0033333333333333335,3589.5,0,2,0.12
3590.0,12,1,1,0,0,1,1,0,0,11.040928025287046,0.0033333333333333335,3590.0,0,2,0.12
3590.5,12,1,1,0,0,1,1,0,0,11.046500752963722,0.0033333333333333335,3590.5,0,2,0.12
3591.0,12,1,1,0,0,1,1,0,0,11.01581064988224,0.0033333333333333335,3591.0,0,2,0.12
3591.5,12,1,1,0,0,1,1,0,0,11.000719090453595,0.0033333333333333335,3591.5,0,2,0.12
3592.0,12,1,1,0,0,1,1,0,0,10.947508002331068,0.0033333333333333335,3592.0,0,2,0.12
3592.5,12,1,1,0,0,1,1,0,0,11.007895159787784,0.0033333333333333335,3592.5,0,2,0.12
3593.0,12,1,1,0,0,1,1,0,0,11.042226940380308,0.0033333333333333335,3593.0,0,2,0.12
3593.5,12,1,1,0,0,1,1,0,0,11.032492353446486,0.0033333333333333335,3593.5,0,2,0.12
3594.0,12,1,1,0,0,1,1,0,0,10.983712017793687,0.0033333333333333335,3594.0,0,2,0.12
3594.5,12,1,1,0,0,1,1,0,0,11.010029393441757,0.0033333333333333335,3594.5,0,2,0.12
3595.0,12,1,1,0,0,1,1,0,0,11.000403299194735,0.0033333333333333335,3595.0,0,2,0.12
3595.5,9,1,1,0,0,1,1,0,0,10.143384092863876,0.0025,3595.5,0,2,0.09
3596.0,9,1,1,0,0,1,1,0,0,10.049202169196025,0.0025,3596.0,0,2,0.09
3596.5,9,1,1,0,0,1,1,0,0,10.183360251012173,0.0025,3596.5,0,2,0.09
3597.0,9,1,1,0,0,1,1,0,0,10.184991715880852,0.0025,3597.0,0,3,0.09
3597.5,9,1,1,0,0,1,1,0,0,10.062048642999667,0.0025,3597.5,0,3,0.09
3598.0,9,1,1,0,0,1,1,0,0,10.14788140478525,0.0025,3598.0,0,3,0.09
3598.5,8,1,1,0,0,1,1,0,0,9.95488633496822,0.0022222222222222222,3598.5,0,3,0.08
3599.0,8,1,1,0,0,1,1,0,0,9.92356654873544,0.0022222222222222222,3599.0,0,3,0.08
3599.5,8,1,1,0,0,1,1,0,0,9.896658729287054,0.0022222222222222222,3599.5,0,3,0.08
3600.0,12,0,0,0,0,0,0,0,0,10.206507196527614,0.0033333333333333335,3600.0,0,0,0.12
3600.5,12,0,0,0,0,0,0,0,0,10.427433619062485,0.0033333333333333335,3600.5,0,0,0.12
3601.0,12,0,0,0,0,0,0,0,0,10.881177454401266,0.0033333333333333335,3601.0,0,0,0.12
3601.5,12,0,0,0,0,0,0,0,0,11.10800011106595,0.0033333333333333335,3601.5,0,0,0.12
3602.0,12,0,0,0,0,0,0,0,0,11.488293032089357,0.0033333333333333335,3602.0,0,0,0.12
3602.5,12,0,0,0,0,0,0,0,0,11.83663864996812,0.0033333333333333335,3602.5,0,0,0.12
3603.0,12,0,0,0,0,0,0,0,0,12.068978723928709,0.0033333333333333335,3603.0,0,0,0.12
3603.5,12,0,0,0,0,0,0,0,0,12.145167101714437,0.0033333333333333335,3603.5,0,0,0.12
3604.0,12,0,0,0,0,0,0,0,0,12.361055064835304,0.0033333333333333335,3604.0,0,0,0.12
3604.5,12,0,0,0,0,0,0,0,0,12.46009019487144,0.0033333333333333335,3604.5,0,0,0.12
3605.0,12,0,0,0,0,0,0,0,0,12.197532221481227,0.0033333333333333335,3605.0,0,0,0.12
3605.5,12,0,0,0,0,0,0,0,0,11.979555832231169,0.0033333333333333335,3605.5,0,0,0.12
3606.0,12,0,0,0,0,0,0,0,0,11.81523270477804,0.0033333333333333335,3606.0,0,0,0.12
3606.5,12,0,0,0,0,0,0,0,0,11.49495117393795,0.0033333333333333335,3606.5,0,0,0.12
3607.0,12,0,0,0,0,0,0,0,0,11.15598631993276,0.0033333333333333335,3607.0,0,0,0.12
3607.5,12,0,0,1,0,0,0,1,0,10.88037357049321,0.0033333333333333335,3607.5,0,0,0.12
3608.0,12,0,0,1,1,0,0,1,1,10.77897791316191,0.0033333333333333335,3608.0,0,0,0.12
3608.5,12,0,0,1,1,0,0,1,1,10.828778547836464,0.0033333333333333335,3608.5,0,0,0.12
3609.0,12,0,0,1,1,0,0,1,1,10.765059563489226,0.0033333333333333335,3609.0,0,0,0.12
3609.5,12,0,0,1,1,0,0,1,1,10.722709933239935,0.0033333333333333335,3609.5,0,0,0.12
3610.0,12,0,0,1,1,0,0,1,1,10.789655485853407,0.0033333333333333335,3610.0,0,0,0.12
3610.5,12,0,0,1,1,0,0,1,1,10.743317006528736,0.0033333333333333335,3610.5,0,0,0.12
3611.0,12,0,0,1,1,0,0,1,1,10.821780287728927,0.0033333333333333335,3611.0,0,0,0.12
3611.5,12,0,0,1,1,0,0,1,1,10.896891130416158,0.0033333333333333335,3611.5,0,0,0.12
3612.0,12,0,0,1,1,0,0,1,1,10.767780538234483,0.0033333333333333335,3612.0,0,0,0.12
3612.5,12,0,0,1,1,0,0,1,1,10.761196998303417,0.0033333333333333335,3612.5,0,0,0.12
3613.0,11,0,0,1,1,0,0,1,1,10.565310871359351,0.0030555555555555557,3613.0,0,0,0.11
3613.5,11,0,0,1,1,0,0,1,1,10.64187704727262,0.0030555555555555557,3613.5,0,0,0.11
3614.0,11,0,0,1,1,0,0,1,1,10.56467697182519,0.0030555555555555557,3614.0,0,0,0.11
3614.5,11,0,0,1,1,0,0,1,1,10.53616905684474,0.0030555555555555557,3614.5,0,0,0.11
3615.0,11,0,0,1,1,0,0,1,1,10.647503566403882,0.0030555555555555557,3615.0,0,0,0.11
3615.5,11,0,0,1,1,0,0,1,1,10.482644560076476,0.0030555555555555557,3615.5,0,0,0.11
3616.0,11,0,0,1,1,0,0,1,1,10.675532000490263,0.0030555555555555557,3616.0,0,0,0.11
3616.5,11,0,0,1,1,0,0,1,1,10.504297397468333,0.0030555555555555557,3616.5,0,0,0.11
3617.0,11,0,0,1,1,0,0,1,1,10.535619426500231,0.0030555555555555557,3617.0,0,0,0.11
3617.5,11,0,0,1,1,0,0,1,1,10.484185451463425,0.0030555555555555557,3617.5,0,0,0.11
3618.0,11,0,0,1,1,0,0,1,1,10.672193241489342,0.0030555555555555557,3618.0,0,0,0.11
3618.5,11,0,0,1,1,0,0,1,1,10.565830941000414,0.0030555555555555557,3618.5,0,0,0.11
3619.0,11,0,0,1,1,0,0,1,1,10.576130771404735,0.0030555555555555557,3619.0,0,0,0.11
3619.5,11,0,0,1,1,0,0,1,1,10.690966514772702,0.0030555555555555557,3619.5,0,0,0.11
3620.0,11,0,0,1,1,0,0,1,1,10.628611565620012,0.0030555555555555557,3620.0,0,0,0.11
3620.5,11,0,0,1,1,0,0,1,1,10.624111574008309,0.0030555555555555557,3620.5,0,0,0.11
3621.0,11,0,0,1,1,0,0,1,1,10.593011923260871,0.0030555555555555557,3621.0,0,0,0.11
3621.5,11,0,0,1,1,0,0,1,1,10.478577883089224,0.0030555555555555557,3621.5,0,0,0.11
3622.0,11,0,0,1,1,0,0,1,1,10.563203814875047,0.0030555555555555557,3622.0,0,0,0.11
3622.5,11,0,0,1,1,0,0,1,1,10.524923649140899,0.0030555555555555557,3622.5,0,0,0.11
3623.0,11,0,0,1,1,0,0,1,1,10.500592330830056,0.0030555555555555557,3623.0,0,0,0.11
3623.5,11,0,0,1,1,0,0,1,1,10.53947805523594,0.0030555555555555557,3623.5,0,0,0.11
3624.0,11,0,0,1,1,0,0,1,1,10.490474577123818,0.0030555555555555557,3624.0,0,0,0.11
3624.5,10,0,0,1,1,0,0,1,1,10.525063014210852,0.002777777777777778,3624.5,0,0,0.1
3625.0,10,0,0,1,1,0,0,1,1,10.448750461840488,0.002777777777777778,3625.0,0,0,0.1
3625.5,10,0,0,1,1,0,0,1,1,10.39762245292072,0.002777777777777778,3625.5,0,0,0.1
3626.0,10,0,0,1,1,0,0,1,1,10.433891742695076,0.002777777777777778,3626.0,0,0,0.1
3626.5,10,0,0,1,1,0,0,1,1,10.395884387070499,0.002777777777777778,3626.5,0,0,0.1
3627.0,10,0,0,1,1,0,0,1,1,10.380514288539949,0.002777777777777778,3627.0,0,0,0.1
3627.5,10,0,0,1,1,0,0,1,1,10.453906432553145,0.002777777777777778,3627.5,0,0,0.1
3628.0,10,0,0,1,1,0,0,1,1,10.386788510121358,0.002777777777777778,3628.0,0,0,0.1
3628.5,10,0,0,1,1,0,0,1,1,10.48324819517899,0.002777777777777778,3628.5,0,0,0.1
3629.0,10,0,0,1,1,0,0,1,1,10.355543172708664,0.002777777777777778,3629.0,0,0,0.1
3629.5,10,0,0,1,1,0,0,1,1,10.449766674735535,0.002777777777777778,3629.5,0,0,0.1
3630.0,10,0,0,1,1,0,0,1,1,10.425555938795394,0.002777777777777778,3630.0,0,0,0.1
3630.5,10,0,0,1,1,0,0,1,1,10.430941329292207,0.002777777777777778,3630.5,0,0,0.1
3631.0,10,0,0,1,1,0,0,1,1,10.425899408629581,0.002777777777777778,3631.0,0,0,0.1
3631.5,10,0,0,1,1,0,0,1,1,10.429130438158705,0.002777777777777778,3631.5,0,0,0.1
3632.0,10,0,0,1,1,0,0,1,1,10.401080445654177,0.002777777777777778,3632.0,0,0,0.1
3632.5,10,0,0,1,1,0,0,1,1,10.543481793514172,0.002777777777777778,3632.5,0,0,0.1
3633.0,10,0,0,1,1,0,0,1,1,10.351380442444885,0.002777777777777778,3633.0,0,0,0.1
3633.5,10,0,0,1,1,0,0,1,1,10.400708100135608,0.002777777777777778,3633.5,0,0,0.1
3634.0,10,0,0,1,1,0,0,1,1,10.341479221154305,0.002777777777777778,3634.0,0,0,0.1
3634.5,10,0,0,1,1,0,0,1,1,10.482591088439436,0.002777777777777778,3634.5,0,0,0.1
3635.0,10,0,0,1,1,0,0,1,1,10.128940888610254,0.002777777777777778,3635.0,0,0,0.1
3635.5,10,0,0,1,1,0,0,1,1,9.774435595918497,0.002777777777777778,3635.5,0,0,0.1
3636.0,10,0,0,1,1,0,0,1,1,9.337029525958517,0.002777777777777778,3636.0,0,0,0.1
3636.5,10,0,0,1,1,0,0,1,1,8.832283263760127,0.002777777777777778,3636.5,0,0,0.1
3637.0,10,0,0,1,1,0,0,1,1,8.449948057580126,0.002777777777777778,3637.0,0,0,0.1
3637.5,10,0,0,1,1,0,0,1,1,8.078448206345287,0.002777777777777778,3637.5,0,0,0.1
3638.0,10,0,0,1,1,0,0,1,1,7.770140971290424,0.002777777777777778,3638.0,0,0,0.1
3638.5,10,0,0,2,2,0,0,2,2,7.712608994528935,0.002777777777777778,3638.5,0,0,0.1
3639.0,10,0,0,2,2,0,0,2,2,7.794240554525155,0.002777777777777778,3639.0,0,0,0.1
3639.5,10,0,0,2,2,0,0,2,2,7.800666969794202,0.002777777777777778,3639.5,0,0,0.1
3640.0,10,0,0,2,2,0,0,2,2,7.742679713621297,0.002777777777777778,3640.0,0,0,0.1
3640.5,9,0,0,2,2,0,0,2,2,7.117950759783399,0.0025,3640.5,0,0,0.09
3641.0,9,0,0,2,2,0,0,2,2,7.077274475427047,0.0025,3641.0,0,0,0.09
3641.5,9,0,0,2,2,0,0,2,2,7.137329675742851,0.0025,3641.5,0,0,0.09
3642.0,9,0,0,2,2,0,0,2,2,7.071522158802706,0.0025,3642.0,0,1,0.09
3642.5,9,0,0,2,2,0,0,2,2,7.046441665179833,0.0025,3642.5,0,1,0.09
3643.0,8,0,0,2,2,0,0,2,2,6.376363011443851,0.0022222222222222222,3643.0,0,1,0.08
3643.5,7,0,0,2,2,0,0,2,2,5.450527027421075,0.0019444444444444444,3643.5,0,1,0.07
3644.0,7,0,0,2,2,0,0,2,2,5.384069550914268,0.0019444444444444444,3644.0,0,1,0.07
3644.5,7,0,0,2,2,0,0,2,2,5.363457410739778,0.0019444444444444444,3644.5,0,1,0.07
3645.0,7,0,0,0,0,0,0,0,0,5.987936061107264,0.0019444444444444444,3645.0,0,2,0.07
3645.5,7,0,0,0,0,0,0,0,0,6.554167268875136,0.0019444444444444444,3645.5,0,2,0.07
3646.0,7,0,0,0,0,0,0,0,0,7.198152215909427,0.0019444444444444444,3646.0,0,2,0.07
3646.5,7,0,0,0,0,0,0,0,0,7.62159038540729,0.0019444444444444444,3646.5,0,2,0.07
3647.0,6,0,0,0,0,0,0,0,0,7.421888920603884,0.0016666666666666668,3647.0,0,2,0.06
3647.5,6,0,0,0,0,0,0,0,0,7.939243111582105,0.0016666666666666668,3647.5,0,2,0.06
3648.0,6,0,0,0,0,0,0,0,0,8.711707771807385,0.0016666666666666668,3648.0,0,2,0.06
3648.5,6,0,0,0,0,0,0,0,0,9.12627560438435,0.0016666666666666668,3648.5,0,2,0.06
3649.0,6,0,0,0,0,0,0,0,0,9.786712345645084,0.0016666666666666668,3649.0,0,2,0.06
3649.5,6,0,0,0,0,0,0,0,0,10.489034835698568,0.0016666666666666668,3649.5,0,2,0.06
3650.0,6,0,0,0,0,0,0,0,0,11.038065911667674,0.0016666666666666668,3650.0,0,2,0.06
3650.5,6,0,0,0,0,0,0,0,0,11.707803576322448,0.0016666666666666668,3650.5,0,2,0.06
3651.0,6,0,0,0,0,0,0,0,0,12.298701804258572,0.0016666666666666668,3651.0,0,2,0.06
3651.5,6,0,0,0,0,0,0,0,0,12.909327079540736,0.0016666666666666668,3651.5,0,2,0.06
3652.0,6,0,0,0,0,0,0,0,0,13.20725278576046,0.0016666666666666668,3652.0,0,2,0.06
3652.5,6,0,0,0,0,0,0,0,0,13.147295531028371,0.0016666666666666668,3652.5,0,2,0.06
3653.0,6,0,0,0,0,0,0,0,0,13.126956920554038,0.0016666666666666668,3653.0,0,2,0.06
3653.5,6,0,0,0,0,0,0,0,0,12.975164931228027,0.0016666666666666668,3653.5,0,2,0.06
3654.0,6,0,0,0,0,0,0,0,0,13.117260326813087,0.0016666666666666668,3654.0,0,2,0.06
3654.5,6,0,0,0,0,0,0,0,0,13.181291060958088,0.0016666666666666668,3654.5,0,2,0.06
3655.0,6,0,0,0,0,0,0,0,0,13.031667999798387,0.0016666666666666668,3655.0,0,2,0.06
3655.5,6,0,0,0,0,0,0,0,0,13.010195532469575,0.0016666666666666668,3655.5,0,2,0.06
3656.0,6,0,0,0,0,0,0,0,0,13.18929994989042,0.0016666666666666668,3656.0,0,2,0.06
3656.5,6,0,0,0,0,0,0,0,0,13.128872319271432,0.0016666666666666668,3656.5,0,2,0.06
3657.0,6,0,0,0,0,0,0,0,0,13.071978312198494,0.0016666666666666668,3657.0,0,2,0.06
3657.5,6,0,0,0,0,0,0,0,0,13.063876698988134,0.0016666666666666668,3657.5,0,2,0.06
3658.0,6,0,0,0,0,0,0,0,0,13.079949872206695,0.0016666666666666668,3658.0,0,2,0.06
3658.5,6,0,0,0,0,0,0,0,0,13.175643685282859,0.0016666666666666668,3658.5,0,2,0.06
3659.0,6,0,0,0,0,0,0,0,0,13.074701451534748,0.0016666666666666668,3659.0,0,2,0.06
3659.5,6,0,0,0,0,0,0,0,0,12.99114247002805,0.0016666666666666668,3659.5,0,2,0.06
3660.0,6,0,0,0,0,0,0,0,0,13.17017077840216,0.0016666666666666668,3660.0,0,2,0.06
3660.5,6,0,0,0,0,0,0,0,0,13.212425385934877,0.0016666666666666668,3660.5,0,2,0.06
3661.0,6,0,0,0,0,0,0,0,0,13.108453527344503,0.0016666666666666668,3661.0,0,2,0.06
3661.5,6,0,0,0,0,0,0,0,0,13.03940222327492,0.0016666666666666668,3661.5,0,2,0.06
3662.0,6,0,0,0,0,0,0,0,0,13.079139875866348,0.0016666666666666668,3662.0,0,2,0.06
3662.5,6,0,0,0,0,0,0,0,0,13.048419752229345,0.0016666666666666668,3662.5,0,2,0.06
3663.0,6,0,0,0,0,0,0,0,0,13.041553863731012,0.0016666666666666668,3663.0,0,2,0.06
3663.5,6,0,0,0,0,0,0,0,0,13.1428458682701,0.0016666666666666668,3663.5,0,2,0.06
3664.0,6,0,0,0,0,0,0,0,0,13.12188866004126,0.0016666666666666668,3664.0,0,2,0.06
3664.5,6,0,0,0,0,0,0,0,0,13.016602234266188,0.0016666666666666668,3664.5,0,2,0.06
3665.0,6,0,0,0,0,0,0,0,0,13.115296718007995,0.0016666666666666668,3665.0,0,2,0.06
3665.5,6,0,0,0,0,0,0,0,0,13.014386276690553,0.0016666666666666668,3665.5,0,2,0.06
3666.0,6,0,0,0,0,0,0,0,0,13.2359109207108,0.0016666666666666668,3666.0,0,2,0.06
3666.5,6,0,0,0,0,0,0,0,0,13.126725463401636,0.0016666666666666668,3666.5,0,2,0.06
3667.0,6,0,0,0,0,0,0,0,0,13.155216588250006,0.0016666666666666668,3667.0,0,2,0.06
3667.5,6,0,0,0,0,0,0,0,0,13.115851175281874,0.0016666666666666668,3667.5,0,2,0.06
3668.0,6,0,0,0,0,0,0,0,0,13.108528351944129,0.0016666666666666668,3668.0,0,2,0.06
3668.5,6,0,0,0,0,0,0,0,0,13.09058602522449,0.0016666666666666668,3668.5,0,2,0.06
3669.0,6,0,0,0,0,0,0,0,0,12.955569038580203,0.0016666666666666668,3669.0,0,2,0.06
3669.5,6,0,0,0,0,0,0,0,0,13.099927919008103,0.0016666666666666668,3669.5,0,2,0.06
3670.0,6,0,0,0,0,0,0,0,0,13.031289050318023,0.0016666666666666668,3670.0,0,2,0.06
3670.5,6,0,0,0,0,0,0,0,0,13.173673089088515,0.0016666666666666668,3670.5,0,2,0.06
3671.0,6,0,0,0,0,0,0,0,0,13.057683377850056,0.0016666666666666668,3671.0,0,2,0.06
3671.5,6,0,0,0,0,0,0,0,0,13.000699489621246,0.0016666666666666668,3671.5,0,2,0.06
3672.0,6,0,0,0,0,0,0,0,0,13.074286029361067,0.0016666666666666668,3672.0,0,2,0.06
3672.5,6,0,0,0,0,0,0,0,0,13.120136289425924,0.0016666666666666668,3672.5,0,2,0.06
3673.0,6,0,0,0,0,0,0,0,0,13.107851692428147,0.0016666666666666668,3673.0,0,2,0.06
3673.5,6,0,0,0,0,0,0,0,0,13.254257964272318,0.0016666666666666668,3673.5,0,2,0.06
3674.0,6,0,0,0,0,0,0,0,0,13.100801269466865,0.0016666666666666668,3674.0,0,2,0.06
3674.5,6,0,0,0,0,0,0,0,0,13.100643764338564,0.0016666666666666668,3674.5,0,2,0.06
3675.0,6,0,0,0,0,0,0,0,0,13.187082107476998,0.0016666666666666668,3675.0,0,2,0.06
3675.5,6,0,0,0,0,0,0,0,0,13.183945879401593,0.0016666666666666668,3675.5,0,2,0.06
3676.0,6,0,0,0,0,0,0,0,0,13.111831078850386,0.0016666666666666668,3676.0,0,2,0.06
3676.5,6,0,0,0,0,0,0,0,0,13.138998410151602,0.0016666666666666668,3676.5,0,2,0.06
3677.0,6,0,0,0,0,0,0,0,0,13.167658508011483,0.0016666666666666668,3677.0,0,2,0.06
3677.5,6,0,0,0,0,0,0,0,0,13.226911685650036,0.0016666666666666668,3677.5,0,2,0.06
3678.0,6,0,0,0,0,0,0,0,0,13.152657032256746,0.0016666666666666668,3678.0,0,2,0.06
3678.5,6,0,0,0,0,0,0,0,0,12.984135721194434,0.0016666666666666668,3678.5,0,2,0.06
3679.0,5,0,0,0,0,0,0,0,0,13.193910632138294,0.001388888888888889,3679.0,0,2,0.05
3679.5,5,0,0,0,0,0,0,0,0,13.104411873798975,0.001388888888888889,3679.5,0,2,0.05
3680.0,5,0,0,0,0,0,0,0,0,13.128831636847618,0.001388888888888889,3680.0,0,2,0.05
3680.5,5,0,0,0,0,0,0,0,0,13.095925680562079,0.001388888888888889,3680.5,0,2,0.05
3681.0,5,0,0,0,0,0,0,0,0,13.113912284060072,0.001388888888888889,3681.0,0,2,0.05
3681.5,5,0,0,0,0,0,0,0,0,13.269602495327282,0.001388888888888889,3681.5,0,2,0.05
3682.0,5,0,0,0,0,0,0,0,0,13.166399625130154,0.001388888888888889,3682.0,0,2,0.05
3682.5,5,0,0,0,0,0,0,0,0,13.191276971777125,0.001388888888888889,3682.5,0,2,0.05
3683.0,5,0,0,0,0,0,0,0,0,13.139915922871015,0.001388888888888889,3683.0,0,2,0.05
3683.5,5,0,0,0,0,0,0,0,0,13.214431808698148,0.001388888888888889,3683.5,0,2,0.05
3684.0,4,0,0,0,0,0,0,0,0,13.446513113339632,0.0011111111111111111,3684.0,0,2,0.04
3684.5,4,0,0,0,0,0,0,0,0,13.513967344768197,0.0011111111111111111,3684.5,0,2,0.04
3685.0,4,0,0,0,0,0,0,0,0,13.45281170628531,0.0011111111111111111,3685.0,0,2,0.04
3685.5,4,0,0,0,0,0,0,0,0,13.512845739889041,0.0011111111111111111,3685.5,0,2,0.04
3686.0,0,0,0,0,0,0,0,0,0,0.0,0.0,3686.0,0,2,0.0
